datetime_utc,pv_production_pool
2021-09-01 00:00:00,0.0
2021-09-01 01:00:00,0.0
2021-09-01 02:00:00,0.0
2021-09-01 03:00:00,1.896
2021-09-01 04:00:00,42.533
2021-09-01 05:00:00,153.641
2021-09-01 06:00:00,258.787
2021-09-01 07:00:00,378.599
2021-09-01 08:00:00,594.037
2021-09-01 09:00:00,663.1
2021-09-01 10:00:00,610.113
2021-09-01 11:00:00,775.0930000000001
2021-09-01 12:00:00,640.081
2021-09-01 13:00:00,508.115
2021-09-01 14:00:00,313.337
2021-09-01 15:00:00,128.878
2021-09-01 16:00:00,31.124
2021-09-01 17:00:00,0.324
2021-09-01 18:00:00,0.0
2021-09-01 19:00:00,0.0
2021-09-01 20:00:00,0.0
2021-09-01 21:00:00,0.0
2021-09-01 22:00:00,0.0
2021-09-01 23:00:00,0.0
2021-09-02 00:00:00,0.0
2021-09-02 01:00:00,0.0
2021-09-02 02:00:00,0.0
2021-09-02 03:00:00,0.558
2021-09-02 04:00:00,25.665
2021-09-02 05:00:00,138.527
2021-09-02 06:00:00,358.782
2021-09-02 07:00:00,585.432
2021-09-02 08:00:00,639.682
2021-09-02 09:00:00,535.332
2021-09-02 10:00:00,731.22
2021-09-02 11:00:00,757.732
2021-09-02 12:00:00,705.8710000000001
2021-09-02 13:00:00,302.16499999999996
2021-09-02 14:00:00,179.97000000000003
2021-09-02 15:00:00,63.85
2021-09-02 16:00:00,15.704
2021-09-02 17:00:00,0.149
2021-09-02 18:00:00,0.0
2021-09-02 19:00:00,0.0
2021-09-02 20:00:00,0.0
2021-09-02 21:00:00,0.0
2021-09-02 22:00:00,0.0
2021-09-02 23:00:00,0.0
2021-09-03 00:00:00,0.0
2021-09-03 01:00:00,0.0
2021-09-03 02:00:00,0.0
2021-09-03 03:00:00,0.094
2021-09-03 04:00:00,11.46
2021-09-03 05:00:00,57.012
2021-09-03 06:00:00,91.544
2021-09-03 07:00:00,384.067
2021-09-03 08:00:00,782.387
2021-09-03 09:00:00,785.4490000000001
2021-09-03 10:00:00,864.737
2021-09-03 11:00:00,758.9340000000001
2021-09-03 12:00:00,618.403
2021-09-03 13:00:00,518.857
2021-09-03 14:00:00,351.904
2021-09-03 15:00:00,121.112
2021-09-03 16:00:00,21.426
2021-09-03 17:00:00,0.222
2021-09-03 18:00:00,0.001
2021-09-03 19:00:00,0.0
2021-09-03 20:00:00,0.0
2021-09-03 21:00:00,0.0
2021-09-03 22:00:00,0.0
2021-09-03 23:00:00,0.0
2021-09-04 00:00:00,0.0
2021-09-04 01:00:00,0.0
2021-09-04 02:00:00,0.0
2021-09-04 03:00:00,0.5559999999999999
2021-09-04 04:00:00,18.488
2021-09-04 05:00:00,80.902
2021-09-04 06:00:00,283.293
2021-09-04 07:00:00,590.927
2021-09-04 08:00:00,499.507
2021-09-04 09:00:00,778.935
2021-09-04 10:00:00,618.181
2021-09-04 11:00:00,612.846
2021-09-04 12:00:00,629.754
2021-09-04 13:00:00,441.031
2021-09-04 14:00:00,281.776
2021-09-04 15:00:00,130.339
2021-09-04 16:00:00,22.82
2021-09-04 17:00:00,0.214
2021-09-04 18:00:00,0.0
2021-09-04 19:00:00,0.001
2021-09-04 20:00:00,0.0
2021-09-04 21:00:00,0.0
2021-09-04 22:00:00,0.0
2021-09-04 23:00:00,0.0
2021-09-05 00:00:00,0.0
2021-09-05 01:00:00,0.0
2021-09-05 02:00:00,0.0
2021-09-05 03:00:00,0.362
2021-09-05 04:00:00,19.295
2021-09-05 05:00:00,118.142
2021-09-05 06:00:00,280.022
2021-09-05 07:00:00,494.332
2021-09-05 08:00:00,749.1410000000001
2021-09-05 09:00:00,887.251
2021-09-05 10:00:00,918.171
2021-09-05 11:00:00,905.963
2021-09-05 12:00:00,795.592
2021-09-05 13:00:00,554.3199999999999
2021-09-05 14:00:00,309.029
2021-09-05 15:00:00,134.166
2021-09-05 16:00:00,16.237000000000002
2021-09-05 17:00:00,0.117
2021-09-05 18:00:00,0.0
2021-09-05 19:00:00,0.0
2021-09-05 20:00:00,0.0
2021-09-05 21:00:00,0.0
2021-09-05 22:00:00,0.0
2021-09-05 23:00:00,0.0
2021-09-06 00:00:00,0.0
2021-09-06 01:00:00,0.0
2021-09-06 02:00:00,0.0
2021-09-06 03:00:00,0.107
2021-09-06 04:00:00,7.594
2021-09-06 05:00:00,87.516
2021-09-06 06:00:00,314.649
2021-09-06 07:00:00,522.421
2021-09-06 08:00:00,603.716
2021-09-06 09:00:00,682.2539999999999
2021-09-06 10:00:00,579.175
2021-09-06 11:00:00,353.11600000000004
2021-09-06 12:00:00,291.64
2021-09-06 13:00:00,250.212
2021-09-06 14:00:00,153.94
2021-09-06 15:00:00,63.672
2021-09-06 16:00:00,13.571
2021-09-06 17:00:00,0.101
2021-09-06 18:00:00,0.0
2021-09-06 19:00:00,0.0
2021-09-06 20:00:00,0.0
2021-09-06 21:00:00,0.0
2021-09-06 22:00:00,0.0
2021-09-06 23:00:00,0.0
2021-09-07 00:00:00,0.0
2021-09-07 01:00:00,0.0
2021-09-07 02:00:00,0.0
2021-09-07 03:00:00,0.091
2021-09-07 04:00:00,19.979999999999997
2021-09-07 05:00:00,125.504
2021-09-07 06:00:00,283.419
2021-09-07 07:00:00,534.326
2021-09-07 08:00:00,605.897
2021-09-07 09:00:00,586.677
2021-09-07 10:00:00,498.733
2021-09-07 11:00:00,399.9860000000001
2021-09-07 12:00:00,427.641
2021-09-07 13:00:00,411.79
2021-09-07 14:00:00,268.421
2021-09-07 15:00:00,56.821000000000005
2021-09-07 16:00:00,7.333
2021-09-07 17:00:00,0.003
2021-09-07 18:00:00,0.0
2021-09-07 19:00:00,0.0
2021-09-07 20:00:00,0.0
2021-09-07 21:00:00,0.0
2021-09-07 22:00:00,0.0
2021-09-07 23:00:00,0.0
2021-09-08 00:00:00,0.0
2021-09-08 01:00:00,0.0
2021-09-08 02:00:00,0.0
2021-09-08 03:00:00,0.037
2021-09-08 04:00:00,22.454
2021-09-08 05:00:00,71.962
2021-09-08 06:00:00,188.296
2021-09-08 07:00:00,179.16400000000002
2021-09-08 08:00:00,168.768
2021-09-08 09:00:00,160.457
2021-09-08 10:00:00,216.24
2021-09-08 11:00:00,217.207
2021-09-08 12:00:00,181.413
2021-09-08 13:00:00,205.096
2021-09-08 14:00:00,197.683
2021-09-08 15:00:00,91.945
2021-09-08 16:00:00,5.452
2021-09-08 17:00:00,0.0
2021-09-08 18:00:00,0.0
2021-09-08 19:00:00,0.0
2021-09-08 20:00:00,0.0
2021-09-08 21:00:00,0.0
2021-09-08 22:00:00,0.0
2021-09-08 23:00:00,0.0
2021-09-09 00:00:00,0.0
2021-09-09 01:00:00,0.0
2021-09-09 02:00:00,0.0
2021-09-09 03:00:00,0.043
2021-09-09 04:00:00,13.987
2021-09-09 05:00:00,109.051
2021-09-09 06:00:00,301.13
2021-09-09 07:00:00,498.326
2021-09-09 08:00:00,779.399
2021-09-09 09:00:00,819.2860000000001
2021-09-09 10:00:00,768.229
2021-09-09 11:00:00,712.746
2021-09-09 12:00:00,789.698
2021-09-09 13:00:00,594.825
2021-09-09 14:00:00,365.903
2021-09-09 15:00:00,124.299
2021-09-09 16:00:00,11.418
2021-09-09 17:00:00,0.018
2021-09-09 18:00:00,0.0
2021-09-09 19:00:00,0.001
2021-09-09 20:00:00,0.0
2021-09-09 21:00:00,0.0
2021-09-09 22:00:00,0.0
2021-09-09 23:00:00,0.0
2021-09-10 00:00:00,0.0
2021-09-10 01:00:00,0.0
2021-09-10 02:00:00,0.0
2021-09-10 03:00:00,0.008
2021-09-10 04:00:00,7.555
2021-09-10 05:00:00,54.122
2021-09-10 06:00:00,90.124
2021-09-10 07:00:00,119.83
2021-09-10 08:00:00,176.336
2021-09-10 09:00:00,298.76
2021-09-10 10:00:00,413.389
2021-09-10 11:00:00,471.538
2021-09-10 12:00:00,407.19
2021-09-10 13:00:00,256.024
2021-09-10 14:00:00,178.56
2021-09-10 15:00:00,68.253
2021-09-10 16:00:00,9.399
2021-09-10 17:00:00,0.002
2021-09-10 18:00:00,0.0
2021-09-10 19:00:00,0.0
2021-09-10 20:00:00,0.0
2021-09-10 21:00:00,0.0
2021-09-10 22:00:00,0.0
2021-09-10 23:00:00,0.001
2021-09-11 00:00:00,0.0
2021-09-11 01:00:00,0.0
2021-09-11 02:00:00,0.0
2021-09-11 03:00:00,0.003
2021-09-11 04:00:00,5.499
2021-09-11 05:00:00,42.433
2021-09-11 06:00:00,99.272
2021-09-11 07:00:00,148.05100000000002
2021-09-11 08:00:00,251.388
2021-09-11 09:00:00,668.567
2021-09-11 10:00:00,888.068
2021-09-11 11:00:00,856.951
2021-09-11 12:00:00,743.849
2021-09-11 13:00:00,470.471
2021-09-11 14:00:00,127.946
2021-09-11 15:00:00,23.436
2021-09-11 16:00:00,0.759
2021-09-11 17:00:00,0.0
2021-09-11 18:00:00,0.0
2021-09-11 19:00:00,0.0
2021-09-11 20:00:00,0.0
2021-09-11 21:00:00,0.0
2021-09-11 22:00:00,0.0
2021-09-11 23:00:00,0.0
2021-09-12 00:00:00,0.001
2021-09-12 01:00:00,0.0
2021-09-12 02:00:00,0.0
2021-09-12 03:00:00,0.0
2021-09-12 04:00:00,1.003
2021-09-12 05:00:00,20.589
2021-09-12 06:00:00,37.826
2021-09-12 07:00:00,53.912
2021-09-12 08:00:00,94.282
2021-09-12 09:00:00,141.451
2021-09-12 10:00:00,220.475
2021-09-12 11:00:00,229.968
2021-09-12 12:00:00,205.422
2021-09-12 13:00:00,111.006
2021-09-12 14:00:00,38.279
2021-09-12 15:00:00,5.599
2021-09-12 16:00:00,0.326
2021-09-12 17:00:00,0.0
2021-09-12 18:00:00,0.0
2021-09-12 19:00:00,0.0
2021-09-12 20:00:00,0.0
2021-09-12 21:00:00,0.0
2021-09-12 22:00:00,0.0
2021-09-12 23:00:00,0.0
2021-09-13 00:00:00,0.0
2021-09-13 01:00:00,0.0
2021-09-13 02:00:00,0.0
2021-09-13 03:00:00,0.0
2021-09-13 04:00:00,0.8280000000000001
2021-09-13 05:00:00,7.741
2021-09-13 06:00:00,36.723
2021-09-13 07:00:00,114.444
2021-09-13 08:00:00,359.375
2021-09-13 09:00:00,778.445
2021-09-13 10:00:00,826.074
2021-09-13 11:00:00,819.818
2021-09-13 12:00:00,793.668
2021-09-13 13:00:00,526.264
2021-09-13 14:00:00,231.88
2021-09-13 15:00:00,93.289
2021-09-13 16:00:00,5.41
2021-09-13 17:00:00,0.001
2021-09-13 18:00:00,0.0
2021-09-13 19:00:00,0.0
2021-09-13 20:00:00,0.0
2021-09-13 21:00:00,0.0
2021-09-13 22:00:00,0.0
2021-09-13 23:00:00,0.0
2021-09-14 00:00:00,0.0
2021-09-14 01:00:00,0.0
2021-09-14 02:00:00,0.0
2021-09-14 03:00:00,0.0
2021-09-14 04:00:00,7.593
2021-09-14 05:00:00,59.802
2021-09-14 06:00:00,156.928
2021-09-14 07:00:00,267.302
2021-09-14 08:00:00,560.688
2021-09-14 09:00:00,823.048
2021-09-14 10:00:00,853.806
2021-09-14 11:00:00,809.525
2021-09-14 12:00:00,713.283
2021-09-14 13:00:00,507.928
2021-09-14 14:00:00,266.925
2021-09-14 15:00:00,102.5
2021-09-14 16:00:00,8.284
2021-09-14 17:00:00,0.002
2021-09-14 18:00:00,0.0
2021-09-14 19:00:00,0.0
2021-09-14 20:00:00,0.0
2021-09-14 21:00:00,0.0
2021-09-14 22:00:00,0.0
2021-09-14 23:00:00,0.0
2021-09-15 00:00:00,0.0
2021-09-15 01:00:00,0.0
2021-09-15 02:00:00,0.0
2021-09-15 03:00:00,0.0
2021-09-15 04:00:00,5.413
2021-09-15 05:00:00,49.748
2021-09-15 06:00:00,176.08100000000002
2021-09-15 07:00:00,518.847
2021-09-15 08:00:00,706.4399999999999
2021-09-15 09:00:00,871.947
2021-09-15 10:00:00,938.508
2021-09-15 11:00:00,973.794
2021-09-15 12:00:00,858.568
2021-09-15 13:00:00,650.8589999999999
2021-09-15 14:00:00,342.38599999999997
2021-09-15 15:00:00,92.95
2021-09-15 16:00:00,4.273
2021-09-15 17:00:00,0.0
2021-09-15 18:00:00,0.0
2021-09-15 19:00:00,0.0
2021-09-15 20:00:00,0.0
2021-09-15 21:00:00,0.0
2021-09-15 22:00:00,0.0
2021-09-15 23:00:00,0.0
2021-09-16 00:00:00,0.0
2021-09-16 01:00:00,0.0
2021-09-16 02:00:00,0.0
2021-09-16 03:00:00,0.0
2021-09-16 04:00:00,2.856
2021-09-16 05:00:00,34.65
2021-09-16 06:00:00,85.226
2021-09-16 07:00:00,133.498
2021-09-16 08:00:00,180.001
2021-09-16 09:00:00,239.488
2021-09-16 10:00:00,258.42
2021-09-16 11:00:00,309.021
2021-09-16 12:00:00,262.504
2021-09-16 13:00:00,140.596
2021-09-16 14:00:00,71.301
2021-09-16 15:00:00,19.734
2021-09-16 16:00:00,1.139
2021-09-16 17:00:00,0.001
2021-09-16 18:00:00,0.0
2021-09-16 19:00:00,0.0
2021-09-16 20:00:00,0.0
2021-09-16 21:00:00,0.0
2021-09-16 22:00:00,0.0
2021-09-16 23:00:00,0.0
2021-09-17 00:00:00,0.0
2021-09-17 01:00:00,0.0
2021-09-17 02:00:00,0.001
2021-09-17 03:00:00,0.0
2021-09-17 04:00:00,4.648
2021-09-17 05:00:00,94.447
2021-09-17 06:00:00,285.476
2021-09-17 07:00:00,539.198
2021-09-17 08:00:00,762.2149999999999
2021-09-17 09:00:00,922.709
2021-09-17 10:00:00,953.17
2021-09-17 11:00:00,837.906
2021-09-17 12:00:00,685.809
2021-09-17 13:00:00,332.77099999999996
2021-09-17 14:00:00,187.621
2021-09-17 15:00:00,65.381
2021-09-17 16:00:00,1.472
2021-09-17 17:00:00,0.0
2021-09-17 18:00:00,0.0
2021-09-17 19:00:00,0.0
2021-09-17 20:00:00,0.0
2021-09-17 21:00:00,0.0
2021-09-17 22:00:00,0.0
2021-09-17 23:00:00,0.0
2021-09-18 00:00:00,0.0
2021-09-18 01:00:00,0.0
2021-09-18 02:00:00,0.0
2021-09-18 03:00:00,0.0
2021-09-18 04:00:00,5.282
2021-09-18 05:00:00,75.66499999999999
2021-09-18 06:00:00,253.809
2021-09-18 07:00:00,539.697
2021-09-18 08:00:00,784.201
2021-09-18 09:00:00,761.315
2021-09-18 10:00:00,695.3910000000001
2021-09-18 11:00:00,732.381
2021-09-18 12:00:00,781.154
2021-09-18 13:00:00,599.9390000000001
2021-09-18 14:00:00,309.91
2021-09-18 15:00:00,77.951
2021-09-18 16:00:00,3.16
2021-09-18 17:00:00,0.0
2021-09-18 18:00:00,0.0
2021-09-18 19:00:00,0.0
2021-09-18 20:00:00,0.0
2021-09-18 21:00:00,0.0
2021-09-18 22:00:00,0.0
2021-09-18 23:00:00,0.0
2021-09-19 00:00:00,0.0
2021-09-19 01:00:00,0.0
2021-09-19 02:00:00,0.0
2021-09-19 03:00:00,0.0
2021-09-19 04:00:00,5.699999999999999
2021-09-19 05:00:00,86.744
2021-09-19 06:00:00,309.62
2021-09-19 07:00:00,598.074
2021-09-19 08:00:00,813.527
2021-09-19 09:00:00,943.873
2021-09-19 10:00:00,972.824
2021-09-19 11:00:00,941.255
2021-09-19 12:00:00,819.834
2021-09-19 13:00:00,604.234
2021-09-19 14:00:00,303.711
2021-09-19 15:00:00,76.69
2021-09-19 16:00:00,2.5469999999999997
2021-09-19 17:00:00,0.0
2021-09-19 18:00:00,0.0
2021-09-19 19:00:00,0.0
2021-09-19 20:00:00,0.0
2021-09-19 21:00:00,0.0
2021-09-19 22:00:00,0.0
2021-09-19 23:00:00,0.0
2021-09-20 00:00:00,0.0
2021-09-20 01:00:00,0.0
2021-09-20 02:00:00,0.0
2021-09-20 03:00:00,0.0
2021-09-20 04:00:00,4.584
2021-09-20 05:00:00,82.952
2021-09-20 06:00:00,314.092
2021-09-20 07:00:00,616.405
2021-09-20 08:00:00,840.995
2021-09-20 09:00:00,985.684
2021-09-20 10:00:00,1033.691
2021-09-20 11:00:00,973.363
2021-09-20 12:00:00,845.0269999999999
2021-09-20 13:00:00,583.968
2021-09-20 14:00:00,284.37
2021-09-20 15:00:00,95.021
2021-09-20 16:00:00,7.824
2021-09-20 17:00:00,0.0
2021-09-20 18:00:00,0.0
2021-09-20 19:00:00,0.0
2021-09-20 20:00:00,0.0
2021-09-20 21:00:00,0.0
2021-09-20 22:00:00,0.0
2021-09-20 23:00:00,0.0
2021-09-21 00:00:00,0.0
2021-09-21 01:00:00,0.0
2021-09-21 02:00:00,0.0
2021-09-21 03:00:00,0.0
2021-09-21 04:00:00,2.399
2021-09-21 05:00:00,77.243
2021-09-21 06:00:00,265.356
2021-09-21 07:00:00,316.352
2021-09-21 08:00:00,300.031
2021-09-21 09:00:00,336.651
2021-09-21 10:00:00,161.128
2021-09-21 11:00:00,183.924
2021-09-21 12:00:00,203.404
2021-09-21 13:00:00,186.494
2021-09-21 14:00:00,101.836
2021-09-21 15:00:00,32.296
2021-09-21 16:00:00,0.634
2021-09-21 17:00:00,0.0
2021-09-21 18:00:00,0.0
2021-09-21 19:00:00,0.0
2021-09-21 20:00:00,0.0
2021-09-21 21:00:00,0.0
2021-09-21 22:00:00,0.0
2021-09-21 23:00:00,0.0
2021-09-22 00:00:00,0.0
2021-09-22 01:00:00,0.0
2021-09-22 02:00:00,0.0
2021-09-22 03:00:00,0.0
2021-09-22 04:00:00,3.621
2021-09-22 05:00:00,74.586
2021-09-22 06:00:00,297.584
2021-09-22 07:00:00,536.717
2021-09-22 08:00:00,682.9290000000001
2021-09-22 09:00:00,819.513
2021-09-22 10:00:00,829.884
2021-09-22 11:00:00,704.619
2021-09-22 12:00:00,465.192
2021-09-22 13:00:00,277.948
2021-09-22 14:00:00,144.324
2021-09-22 15:00:00,38.511
2021-09-22 16:00:00,1.4209999999999998
2021-09-22 17:00:00,0.0
2021-09-22 18:00:00,0.0
2021-09-22 19:00:00,0.0
2021-09-22 20:00:00,0.001
2021-09-22 21:00:00,0.0
2021-09-22 22:00:00,0.001
2021-09-22 23:00:00,0.0
2021-09-23 00:00:00,0.0
2021-09-23 01:00:00,0.0
2021-09-23 02:00:00,0.0
2021-09-23 03:00:00,0.0
2021-09-23 04:00:00,0.838
2021-09-23 05:00:00,24.557
2021-09-23 06:00:00,43.045
2021-09-23 07:00:00,74.69
2021-09-23 08:00:00,219.039
2021-09-23 09:00:00,185.442
2021-09-23 10:00:00,81.928
2021-09-23 11:00:00,34.326
2021-09-23 12:00:00,20.221
2021-09-23 13:00:00,7.1240000000000006
2021-09-23 14:00:00,0.66
2021-09-23 15:00:00,0.146
2021-09-23 16:00:00,0.001
2021-09-23 17:00:00,0.0
2021-09-23 18:00:00,0.0
2021-09-23 19:00:00,0.0
2021-09-23 20:00:00,0.0
2021-09-23 21:00:00,0.0
2021-09-23 22:00:00,0.0
2021-09-23 23:00:00,0.0
2021-09-24 00:00:00,0.0
2021-09-24 01:00:00,0.0
2021-09-24 02:00:00,0.0
2021-09-24 03:00:00,0.0
2021-09-24 04:00:00,1.263
2021-09-24 05:00:00,54.977
2021-09-24 06:00:00,109.078
2021-09-24 07:00:00,117.133
2021-09-24 08:00:00,228.693
2021-09-24 09:00:00,192.571
2021-09-24 10:00:00,182.103
2021-09-24 11:00:00,166.97
2021-09-24 12:00:00,100.732
2021-09-24 13:00:00,74.289
2021-09-24 14:00:00,37.299
2021-09-24 15:00:00,4.247
2021-09-24 16:00:00,0.008
2021-09-24 17:00:00,0.0
2021-09-24 18:00:00,0.0
2021-09-24 19:00:00,0.0
2021-09-24 20:00:00,0.0
2021-09-24 21:00:00,0.0
2021-09-24 22:00:00,0.0
2021-09-24 23:00:00,0.0
2021-09-25 00:00:00,0.0
2021-09-25 01:00:00,0.0
2021-09-25 02:00:00,0.0
2021-09-25 03:00:00,0.0
2021-09-25 04:00:00,0.788
2021-09-25 05:00:00,33.282
2021-09-25 06:00:00,108.983
2021-09-25 07:00:00,295.816
2021-09-25 08:00:00,412.077
2021-09-25 09:00:00,413.229
2021-09-25 10:00:00,572.892
2021-09-25 11:00:00,584.371
2021-09-25 12:00:00,600.476
2021-09-25 13:00:00,504.162
2021-09-25 14:00:00,244.376
2021-09-25 15:00:00,44.091
2021-09-25 16:00:00,0.327
2021-09-25 17:00:00,0.0
2021-09-25 18:00:00,0.0
2021-09-25 19:00:00,0.0
2021-09-25 20:00:00,0.0
2021-09-25 21:00:00,0.0
2021-09-25 22:00:00,0.0
2021-09-25 23:00:00,0.0
2021-09-26 00:00:00,0.0
2021-09-26 01:00:00,0.0
2021-09-26 02:00:00,0.0
2021-09-26 03:00:00,0.0
2021-09-26 04:00:00,2.0620000000000003
2021-09-26 05:00:00,64.388
2021-09-26 06:00:00,266.409
2021-09-26 07:00:00,522.251
2021-09-26 08:00:00,746.652
2021-09-26 09:00:00,895.882
2021-09-26 10:00:00,927.548
2021-09-26 11:00:00,882.866
2021-09-26 12:00:00,739.266
2021-09-26 13:00:00,501.386
2021-09-26 14:00:00,221.39
2021-09-26 15:00:00,31.121
2021-09-26 16:00:00,0.1169999999999999
2021-09-26 17:00:00,0.0
2021-09-26 18:00:00,0.001
2021-09-26 19:00:00,0.0
2021-09-26 20:00:00,0.0
2021-09-26 21:00:00,0.0
2021-09-26 22:00:00,0.0
2021-09-26 23:00:00,0.0
2021-09-27 00:00:00,0.0
2021-09-27 01:00:00,0.0
2021-09-27 02:00:00,0.0
2021-09-27 03:00:00,0.0
2021-09-27 04:00:00,1.817
2021-09-27 05:00:00,62.933
2021-09-27 06:00:00,268.98
2021-09-27 07:00:00,538.785
2021-09-27 08:00:00,751.419
2021-09-27 09:00:00,885.7729999999999
2021-09-27 10:00:00,895.07
2021-09-27 11:00:00,861.326
2021-09-27 12:00:00,756.021
2021-09-27 13:00:00,517.672
2021-09-27 14:00:00,224.47
2021-09-27 15:00:00,35.083
2021-09-27 16:00:00,0.094
2021-09-27 17:00:00,0.0
2021-09-27 18:00:00,0.0
2021-09-27 19:00:00,0.0
2021-09-27 20:00:00,0.0
2021-09-27 21:00:00,0.0
2021-09-27 22:00:00,0.0
2021-09-27 23:00:00,0.0
2021-09-28 00:00:00,0.0
2021-09-28 01:00:00,0.0
2021-09-28 02:00:00,0.0
2021-09-28 03:00:00,0.0
2021-09-28 04:00:00,0.238
2021-09-28 05:00:00,24.851
2021-09-28 06:00:00,195.983
2021-09-28 07:00:00,491.543
2021-09-28 08:00:00,753.7080000000001
2021-09-28 09:00:00,868.529
2021-09-28 10:00:00,913.207
2021-09-28 11:00:00,883.169
2021-09-28 12:00:00,738.763
2021-09-28 13:00:00,498.953
2021-09-28 14:00:00,211.109
2021-09-28 15:00:00,29.611
2021-09-28 16:00:00,0.018
2021-09-28 17:00:00,0.0
2021-09-28 18:00:00,0.0
2021-09-28 19:00:00,0.0
2021-09-28 20:00:00,0.0
2021-09-28 21:00:00,0.0
2021-09-28 22:00:00,0.0
2021-09-28 23:00:00,0.0
2021-09-29 00:00:00,0.0
2021-09-29 01:00:00,0.0
2021-09-29 02:00:00,0.0
2021-09-29 03:00:00,0.0
2021-09-29 04:00:00,0.258
2021-09-29 05:00:00,13.09
2021-09-29 06:00:00,61.526
2021-09-29 07:00:00,119.104
2021-09-29 08:00:00,129.987
2021-09-29 09:00:00,129.776
2021-09-29 10:00:00,149.271
2021-09-29 11:00:00,177.19500000000002
2021-09-29 12:00:00,199.629
2021-09-29 13:00:00,254.617
2021-09-29 14:00:00,84.908
2021-09-29 15:00:00,4.073
2021-09-29 16:00:00,0.0
2021-09-29 17:00:00,0.0
2021-09-29 18:00:00,0.0
2021-09-29 19:00:00,0.001
2021-09-29 20:00:00,0.0
2021-09-29 21:00:00,0.0
2021-09-29 22:00:00,0.0
2021-09-29 23:00:00,0.0
2021-09-30 00:00:00,0.0
2021-09-30 01:00:00,0.0
2021-09-30 02:00:00,0.0
2021-09-30 03:00:00,0.0
2021-09-30 04:00:00,0.053
2021-09-30 05:00:00,9.447
2021-09-30 06:00:00,42.273
2021-09-30 07:00:00,56.123
2021-09-30 08:00:00,95.977
2021-09-30 09:00:00,164.092
2021-09-30 10:00:00,187.655
2021-09-30 11:00:00,141.736
2021-09-30 12:00:00,121.512
2021-09-30 13:00:00,34.708
2021-09-30 14:00:00,7.324
2021-09-30 15:00:00,0.335
2021-09-30 16:00:00,0.0
2021-09-30 17:00:00,0.0
2021-09-30 18:00:00,0.0
2021-09-30 19:00:00,0.0
2021-09-30 20:00:00,0.0
2021-09-30 21:00:00,0.0
2021-09-30 22:00:00,0.0
2021-09-30 23:00:00,0.0
2021-10-01 00:00:00,0.0
2021-10-01 01:00:00,0.0
2021-10-01 02:00:00,0.0
2021-10-01 03:00:00,0.0
2021-10-01 04:00:00,0.016
2021-10-01 05:00:00,5.846
2021-10-01 06:00:00,28.036
2021-10-01 07:00:00,48.113
2021-10-01 08:00:00,81.27600000000001
2021-10-01 09:00:00,110.473
2021-10-01 10:00:00,164.302
2021-10-01 11:00:00,197.603
2021-10-01 12:00:00,193.347
2021-10-01 13:00:00,184.687
2021-10-01 14:00:00,86.318
2021-10-01 15:00:00,8.309000000000001
2021-10-01 16:00:00,0.0
2021-10-01 17:00:00,0.0
2021-10-01 18:00:00,0.0
2021-10-01 19:00:00,0.0
2021-10-01 20:00:00,0.0
2021-10-01 21:00:00,0.0
2021-10-01 22:00:00,0.0
2021-10-01 23:00:00,0.0
2021-10-02 00:00:00,0.0
2021-10-02 01:00:00,0.0
2021-10-02 02:00:00,0.0
2021-10-02 03:00:00,0.0
2021-10-02 04:00:00,0.133
2021-10-02 05:00:00,17.816
2021-10-02 06:00:00,118.789
2021-10-02 07:00:00,212.996
2021-10-02 08:00:00,405.21
2021-10-02 09:00:00,502.938
2021-10-02 10:00:00,746.529
2021-10-02 11:00:00,656.0039999999999
2021-10-02 12:00:00,573.831
2021-10-02 13:00:00,404.683
2021-10-02 14:00:00,148.984
2021-10-02 15:00:00,13.503
2021-10-02 16:00:00,0.002
2021-10-02 17:00:00,0.0
2021-10-02 18:00:00,0.001
2021-10-02 19:00:00,0.0
2021-10-02 20:00:00,0.0
2021-10-02 21:00:00,0.0
2021-10-02 22:00:00,0.0
2021-10-02 23:00:00,0.0
2021-10-03 00:00:00,0.0
2021-10-03 01:00:00,0.0
2021-10-03 02:00:00,0.0
2021-10-03 03:00:00,0.0
2021-10-03 04:00:00,0.474
2021-10-03 05:00:00,11.362
2021-10-03 06:00:00,67.847
2021-10-03 07:00:00,98.767
2021-10-03 08:00:00,241.727
2021-10-03 09:00:00,259.902
2021-10-03 10:00:00,363.165
2021-10-03 11:00:00,429.899
2021-10-03 12:00:00,325.547
2021-10-03 13:00:00,185.992
2021-10-03 14:00:00,66.63900000000001
2021-10-03 15:00:00,4.106
2021-10-03 16:00:00,0.0
2021-10-03 17:00:00,0.0
2021-10-03 18:00:00,0.0
2021-10-03 19:00:00,0.0
2021-10-03 20:00:00,0.0
2021-10-03 21:00:00,0.0
2021-10-03 22:00:00,0.0
2021-10-03 23:00:00,0.0
2021-10-04 00:00:00,0.0
2021-10-04 01:00:00,0.0
2021-10-04 02:00:00,0.0
2021-10-04 03:00:00,0.0
2021-10-04 04:00:00,0.434
2021-10-04 05:00:00,20.58
2021-10-04 06:00:00,59.244
2021-10-04 07:00:00,105.362
2021-10-04 08:00:00,142.42000000000002
2021-10-04 09:00:00,197.019
2021-10-04 10:00:00,249.625
2021-10-04 11:00:00,201.1
2021-10-04 12:00:00,127.41400000000002
2021-10-04 13:00:00,73.935
2021-10-04 14:00:00,22.417
2021-10-04 15:00:00,2.924
2021-10-04 16:00:00,0.0
2021-10-04 17:00:00,0.0
2021-10-04 18:00:00,0.0
2021-10-04 19:00:00,0.0
2021-10-04 20:00:00,0.0
2021-10-04 21:00:00,0.0
2021-10-04 22:00:00,0.0
2021-10-04 23:00:00,0.0
2021-10-05 00:00:00,0.0
2021-10-05 01:00:00,0.001
2021-10-05 02:00:00,0.0
2021-10-05 03:00:00,0.0
2021-10-05 04:00:00,0.0
2021-10-05 05:00:00,0.0679999999999999
2021-10-05 06:00:00,0.909
2021-10-05 07:00:00,7.417999999999999
2021-10-05 08:00:00,28.922
2021-10-05 09:00:00,97.066
2021-10-05 10:00:00,119.69
2021-10-05 11:00:00,150.119
2021-10-05 12:00:00,126.549
2021-10-05 13:00:00,59.952000000000005
2021-10-05 14:00:00,17.301000000000002
2021-10-05 15:00:00,0.786
2021-10-05 16:00:00,0.001
2021-10-05 17:00:00,0.0
2021-10-05 18:00:00,0.0
2021-10-05 19:00:00,0.0
2021-10-05 20:00:00,0.0
2021-10-05 21:00:00,0.0
2021-10-05 22:00:00,0.0
2021-10-05 23:00:00,0.0
2021-10-06 00:00:00,0.0
2021-10-06 01:00:00,0.0
2021-10-06 02:00:00,0.0
2021-10-06 03:00:00,0.0
2021-10-06 04:00:00,0.033
2021-10-06 05:00:00,28.534
2021-10-06 06:00:00,143.122
2021-10-06 07:00:00,227.141
2021-10-06 08:00:00,248.998
2021-10-06 09:00:00,247.561
2021-10-06 10:00:00,306.448
2021-10-06 11:00:00,371.535
2021-10-06 12:00:00,166.129
2021-10-06 13:00:00,45.456
2021-10-06 14:00:00,10.77
2021-10-06 15:00:00,0.336
2021-10-06 16:00:00,0.0
2021-10-06 17:00:00,0.0
2021-10-06 18:00:00,0.0
2021-10-06 19:00:00,0.0
2021-10-06 20:00:00,0.0
2021-10-06 21:00:00,0.0
2021-10-06 22:00:00,0.0
2021-10-06 23:00:00,0.0
2021-10-07 00:00:00,0.0
2021-10-07 01:00:00,0.0
2021-10-07 02:00:00,0.0
2021-10-07 03:00:00,0.0
2021-10-07 04:00:00,0.035
2021-10-07 05:00:00,6.715
2021-10-07 06:00:00,80.545
2021-10-07 07:00:00,228.135
2021-10-07 08:00:00,229.903
2021-10-07 09:00:00,124.055
2021-10-07 10:00:00,143.802
2021-10-07 11:00:00,102.067
2021-10-07 12:00:00,65.902
2021-10-07 13:00:00,61.847
2021-10-07 14:00:00,14.79
2021-10-07 15:00:00,0.831
2021-10-07 16:00:00,0.0
2021-10-07 17:00:00,0.0
2021-10-07 18:00:00,0.0
2021-10-07 19:00:00,0.0
2021-10-07 20:00:00,0.0
2021-10-07 21:00:00,0.0
2021-10-07 22:00:00,0.0
2021-10-07 23:00:00,0.0
2021-10-08 00:00:00,0.0
2021-10-08 01:00:00,0.0
2021-10-08 02:00:00,0.0
2021-10-08 03:00:00,0.0
2021-10-08 04:00:00,0.0539999999999999
2021-10-08 05:00:00,24.156
2021-10-08 06:00:00,169.901
2021-10-08 07:00:00,405.738
2021-10-08 08:00:00,629.695
2021-10-08 09:00:00,752.3700000000001
2021-10-08 10:00:00,759.009
2021-10-08 11:00:00,751.981
2021-10-08 12:00:00,568.095
2021-10-08 13:00:00,331.196
2021-10-08 14:00:00,91.782
2021-10-08 15:00:00,4.48
2021-10-08 16:00:00,0.0
2021-10-08 17:00:00,0.0
2021-10-08 18:00:00,0.0
2021-10-08 19:00:00,0.0
2021-10-08 20:00:00,0.0
2021-10-08 21:00:00,0.0
2021-10-08 22:00:00,0.0
2021-10-08 23:00:00,0.0
2021-10-09 00:00:00,0.0
2021-10-09 01:00:00,0.0
2021-10-09 02:00:00,0.0
2021-10-09 03:00:00,0.0
2021-10-09 04:00:00,0.0
2021-10-09 05:00:00,3.763
2021-10-09 06:00:00,31.744
2021-10-09 07:00:00,73.332
2021-10-09 08:00:00,160.764
2021-10-09 09:00:00,205.859
2021-10-09 10:00:00,256.445
2021-10-09 11:00:00,320.28599999999994
2021-10-09 12:00:00,318.264
2021-10-09 13:00:00,124.252
2021-10-09 14:00:00,30.217
2021-10-09 15:00:00,1.079
2021-10-09 16:00:00,0.0
2021-10-09 17:00:00,0.001
2021-10-09 18:00:00,0.0
2021-10-09 19:00:00,0.0
2021-10-09 20:00:00,0.0
2021-10-09 21:00:00,0.0
2021-10-09 22:00:00,0.0
2021-10-09 23:00:00,0.0
2021-10-10 00:00:00,0.0
2021-10-10 01:00:00,0.0
2021-10-10 02:00:00,0.0
2021-10-10 03:00:00,0.0
2021-10-10 04:00:00,0.023
2021-10-10 05:00:00,4.174
2021-10-10 06:00:00,58.07599999999999
2021-10-10 07:00:00,189.693
2021-10-10 08:00:00,402.405
2021-10-10 09:00:00,474.436
2021-10-10 10:00:00,600.812
2021-10-10 11:00:00,734.4939999999999
2021-10-10 12:00:00,500.07
2021-10-10 13:00:00,186.477
2021-10-10 14:00:00,43.861
2021-10-10 15:00:00,2.866
2021-10-10 16:00:00,0.0
2021-10-10 17:00:00,0.0
2021-10-10 18:00:00,0.0
2021-10-10 19:00:00,0.0
2021-10-10 20:00:00,0.0
2021-10-10 21:00:00,0.001
2021-10-10 22:00:00,0.0
2021-10-10 23:00:00,0.0
2021-10-11 00:00:00,0.0
2021-10-11 01:00:00,0.0
2021-10-11 02:00:00,0.0
2021-10-11 03:00:00,0.0
2021-10-11 04:00:00,0.486
2021-10-11 05:00:00,40.857
2021-10-11 06:00:00,165.93800000000002
2021-10-11 07:00:00,179.627
2021-10-11 08:00:00,179.90300000000002
2021-10-11 09:00:00,287.78999999999996
2021-10-11 10:00:00,365.043
2021-10-11 11:00:00,368.625
2021-10-11 12:00:00,96.135
2021-10-11 13:00:00,15.356
2021-10-11 14:00:00,4.71
2021-10-11 15:00:00,0.346
2021-10-11 16:00:00,0.0
2021-10-11 17:00:00,0.0
2021-10-11 18:00:00,0.0
2021-10-11 19:00:00,0.0
2021-10-11 20:00:00,0.001
2021-10-11 21:00:00,0.0
2021-10-11 22:00:00,0.0
2021-10-11 23:00:00,0.0
2021-10-12 00:00:00,0.0
2021-10-12 01:00:00,0.0
2021-10-12 02:00:00,0.0
2021-10-12 03:00:00,0.0
2021-10-12 04:00:00,0.009
2021-10-12 05:00:00,12.234
2021-10-12 06:00:00,149.664
2021-10-12 07:00:00,260.376
2021-10-12 08:00:00,368.967
2021-10-12 09:00:00,428.048
2021-10-12 10:00:00,450.97
2021-10-12 11:00:00,497.2999999999999
2021-10-12 12:00:00,309.77700000000004
2021-10-12 13:00:00,138.038
2021-10-12 14:00:00,21.357999999999997
2021-10-12 15:00:00,0.875
2021-10-12 16:00:00,0.0
2021-10-12 17:00:00,0.0
2021-10-12 18:00:00,0.001
2021-10-12 19:00:00,0.0
2021-10-12 20:00:00,0.0
2021-10-12 21:00:00,0.0
2021-10-12 22:00:00,0.0
2021-10-12 23:00:00,0.0
2021-10-13 00:00:00,0.0
2021-10-13 01:00:00,0.0
2021-10-13 02:00:00,0.0
2021-10-13 03:00:00,0.0
2021-10-13 04:00:00,0.007
2021-10-13 05:00:00,13.718
2021-10-13 06:00:00,99.065
2021-10-13 07:00:00,265.568
2021-10-13 08:00:00,425.574
2021-10-13 09:00:00,448.631
2021-10-13 10:00:00,542.578
2021-10-13 11:00:00,433.646
2021-10-13 12:00:00,249.727
2021-10-13 13:00:00,141.427
2021-10-13 14:00:00,32.749
2021-10-13 15:00:00,0.663
2021-10-13 16:00:00,0.0
2021-10-13 17:00:00,0.0
2021-10-13 18:00:00,0.0
2021-10-13 19:00:00,0.0
2021-10-13 20:00:00,0.0
2021-10-13 21:00:00,0.0
2021-10-13 22:00:00,0.0
2021-10-13 23:00:00,0.0
2021-10-14 00:00:00,0.0
2021-10-14 01:00:00,0.0
2021-10-14 02:00:00,0.0
2021-10-14 03:00:00,0.0
2021-10-14 04:00:00,0.0
2021-10-14 05:00:00,9.77
2021-10-14 06:00:00,97.622
2021-10-14 07:00:00,206.957
2021-10-14 08:00:00,472.528
2021-10-14 09:00:00,654.838
2021-10-14 10:00:00,666.391
2021-10-14 11:00:00,567.946
2021-10-14 12:00:00,283.489
2021-10-14 13:00:00,101.596
2021-10-14 14:00:00,16.365000000000002
2021-10-14 15:00:00,0.1
2021-10-14 16:00:00,0.0
2021-10-14 17:00:00,0.0
2021-10-14 18:00:00,0.0
2021-10-14 19:00:00,0.0
2021-10-14 20:00:00,0.0
2021-10-14 21:00:00,0.0
2021-10-14 22:00:00,0.0
2021-10-14 23:00:00,0.0
2021-10-15 00:00:00,0.0
2021-10-15 01:00:00,0.0
2021-10-15 02:00:00,0.0
2021-10-15 03:00:00,0.0
2021-10-15 04:00:00,0.0
2021-10-15 05:00:00,1.915
2021-10-15 06:00:00,14.401
2021-10-15 07:00:00,48.27
2021-10-15 08:00:00,49.647
2021-10-15 09:00:00,36.633
2021-10-15 10:00:00,40.577
2021-10-15 11:00:00,28.349
2021-10-15 12:00:00,19.034
2021-10-15 13:00:00,7.210999999999999
2021-10-15 14:00:00,4.087
2021-10-15 15:00:00,0.463
2021-10-15 16:00:00,0.001
2021-10-15 17:00:00,0.0
2021-10-15 18:00:00,0.001
2021-10-15 19:00:00,0.0
2021-10-15 20:00:00,0.0
2021-10-15 21:00:00,0.0
2021-10-15 22:00:00,0.0
2021-10-15 23:00:00,0.0
2021-10-16 00:00:00,0.0
2021-10-16 01:00:00,0.0
2021-10-16 02:00:00,0.0
2021-10-16 03:00:00,0.0
2021-10-16 04:00:00,0.0
2021-10-16 05:00:00,10.675
2021-10-16 06:00:00,124.498
2021-10-16 07:00:00,181.838
2021-10-16 08:00:00,171.74200000000002
2021-10-16 09:00:00,164.584
2021-10-16 10:00:00,202.476
2021-10-16 11:00:00,278.752
2021-10-16 12:00:00,266.198
2021-10-16 13:00:00,140.357
2021-10-16 14:00:00,26.451
2021-10-16 15:00:00,0.033
2021-10-16 16:00:00,0.0
2021-10-16 17:00:00,0.0
2021-10-16 18:00:00,0.0
2021-10-16 19:00:00,0.0
2021-10-16 20:00:00,0.0
2021-10-16 21:00:00,0.001
2021-10-16 22:00:00,0.0
2021-10-16 23:00:00,0.0
2021-10-17 00:00:00,0.0
2021-10-17 01:00:00,0.0
2021-10-17 02:00:00,0.0
2021-10-17 03:00:00,0.302
2021-10-17 04:00:00,1.692
2021-10-17 05:00:00,3.353
2021-10-17 06:00:00,31.783
2021-10-17 07:00:00,57.041
2021-10-17 08:00:00,141.792
2021-10-17 09:00:00,246.733
2021-10-17 10:00:00,420.724
2021-10-17 11:00:00,566.732
2021-10-17 12:00:00,456.653
2021-10-17 13:00:00,261.962
2021-10-17 14:00:00,55.457
2021-10-17 15:00:00,0.445
2021-10-17 16:00:00,0.0
2021-10-17 17:00:00,0.0
2021-10-17 18:00:00,0.0
2021-10-17 19:00:00,0.0
2021-10-17 20:00:00,0.0
2021-10-17 21:00:00,0.0
2021-10-17 22:00:00,0.0
2021-10-17 23:00:00,0.0
2021-10-18 00:00:00,0.0
2021-10-18 01:00:00,0.0
2021-10-18 02:00:00,0.0
2021-10-18 03:00:00,0.0
2021-10-18 04:00:00,0.0
2021-10-18 05:00:00,7.043
2021-10-18 06:00:00,93.835
2021-10-18 07:00:00,274.048
2021-10-18 08:00:00,417.494
2021-10-18 09:00:00,422.099
2021-10-18 10:00:00,496.705
2021-10-18 11:00:00,346.59400000000005
2021-10-18 12:00:00,235.037
2021-10-18 13:00:00,71.711
2021-10-18 14:00:00,17.329
2021-10-18 15:00:00,0.38
2021-10-18 16:00:00,0.0
2021-10-18 17:00:00,0.0
2021-10-18 18:00:00,0.0
2021-10-18 19:00:00,0.0
2021-10-18 20:00:00,0.0
2021-10-18 21:00:00,0.0
2021-10-18 22:00:00,0.0
2021-10-18 23:00:00,0.0
2021-10-19 00:00:00,0.0
2021-10-19 01:00:00,0.0
2021-10-19 02:00:00,0.0
2021-10-19 03:00:00,0.0
2021-10-19 04:00:00,0.0
2021-10-19 05:00:00,6.728999999999999
2021-10-19 06:00:00,112.749
2021-10-19 07:00:00,282.453
2021-10-19 08:00:00,411.974
2021-10-19 09:00:00,518.72
2021-10-19 10:00:00,609.751
2021-10-19 11:00:00,230.9
2021-10-19 12:00:00,109.994
2021-10-19 13:00:00,22.935
2021-10-19 14:00:00,2.934
2021-10-19 15:00:00,0.008
2021-10-19 16:00:00,0.0
2021-10-19 17:00:00,0.0
2021-10-19 18:00:00,0.001
2021-10-19 19:00:00,0.0
2021-10-19 20:00:00,0.0
2021-10-19 21:00:00,0.0
2021-10-19 22:00:00,0.0
2021-10-19 23:00:00,0.0
2021-10-20 00:00:00,0.0
2021-10-20 01:00:00,0.0
2021-10-20 02:00:00,0.0
2021-10-20 03:00:00,0.0
2021-10-20 04:00:00,0.0
2021-10-20 05:00:00,0.039
2021-10-20 06:00:00,1.2970000000000002
2021-10-20 07:00:00,4.811999999999999
2021-10-20 08:00:00,16.669999999999998
2021-10-20 09:00:00,18.85
2021-10-20 10:00:00,15.086
2021-10-20 11:00:00,14.908
2021-10-20 12:00:00,7.863
2021-10-20 13:00:00,1.749
2021-10-20 14:00:00,0.251
2021-10-20 15:00:00,0.001
2021-10-20 16:00:00,0.0
2021-10-20 17:00:00,0.0
2021-10-20 18:00:00,0.0
2021-10-20 19:00:00,0.0
2021-10-20 20:00:00,0.0
2021-10-20 21:00:00,0.0
2021-10-20 22:00:00,0.0
2021-10-20 23:00:00,0.0
2021-10-21 00:00:00,0.0
2021-10-21 01:00:00,0.0
2021-10-21 02:00:00,0.0
2021-10-21 03:00:00,0.0
2021-10-21 04:00:00,0.0
2021-10-21 05:00:00,0.423
2021-10-21 06:00:00,16.12
2021-10-21 07:00:00,40.25
2021-10-21 08:00:00,56.217
2021-10-21 09:00:00,116.252
2021-10-21 10:00:00,113.379
2021-10-21 11:00:00,66.543
2021-10-21 12:00:00,10.428
2021-10-21 13:00:00,0.8109999999999999
2021-10-21 14:00:00,1.919
2021-10-21 15:00:00,0.001
2021-10-21 16:00:00,0.0
2021-10-21 17:00:00,0.0
2021-10-21 18:00:00,0.0
2021-10-21 19:00:00,0.0
2021-10-21 20:00:00,0.0
2021-10-21 21:00:00,0.0
2021-10-21 22:00:00,0.0
2021-10-21 23:00:00,0.0
2021-10-22 00:00:00,0.0
2021-10-22 01:00:00,0.0
2021-10-22 02:00:00,0.0
2021-10-22 03:00:00,0.0
2021-10-22 04:00:00,0.0
2021-10-22 05:00:00,3.2159999999999997
2021-10-22 06:00:00,84.533
2021-10-22 07:00:00,242.825
2021-10-22 08:00:00,438.915
2021-10-22 09:00:00,500.914
2021-10-22 10:00:00,540.918
2021-10-22 11:00:00,491.049
2021-10-22 12:00:00,355.746
2021-10-22 13:00:00,171.289
2021-10-22 14:00:00,23.282
2021-10-22 15:00:00,0.02
2021-10-22 16:00:00,0.0
2021-10-22 17:00:00,0.0
2021-10-22 18:00:00,0.0
2021-10-22 19:00:00,0.0
2021-10-22 20:00:00,0.0
2021-10-22 21:00:00,0.0
2021-10-22 22:00:00,0.0
2021-10-22 23:00:00,0.0
2021-10-23 00:00:00,0.0
2021-10-23 01:00:00,0.0
2021-10-23 02:00:00,0.0
2021-10-23 03:00:00,0.0
2021-10-23 04:00:00,0.001
2021-10-23 05:00:00,0.252
2021-10-23 06:00:00,12.563
2021-10-23 07:00:00,92.681
2021-10-23 08:00:00,143.892
2021-10-23 09:00:00,125.462
2021-10-23 10:00:00,333.606
2021-10-23 11:00:00,257.38
2021-10-23 12:00:00,171.375
2021-10-23 13:00:00,66.169
2021-10-23 14:00:00,7.258000000000001
2021-10-23 15:00:00,0.004
2021-10-23 16:00:00,0.0
2021-10-23 17:00:00,0.001
2021-10-23 18:00:00,0.0
2021-10-23 19:00:00,0.0
2021-10-23 20:00:00,0.0
2021-10-23 21:00:00,0.0
2021-10-23 22:00:00,0.0
2021-10-23 23:00:00,0.0
2021-10-24 00:00:00,0.0
2021-10-24 01:00:00,0.0
2021-10-24 02:00:00,0.0
2021-10-24 03:00:00,0.0
2021-10-24 04:00:00,0.0
2021-10-24 05:00:00,2.609
2021-10-24 06:00:00,28.8
2021-10-24 07:00:00,101.463
2021-10-24 08:00:00,170.21200000000002
2021-10-24 09:00:00,142.637
2021-10-24 10:00:00,175.76000000000002
2021-10-24 11:00:00,186.396
2021-10-24 12:00:00,96.058
2021-10-24 13:00:00,26.753
2021-10-24 14:00:00,3.995
2021-10-24 15:00:00,0.005
2021-10-24 16:00:00,0.0
2021-10-24 17:00:00,0.0
2021-10-24 18:00:00,0.0
2021-10-24 19:00:00,0.0
2021-10-24 20:00:00,0.0
2021-10-24 21:00:00,0.0
2021-10-24 22:00:00,0.0
2021-10-24 23:00:00,0.0
2021-10-25 00:00:00,0.0
2021-10-25 01:00:00,0.0
2021-10-25 02:00:00,0.0
2021-10-25 03:00:00,0.0
2021-10-25 04:00:00,0.0
2021-10-25 05:00:00,0.081
2021-10-25 06:00:00,2.206
2021-10-25 07:00:00,12.3
2021-10-25 08:00:00,60.44
2021-10-25 09:00:00,111.666
2021-10-25 10:00:00,293.666
2021-10-25 11:00:00,344.69399999999996
2021-10-25 12:00:00,235.44
2021-10-25 13:00:00,49.055
2021-10-25 14:00:00,1.138
2021-10-25 15:00:00,0.0
2021-10-25 16:00:00,0.0
2021-10-25 17:00:00,0.0
2021-10-25 18:00:00,0.0
2021-10-25 19:00:00,0.0
2021-10-25 20:00:00,0.0
2021-10-25 21:00:00,0.0
2021-10-25 22:00:00,0.0
2021-10-25 23:00:00,0.0
2021-10-26 00:00:00,0.0
2021-10-26 01:00:00,0.0
2021-10-26 02:00:00,0.0
2021-10-26 03:00:00,0.0
2021-10-26 04:00:00,0.0
2021-10-26 05:00:00,0.053
2021-10-26 06:00:00,6.765
2021-10-26 07:00:00,29.033
2021-10-26 08:00:00,36.673
2021-10-26 09:00:00,62.312
2021-10-26 10:00:00,62.325
2021-10-26 11:00:00,41.053
2021-10-26 12:00:00,15.437
2021-10-26 13:00:00,2.728
2021-10-26 14:00:00,0.0849999999999999
2021-10-26 15:00:00,0.0
2021-10-26 16:00:00,0.0
2021-10-26 17:00:00,0.0
2021-10-26 18:00:00,0.0
2021-10-26 19:00:00,0.0
2021-10-26 20:00:00,0.0
2021-10-26 21:00:00,0.0
2021-10-26 22:00:00,0.0
2021-10-26 23:00:00,0.0
2021-10-27 00:00:00,0.0
2021-10-27 01:00:00,0.0
2021-10-27 02:00:00,0.0
2021-10-27 03:00:00,0.0
2021-10-27 04:00:00,0.0
2021-10-27 05:00:00,1.108
2021-10-27 06:00:00,66.685
2021-10-27 07:00:00,146.249
2021-10-27 08:00:00,70.69
2021-10-27 09:00:00,63.384
2021-10-27 10:00:00,43.618
2021-10-27 11:00:00,14.863
2021-10-27 12:00:00,2.314
2021-10-27 13:00:00,0.358
2021-10-27 14:00:00,0.003
2021-10-27 15:00:00,0.0
2021-10-27 16:00:00,0.0
2021-10-27 17:00:00,0.0
2021-10-27 18:00:00,0.0
2021-10-27 19:00:00,0.0
2021-10-27 20:00:00,0.0
2021-10-27 21:00:00,0.0
2021-10-27 22:00:00,0.0
2021-10-27 23:00:00,0.0
2021-10-28 00:00:00,0.0
2021-10-28 01:00:00,0.0
2021-10-28 02:00:00,0.0
2021-10-28 03:00:00,0.0
2021-10-28 04:00:00,0.0
2021-10-28 05:00:00,0.618
2021-10-28 06:00:00,16.157
2021-10-28 07:00:00,28.68
2021-10-28 08:00:00,39.814
2021-10-28 09:00:00,64.19800000000001
2021-10-28 10:00:00,48.949
2021-10-28 11:00:00,43.955
2021-10-28 12:00:00,15.347
2021-10-28 13:00:00,4.087
2021-10-28 14:00:00,0.191
2021-10-28 15:00:00,0.0
2021-10-28 16:00:00,0.0
2021-10-28 17:00:00,0.0
2021-10-28 18:00:00,0.001
2021-10-28 19:00:00,0.0
2021-10-28 20:00:00,0.0
2021-10-28 21:00:00,0.0
2021-10-28 22:00:00,0.0
2021-10-28 23:00:00,0.0
2021-10-29 00:00:00,0.0
2021-10-29 01:00:00,0.0
2021-10-29 02:00:00,0.0
2021-10-29 03:00:00,0.0
2021-10-29 04:00:00,0.0
2021-10-29 05:00:00,0.306
2021-10-29 06:00:00,20.34
2021-10-29 07:00:00,72.465
2021-10-29 08:00:00,129.27
2021-10-29 09:00:00,336.66
2021-10-29 10:00:00,505.072
2021-10-29 11:00:00,477.665
2021-10-29 12:00:00,336.598
2021-10-29 13:00:00,129.353
2021-10-29 14:00:00,8.651
2021-10-29 15:00:00,0.0
2021-10-29 16:00:00,0.0
2021-10-29 17:00:00,0.0
2021-10-29 18:00:00,0.0
2021-10-29 19:00:00,0.0
2021-10-29 20:00:00,0.0
2021-10-29 21:00:00,0.0
2021-10-29 22:00:00,0.0
2021-10-29 23:00:00,0.0
2021-10-30 00:00:00,0.0
2021-10-30 01:00:00,0.0
2021-10-30 02:00:00,0.0
2021-10-30 03:00:00,0.0
2021-10-30 04:00:00,0.0
2021-10-30 05:00:00,0.1169999999999999
2021-10-30 06:00:00,25.187
2021-10-30 07:00:00,184.706
2021-10-30 08:00:00,391.327
2021-10-30 09:00:00,536.307
2021-10-30 10:00:00,571.634
2021-10-30 11:00:00,452.712
2021-10-30 12:00:00,134.517
2021-10-30 13:00:00,33.878
2021-10-30 14:00:00,5.787
2021-10-30 15:00:00,0.001
2021-10-30 16:00:00,0.0
2021-10-30 17:00:00,0.0
2021-10-30 18:00:00,0.0
2021-10-30 19:00:00,0.0
2021-10-30 20:00:00,0.0
2021-10-30 21:00:00,0.0
2021-10-30 22:00:00,0.0
2021-10-30 23:00:00,0.0
2021-10-31 00:00:00,0.0
2021-10-31 01:00:00,0.0
2021-10-31 02:00:00,0.0
2021-10-31 03:00:00,0.001
2021-10-31 04:00:00,0.001
2021-10-31 05:00:00,1.935
2021-10-31 06:00:00,43.068000000000005
2021-10-31 07:00:00,92.837
2021-10-31 08:00:00,326.11499999999995
2021-10-31 09:00:00,398.197
2021-10-31 10:00:00,306.733
2021-10-31 11:00:00,352.363
2021-10-31 12:00:00,196.942
2021-10-31 13:00:00,29.332
2021-10-31 14:00:00,0.879
2021-10-31 15:00:00,0.0
2021-10-31 16:00:00,0.0
2021-10-31 17:00:00,0.0
2021-10-31 18:00:00,0.0
2021-10-31 19:00:00,0.0
2021-10-31 20:00:00,0.0
2021-10-31 21:00:00,0.0
2021-10-31 22:00:00,0.0
2021-10-31 23:00:00,0.0
2021-11-01 00:00:00,0.0
2021-11-01 01:00:00,0.0
2021-11-01 02:00:00,0.0
2021-11-01 03:00:00,0.0
2021-11-01 04:00:00,0.0
2021-11-01 05:00:00,0.192
2021-11-01 06:00:00,29.206000000000003
2021-11-01 07:00:00,183.345
2021-11-01 08:00:00,360.992
2021-11-01 09:00:00,494.398
2021-11-01 10:00:00,588.51
2021-11-01 11:00:00,560.504
2021-11-01 12:00:00,362.517
2021-11-01 13:00:00,109.76
2021-11-01 14:00:00,4.9879999999999995
2021-11-01 15:00:00,0.001
2021-11-01 16:00:00,0.0
2021-11-01 17:00:00,0.0
2021-11-01 18:00:00,0.0
2021-11-01 19:00:00,0.0
2021-11-01 20:00:00,0.0
2021-11-01 21:00:00,0.0
2021-11-01 22:00:00,0.0
2021-11-01 23:00:00,0.0
2021-11-02 00:00:00,0.0
2021-11-02 01:00:00,0.0
2021-11-02 02:00:00,0.0
2021-11-02 03:00:00,0.535
2021-11-02 04:00:00,0.79
2021-11-02 05:00:00,1.145
2021-11-02 06:00:00,26.739
2021-11-02 07:00:00,138.41
2021-11-02 08:00:00,189.293
2021-11-02 09:00:00,225.57
2021-11-02 10:00:00,294.468
2021-11-02 11:00:00,162.107
2021-11-02 12:00:00,58.015
2021-11-02 13:00:00,17.283
2021-11-02 14:00:00,0.6629999999999999
2021-11-02 15:00:00,0.0
2021-11-02 16:00:00,0.0
2021-11-02 17:00:00,0.0
2021-11-02 18:00:00,0.0
2021-11-02 19:00:00,0.0
2021-11-02 20:00:00,0.0
2021-11-02 21:00:00,0.0
2021-11-02 22:00:00,0.0
2021-11-02 23:00:00,0.0
2021-11-03 00:00:00,0.0
2021-11-03 01:00:00,0.0
2021-11-03 02:00:00,0.0
2021-11-03 03:00:00,0.0
2021-11-03 04:00:00,0.0
2021-11-03 05:00:00,0.0
2021-11-03 06:00:00,0.498
2021-11-03 07:00:00,3.563
2021-11-03 08:00:00,6.531
2021-11-03 09:00:00,7.811
2021-11-03 10:00:00,7.08
2021-11-03 11:00:00,4.989
2021-11-03 12:00:00,2.693
2021-11-03 13:00:00,0.354
2021-11-03 14:00:00,0.001
2021-11-03 15:00:00,0.0
2021-11-03 16:00:00,0.0
2021-11-03 17:00:00,0.0
2021-11-03 18:00:00,0.0
2021-11-03 19:00:00,0.0
2021-11-03 20:00:00,0.0
2021-11-03 21:00:00,0.0
2021-11-03 22:00:00,0.0
2021-11-03 23:00:00,0.0
2021-11-04 00:00:00,0.0
2021-11-04 01:00:00,0.0
2021-11-04 02:00:00,0.0
2021-11-04 03:00:00,0.0
2021-11-04 04:00:00,0.0
2021-11-04 05:00:00,0.027
2021-11-04 06:00:00,25.847
2021-11-04 07:00:00,123.06
2021-11-04 08:00:00,128.595
2021-11-04 09:00:00,355.088
2021-11-04 10:00:00,383.603
2021-11-04 11:00:00,263.861
2021-11-04 12:00:00,69.80199999999999
2021-11-04 13:00:00,6.626
2021-11-04 14:00:00,0.045
2021-11-04 15:00:00,0.0
2021-11-04 16:00:00,0.0
2021-11-04 17:00:00,0.0
2021-11-04 18:00:00,0.0
2021-11-04 19:00:00,0.0
2021-11-04 20:00:00,0.0
2021-11-04 21:00:00,0.0
2021-11-04 22:00:00,0.0
2021-11-04 23:00:00,0.0
2021-11-05 00:00:00,0.0
2021-11-05 01:00:00,0.0
2021-11-05 02:00:00,0.0
2021-11-05 03:00:00,0.0
2021-11-05 04:00:00,0.0
2021-11-05 05:00:00,0.0
2021-11-05 06:00:00,0.015
2021-11-05 07:00:00,1.897
2021-11-05 08:00:00,12.558
2021-11-05 09:00:00,39.057
2021-11-05 10:00:00,37.065
2021-11-05 11:00:00,16.096
2021-11-05 12:00:00,5.07
2021-11-05 13:00:00,4.729
2021-11-05 14:00:00,0.292
2021-11-05 15:00:00,0.0
2021-11-05 16:00:00,0.0
2021-11-05 17:00:00,0.0
2021-11-05 18:00:00,0.0
2021-11-05 19:00:00,0.0
2021-11-05 20:00:00,0.0
2021-11-05 21:00:00,0.0
2021-11-05 22:00:00,0.0
2021-11-05 23:00:00,0.0
2021-11-06 00:00:00,0.0
2021-11-06 01:00:00,0.0
2021-11-06 02:00:00,0.001
2021-11-06 03:00:00,0.0
2021-11-06 04:00:00,0.0
2021-11-06 05:00:00,0.026
2021-11-06 06:00:00,2.246
2021-11-06 07:00:00,24.726
2021-11-06 08:00:00,36.354
2021-11-06 09:00:00,27.595
2021-11-06 10:00:00,175.77300000000002
2021-11-06 11:00:00,171.33599999999998
2021-11-06 12:00:00,162.46099999999998
2021-11-06 13:00:00,59.555
2021-11-06 14:00:00,0.946
2021-11-06 15:00:00,0.0
2021-11-06 16:00:00,0.0
2021-11-06 17:00:00,0.001
2021-11-06 18:00:00,0.0
2021-11-06 19:00:00,0.0
2021-11-06 20:00:00,0.0
2021-11-06 21:00:00,0.0
2021-11-06 22:00:00,0.0
2021-11-06 23:00:00,0.0
2021-11-07 00:00:00,0.0
2021-11-07 01:00:00,0.0
2021-11-07 02:00:00,0.0
2021-11-07 03:00:00,0.0
2021-11-07 04:00:00,0.0
2021-11-07 05:00:00,0.0
2021-11-07 06:00:00,0.024
2021-11-07 07:00:00,1.186
2021-11-07 08:00:00,5.625
2021-11-07 09:00:00,11.096
2021-11-07 10:00:00,13.549
2021-11-07 11:00:00,8.43
2021-11-07 12:00:00,5.6000000000000005
2021-11-07 13:00:00,2.9299999999999997
2021-11-07 14:00:00,0.055
2021-11-07 15:00:00,0.0
2021-11-07 16:00:00,0.0
2021-11-07 17:00:00,0.0
2021-11-07 18:00:00,0.0
2021-11-07 19:00:00,0.0
2021-11-07 20:00:00,0.0
2021-11-07 21:00:00,0.0
2021-11-07 22:00:00,0.0
2021-11-07 23:00:00,0.0
2021-11-08 00:00:00,0.0
2021-11-08 01:00:00,0.0
2021-11-08 02:00:00,0.0
2021-11-08 03:00:00,0.0
2021-11-08 04:00:00,0.0
2021-11-08 05:00:00,0.001
2021-11-08 06:00:00,4.008
2021-11-08 07:00:00,64.305
2021-11-08 08:00:00,136.993
2021-11-08 09:00:00,98.863
2021-11-08 10:00:00,152.304
2021-11-08 11:00:00,140.168
2021-11-08 12:00:00,72.06400000000001
2021-11-08 13:00:00,17.161
2021-11-08 14:00:00,0.31
2021-11-08 15:00:00,0.0
2021-11-08 16:00:00,0.0
2021-11-08 17:00:00,0.0
2021-11-08 18:00:00,0.0
2021-11-08 19:00:00,0.0
2021-11-08 20:00:00,0.0
2021-11-08 21:00:00,0.0
2021-11-08 22:00:00,0.0
2021-11-08 23:00:00,0.0
2021-11-09 00:00:00,0.0
2021-11-09 01:00:00,0.0
2021-11-09 02:00:00,0.0
2021-11-09 03:00:00,0.0
2021-11-09 04:00:00,0.0
2021-11-09 05:00:00,0.024
2021-11-09 06:00:00,15.483
2021-11-09 07:00:00,115.31
2021-11-09 08:00:00,215.44
2021-11-09 09:00:00,155.22
2021-11-09 10:00:00,193.046
2021-11-09 11:00:00,68.493
2021-11-09 12:00:00,22.058
2021-11-09 13:00:00,7.334
2021-11-09 14:00:00,0.0409999999999999
2021-11-09 15:00:00,0.0
2021-11-09 16:00:00,0.0
2021-11-09 17:00:00,0.0
2021-11-09 18:00:00,0.0
2021-11-09 19:00:00,0.0
2021-11-09 20:00:00,0.0
2021-11-09 21:00:00,0.0
2021-11-09 22:00:00,0.0
2021-11-09 23:00:00,0.0
2021-11-10 00:00:00,0.0
2021-11-10 01:00:00,0.0
2021-11-10 02:00:00,0.0
2021-11-10 03:00:00,0.0
2021-11-10 04:00:00,0.0
2021-11-10 05:00:00,0.0
2021-11-10 06:00:00,0.029
2021-11-10 07:00:00,1.44
2021-11-10 08:00:00,7.210000000000001
2021-11-10 09:00:00,8.942
2021-11-10 10:00:00,9.782
2021-11-10 11:00:00,10.466
2021-11-10 12:00:00,4.393
2021-11-10 13:00:00,0.362
2021-11-10 14:00:00,0.001
2021-11-10 15:00:00,0.0
2021-11-10 16:00:00,0.0
2021-11-10 17:00:00,0.0
2021-11-10 18:00:00,0.0
2021-11-10 19:00:00,0.0
2021-11-10 20:00:00,0.0
2021-11-10 21:00:00,0.0
2021-11-10 22:00:00,0.0
2021-11-10 23:00:00,0.0
2021-11-11 00:00:00,0.0
2021-11-11 01:00:00,0.0
2021-11-11 02:00:00,0.0
2021-11-11 03:00:00,0.0
2021-11-11 04:00:00,0.0
2021-11-11 05:00:00,0.0
2021-11-11 06:00:00,6.832
2021-11-11 07:00:00,89.35400000000001
2021-11-11 08:00:00,106.849
2021-11-11 09:00:00,120.312
2021-11-11 10:00:00,70.836
2021-11-11 11:00:00,43.833
2021-11-11 12:00:00,32.45
2021-11-11 13:00:00,9.751
2021-11-11 14:00:00,0.031
2021-11-11 15:00:00,0.001
2021-11-11 16:00:00,0.0
2021-11-11 17:00:00,0.0
2021-11-11 18:00:00,0.0
2021-11-11 19:00:00,0.0
2021-11-11 20:00:00,0.0
2021-11-11 21:00:00,0.0
2021-11-11 22:00:00,0.0
2021-11-11 23:00:00,0.0
2021-11-12 00:00:00,0.0
2021-11-12 01:00:00,0.0
2021-11-12 02:00:00,0.0
2021-11-12 03:00:00,0.0
2021-11-12 04:00:00,0.0
2021-11-12 05:00:00,0.0
2021-11-12 06:00:00,8.274000000000001
2021-11-12 07:00:00,117.535
2021-11-12 08:00:00,283.738
2021-11-12 09:00:00,443.73799999999994
2021-11-12 10:00:00,494.736
2021-11-12 11:00:00,421.521
2021-11-12 12:00:00,224.852
2021-11-12 13:00:00,44.05
2021-11-12 14:00:00,0.122
2021-11-12 15:00:00,0.0
2021-11-12 16:00:00,0.0
2021-11-12 17:00:00,0.0
2021-11-12 18:00:00,0.0
2021-11-12 19:00:00,0.0
2021-11-12 20:00:00,0.0
2021-11-12 21:00:00,0.0
2021-11-12 22:00:00,0.0
2021-11-12 23:00:00,0.0
2021-11-13 00:00:00,0.0
2021-11-13 01:00:00,0.0
2021-11-13 02:00:00,0.0
2021-11-13 03:00:00,0.0
2021-11-13 04:00:00,0.0
2021-11-13 05:00:00,0.001
2021-11-13 06:00:00,4.664
2021-11-13 07:00:00,62.024
2021-11-13 08:00:00,102.572
2021-11-13 09:00:00,84.071
2021-11-13 10:00:00,69.124
2021-11-13 11:00:00,45.632
2021-11-13 12:00:00,18.51
2021-11-13 13:00:00,3.15
2021-11-13 14:00:00,0.004
2021-11-13 15:00:00,0.0
2021-11-13 16:00:00,0.0
2021-11-13 17:00:00,0.0
2021-11-13 18:00:00,0.0
2021-11-13 19:00:00,0.0
2021-11-13 20:00:00,0.0
2021-11-13 21:00:00,0.0
2021-11-13 22:00:00,0.0
2021-11-13 23:00:00,0.0
2021-11-14 00:00:00,0.0
2021-11-14 01:00:00,0.0
2021-11-14 02:00:00,0.0
2021-11-14 03:00:00,0.0
2021-11-14 04:00:00,0.0
2021-11-14 05:00:00,0.0
2021-11-14 06:00:00,4.801
2021-11-14 07:00:00,92.814
2021-11-14 08:00:00,268.739
2021-11-14 09:00:00,416.119
2021-11-14 10:00:00,455.207
2021-11-14 11:00:00,364.831
2021-11-14 12:00:00,201.614
2021-11-14 13:00:00,35.948
2021-11-14 14:00:00,0.1139999999999999
2021-11-14 15:00:00,0.0
2021-11-14 16:00:00,0.0
2021-11-14 17:00:00,0.0
2021-11-14 18:00:00,0.0
2021-11-14 19:00:00,0.0
2021-11-14 20:00:00,0.0
2021-11-14 21:00:00,0.0
2021-11-14 22:00:00,0.0
2021-11-14 23:00:00,0.0
2021-11-15 00:00:00,0.0
2021-11-15 01:00:00,0.0
2021-11-15 02:00:00,0.0
2021-11-15 03:00:00,0.0
2021-11-15 04:00:00,0.0
2021-11-15 05:00:00,0.0
2021-11-15 06:00:00,5.723
2021-11-15 07:00:00,83.214
2021-11-15 08:00:00,230.824
2021-11-15 09:00:00,354.07
2021-11-15 10:00:00,387.28
2021-11-15 11:00:00,330.265
2021-11-15 12:00:00,175.21900000000002
2021-11-15 13:00:00,30.203
2021-11-15 14:00:00,0.164
2021-11-15 15:00:00,0.0
2021-11-15 16:00:00,0.0
2021-11-15 17:00:00,0.0
2021-11-15 18:00:00,0.0
2021-11-15 19:00:00,0.0
2021-11-15 20:00:00,0.0
2021-11-15 21:00:00,0.0
2021-11-15 22:00:00,0.0
2021-11-15 23:00:00,0.0
2021-11-16 00:00:00,0.0
2021-11-16 01:00:00,0.0
2021-11-16 02:00:00,0.0
2021-11-16 03:00:00,0.0
2021-11-16 04:00:00,0.0
2021-11-16 05:00:00,0.0
2021-11-16 06:00:00,0.005
2021-11-16 07:00:00,0.4329999999999999
2021-11-16 08:00:00,1.785
2021-11-16 09:00:00,2.842
2021-11-16 10:00:00,2.187
2021-11-16 11:00:00,1.046
2021-11-16 12:00:00,0.2309999999999999
2021-11-16 13:00:00,0.007
2021-11-16 14:00:00,0.0
2021-11-16 15:00:00,0.0
2021-11-16 16:00:00,0.0
2021-11-16 17:00:00,0.0
2021-11-16 18:00:00,0.001
2021-11-16 19:00:00,0.0
2021-11-16 20:00:00,0.0
2021-11-16 21:00:00,0.0
2021-11-16 22:00:00,0.0
2021-11-16 23:00:00,0.0
2021-11-17 00:00:00,0.0
2021-11-17 01:00:00,0.0
2021-11-17 02:00:00,0.0
2021-11-17 03:00:00,0.0
2021-11-17 04:00:00,0.0
2021-11-17 05:00:00,0.0
2021-11-17 06:00:00,0.013
2021-11-17 07:00:00,0.499
2021-11-17 08:00:00,3.957
2021-11-17 09:00:00,11.446
2021-11-17 10:00:00,15.316
2021-11-17 11:00:00,9.806
2021-11-17 12:00:00,3.239
2021-11-17 13:00:00,0.208
2021-11-17 14:00:00,0.003
2021-11-17 15:00:00,0.004
2021-11-17 16:00:00,0.0
2021-11-17 17:00:00,0.0
2021-11-17 18:00:00,0.0
2021-11-17 19:00:00,0.0
2021-11-17 20:00:00,0.0
2021-11-17 21:00:00,0.0
2021-11-17 22:00:00,0.0
2021-11-17 23:00:00,0.0
2021-11-18 00:00:00,0.0
2021-11-18 01:00:00,0.0
2021-11-18 02:00:00,0.0
2021-11-18 03:00:00,0.0
2021-11-18 04:00:00,0.0
2021-11-18 05:00:00,0.001
2021-11-18 06:00:00,0.142
2021-11-18 07:00:00,4.706
2021-11-18 08:00:00,21.289
2021-11-18 09:00:00,29.026999999999997
2021-11-18 10:00:00,32.612
2021-11-18 11:00:00,27.110999999999997
2021-11-18 12:00:00,19.407
2021-11-18 13:00:00,2.319
2021-11-18 14:00:00,0.0
2021-11-18 15:00:00,0.0
2021-11-18 16:00:00,0.0
2021-11-18 17:00:00,0.001
2021-11-18 18:00:00,0.0
2021-11-18 19:00:00,0.0
2021-11-18 20:00:00,0.0
2021-11-18 21:00:00,0.0
2021-11-18 22:00:00,0.0
2021-11-18 23:00:00,0.0
2021-11-19 00:00:00,0.0
2021-11-19 01:00:00,0.0
2021-11-19 02:00:00,0.0
2021-11-19 03:00:00,0.0
2021-11-19 04:00:00,0.0
2021-11-19 05:00:00,0.0
2021-11-19 06:00:00,0.417
2021-11-19 07:00:00,18.848
2021-11-19 08:00:00,79.382
2021-11-19 09:00:00,50.057
2021-11-19 10:00:00,27.289
2021-11-19 11:00:00,32.297
2021-11-19 12:00:00,13.498
2021-11-19 13:00:00,0.883
2021-11-19 14:00:00,0.0
2021-11-19 15:00:00,0.0
2021-11-19 16:00:00,0.0
2021-11-19 17:00:00,0.0
2021-11-19 18:00:00,0.0
2021-11-19 19:00:00,0.0
2021-11-19 20:00:00,0.0
2021-11-19 21:00:00,0.0
2021-11-19 22:00:00,0.0
2021-11-19 23:00:00,0.0
2021-11-20 00:00:00,0.0
2021-11-20 01:00:00,0.0
2021-11-20 02:00:00,0.0
2021-11-20 03:00:00,0.023
2021-11-20 04:00:00,0.014
2021-11-20 05:00:00,0.069
2021-11-20 06:00:00,1.539
2021-11-20 07:00:00,42.439
2021-11-20 08:00:00,134.494
2021-11-20 09:00:00,281.273
2021-11-20 10:00:00,355.866
2021-11-20 11:00:00,275.697
2021-11-20 12:00:00,47.015
2021-11-20 13:00:00,1.959
2021-11-20 14:00:00,0.0
2021-11-20 15:00:00,0.005
2021-11-20 16:00:00,0.0
2021-11-20 17:00:00,0.0
2021-11-20 18:00:00,0.0
2021-11-20 19:00:00,0.0
2021-11-20 20:00:00,0.0
2021-11-20 21:00:00,0.0
2021-11-20 22:00:00,0.0
2021-11-20 23:00:00,0.0
2021-11-21 00:00:00,0.0
2021-11-21 01:00:00,0.0
2021-11-21 02:00:00,0.0
2021-11-21 03:00:00,0.037
2021-11-21 04:00:00,0.019
2021-11-21 05:00:00,0.0
2021-11-21 06:00:00,0.103
2021-11-21 07:00:00,6.911999999999999
2021-11-21 08:00:00,44.472
2021-11-21 09:00:00,129.305
2021-11-21 10:00:00,161.225
2021-11-21 11:00:00,162.08800000000002
2021-11-21 12:00:00,65.702
2021-11-21 13:00:00,4.174
2021-11-21 14:00:00,0.001
2021-11-21 15:00:00,0.0
2021-11-21 16:00:00,0.0
2021-11-21 17:00:00,0.001
2021-11-21 18:00:00,0.0
2021-11-21 19:00:00,0.0
2021-11-21 20:00:00,0.0
2021-11-21 21:00:00,0.0
2021-11-21 22:00:00,0.0
2021-11-21 23:00:00,0.0
2021-11-22 00:00:00,0.0
2021-11-22 01:00:00,0.001
2021-11-22 02:00:00,0.0
2021-11-22 03:00:00,0.0
2021-11-22 04:00:00,0.0
2021-11-22 05:00:00,0.0
2021-11-22 06:00:00,1.646
2021-11-22 07:00:00,43.055
2021-11-22 08:00:00,35.413
2021-11-22 09:00:00,68.146
2021-11-22 10:00:00,32.648
2021-11-22 11:00:00,36.847
2021-11-22 12:00:00,41.672
2021-11-22 13:00:00,4.563
2021-11-22 14:00:00,0.0199999999999999
2021-11-22 15:00:00,0.0
2021-11-22 16:00:00,0.0
2021-11-22 17:00:00,0.0
2021-11-22 18:00:00,0.0
2021-11-22 19:00:00,0.0
2021-11-22 20:00:00,0.0
2021-11-22 21:00:00,0.0
2021-11-22 22:00:00,0.0
2021-11-22 23:00:00,0.0
2021-11-23 00:00:00,0.0
2021-11-23 01:00:00,0.0
2021-11-23 02:00:00,0.0
2021-11-23 03:00:00,0.0
2021-11-23 04:00:00,0.0
2021-11-23 05:00:00,0.0
2021-11-23 06:00:00,0.256
2021-11-23 07:00:00,8.344999999999999
2021-11-23 08:00:00,36.081
2021-11-23 09:00:00,102.547
2021-11-23 10:00:00,170.351
2021-11-23 11:00:00,112.735
2021-11-23 12:00:00,34.407
2021-11-23 13:00:00,6.909000000000001
2021-11-23 14:00:00,0.001
2021-11-23 15:00:00,0.0
2021-11-23 16:00:00,0.0
2021-11-23 17:00:00,0.0
2021-11-23 18:00:00,0.0
2021-11-23 19:00:00,0.0
2021-11-23 20:00:00,0.0
2021-11-23 21:00:00,0.0
2021-11-23 22:00:00,0.0
2021-11-23 23:00:00,0.0
2021-11-24 00:00:00,0.0
2021-11-24 01:00:00,0.0
2021-11-24 02:00:00,0.0
2021-11-24 03:00:00,0.0
2021-11-24 04:00:00,0.0
2021-11-24 05:00:00,0.0
2021-11-24 06:00:00,0.275
2021-11-24 07:00:00,49.969
2021-11-24 08:00:00,106.776
2021-11-24 09:00:00,89.06299999999999
2021-11-24 10:00:00,120.161
2021-11-24 11:00:00,179.15699999999998
2021-11-24 12:00:00,52.627
2021-11-24 13:00:00,4.384
2021-11-24 14:00:00,0.043
2021-11-24 15:00:00,0.023
2021-11-24 16:00:00,0.015
2021-11-24 17:00:00,0.0
2021-11-24 18:00:00,0.0
2021-11-24 19:00:00,0.0
2021-11-24 20:00:00,0.0
2021-11-24 21:00:00,0.0
2021-11-24 22:00:00,0.0
2021-11-24 23:00:00,0.0
2021-11-25 00:00:00,0.0
2021-11-25 01:00:00,0.0
2021-11-25 02:00:00,0.0
2021-11-25 03:00:00,0.0
2021-11-25 04:00:00,0.0
2021-11-25 05:00:00,0.0
2021-11-25 06:00:00,0.007
2021-11-25 07:00:00,2.127
2021-11-25 08:00:00,14.153
2021-11-25 09:00:00,27.679
2021-11-25 10:00:00,46.464
2021-11-25 11:00:00,26.907
2021-11-25 12:00:00,9.445
2021-11-25 13:00:00,1.274
2021-11-25 14:00:00,0.0
2021-11-25 15:00:00,0.0
2021-11-25 16:00:00,0.001
2021-11-25 17:00:00,0.0
2021-11-25 18:00:00,0.0
2021-11-25 19:00:00,0.0
2021-11-25 20:00:00,0.0
2021-11-25 21:00:00,0.0
2021-11-25 22:00:00,0.0
2021-11-25 23:00:00,0.0
2021-11-26 00:00:00,0.0
2021-11-26 01:00:00,0.0
2021-11-26 02:00:00,0.0
2021-11-26 03:00:00,0.0
2021-11-26 04:00:00,0.0
2021-11-26 05:00:00,0.0
2021-11-26 06:00:00,0.183
2021-11-26 07:00:00,21.305
2021-11-26 08:00:00,46.251000000000005
2021-11-26 09:00:00,72.215
2021-11-26 10:00:00,49.221
2021-11-26 11:00:00,33.512
2021-11-26 12:00:00,13.62
2021-11-26 13:00:00,0.971
2021-11-26 14:00:00,0.0
2021-11-26 15:00:00,0.0
2021-11-26 16:00:00,0.0
2021-11-26 17:00:00,0.0
2021-11-26 18:00:00,0.0
2021-11-26 19:00:00,0.0
2021-11-26 20:00:00,0.0
2021-11-26 21:00:00,0.0
2021-11-26 22:00:00,0.0
2021-11-26 23:00:00,0.0
2021-11-27 00:00:00,0.0
2021-11-27 01:00:00,0.0
2021-11-27 02:00:00,0.0
2021-11-27 03:00:00,0.0
2021-11-27 04:00:00,0.0
2021-11-27 05:00:00,0.001
2021-11-27 06:00:00,0.003
2021-11-27 07:00:00,2.1870000000000003
2021-11-27 08:00:00,10.122
2021-11-27 09:00:00,15.493
2021-11-27 10:00:00,17.924
2021-11-27 11:00:00,19.182
2021-11-27 12:00:00,10.219
2021-11-27 13:00:00,1.037
2021-11-27 14:00:00,0.0
2021-11-27 15:00:00,0.0
2021-11-27 16:00:00,0.0
2021-11-27 17:00:00,0.0
2021-11-27 18:00:00,0.0
2021-11-27 19:00:00,0.0
2021-11-27 20:00:00,0.0
2021-11-27 21:00:00,0.0
2021-11-27 22:00:00,0.0
2021-11-27 23:00:00,0.0
2021-11-28 00:00:00,0.0
2021-11-28 01:00:00,0.0
2021-11-28 02:00:00,0.0
2021-11-28 03:00:00,0.0
2021-11-28 04:00:00,0.0
2021-11-28 05:00:00,0.0
2021-11-28 06:00:00,0.008
2021-11-28 07:00:00,0.292
2021-11-28 08:00:00,0.7170000000000001
2021-11-28 09:00:00,0.82
2021-11-28 10:00:00,1.016
2021-11-28 11:00:00,0.477
2021-11-28 12:00:00,0.1979999999999999
2021-11-28 13:00:00,0.029
2021-11-28 14:00:00,0.002
2021-11-28 15:00:00,0.0
2021-11-28 16:00:00,0.0
2021-11-28 17:00:00,0.0
2021-11-28 18:00:00,0.001
2021-11-28 19:00:00,0.0
2021-11-28 20:00:00,0.0
2021-11-28 21:00:00,0.0
2021-11-28 22:00:00,0.0
2021-11-28 23:00:00,0.0
2021-11-29 00:00:00,0.0
2021-11-29 01:00:00,0.0
2021-11-29 02:00:00,0.0
2021-11-29 03:00:00,0.0
2021-11-29 04:00:00,0.0
2021-11-29 05:00:00,0.048
2021-11-29 06:00:00,0.072
2021-11-29 07:00:00,0.06
2021-11-29 08:00:00,0.226
2021-11-29 09:00:00,0.554
2021-11-29 10:00:00,0.908
2021-11-29 11:00:00,1.044
2021-11-29 12:00:00,0.477
2021-11-29 13:00:00,0.049
2021-11-29 14:00:00,0.0
2021-11-29 15:00:00,0.0
2021-11-29 16:00:00,0.0
2021-11-29 17:00:00,0.0
2021-11-29 18:00:00,0.0
2021-11-29 19:00:00,0.0
2021-11-29 20:00:00,0.0
2021-11-29 21:00:00,0.0
2021-11-29 22:00:00,0.0
2021-11-29 23:00:00,0.0
2021-11-30 00:00:00,0.0
2021-11-30 01:00:00,0.0
2021-11-30 02:00:00,0.0
2021-11-30 03:00:00,0.0
2021-11-30 04:00:00,0.035
2021-11-30 05:00:00,0.134
2021-11-30 06:00:00,0.158
2021-11-30 07:00:00,0.134
2021-11-30 08:00:00,0.98
2021-11-30 09:00:00,18.581
2021-11-30 10:00:00,76.638
2021-11-30 11:00:00,102.048
2021-11-30 12:00:00,43.178
2021-11-30 13:00:00,2.458
2021-11-30 14:00:00,0.0
2021-11-30 15:00:00,0.0
2021-11-30 16:00:00,0.0
2021-11-30 17:00:00,0.0
2021-11-30 18:00:00,0.0
2021-11-30 19:00:00,0.0
2021-11-30 20:00:00,0.0
2021-11-30 21:00:00,0.001
2021-11-30 22:00:00,0.0
2021-11-30 23:00:00,0.0
2021-12-01 00:00:00,0.0
2021-12-01 01:00:00,0.0
2021-12-01 02:00:00,0.0
2021-12-01 03:00:00,0.0
2021-12-01 04:00:00,0.0
2021-12-01 05:00:00,0.0
2021-12-01 06:00:00,0.005
2021-12-01 07:00:00,0.8500000000000001
2021-12-01 08:00:00,17.776999999999997
2021-12-01 09:00:00,29.891
2021-12-01 10:00:00,34.38
2021-12-01 11:00:00,28.887
2021-12-01 12:00:00,9.022
2021-12-01 13:00:00,0.346
2021-12-01 14:00:00,0.0
2021-12-01 15:00:00,0.0
2021-12-01 16:00:00,0.0
2021-12-01 17:00:00,0.0
2021-12-01 18:00:00,0.0
2021-12-01 19:00:00,0.0
2021-12-01 20:00:00,0.0
2021-12-01 21:00:00,0.0
2021-12-01 22:00:00,0.0
2021-12-01 23:00:00,0.0
2021-12-02 00:00:00,0.0
2021-12-02 01:00:00,0.0
2021-12-02 02:00:00,0.0
2021-12-02 03:00:00,0.0
2021-12-02 04:00:00,0.0
2021-12-02 05:00:00,0.0
2021-12-02 06:00:00,0.0
2021-12-02 07:00:00,0.108
2021-12-02 08:00:00,0.671
2021-12-02 09:00:00,1.3039999999999998
2021-12-02 10:00:00,1.928
2021-12-02 11:00:00,0.916
2021-12-02 12:00:00,0.182
2021-12-02 13:00:00,0.004
2021-12-02 14:00:00,0.004
2021-12-02 15:00:00,0.0
2021-12-02 16:00:00,0.0
2021-12-02 17:00:00,0.0
2021-12-02 18:00:00,0.0
2021-12-02 19:00:00,0.0
2021-12-02 20:00:00,0.0
2021-12-02 21:00:00,0.0
2021-12-02 22:00:00,0.0
2021-12-02 23:00:00,0.0
2021-12-03 00:00:00,0.0
2021-12-03 01:00:00,0.0
2021-12-03 02:00:00,0.0
2021-12-03 03:00:00,0.0
2021-12-03 04:00:00,0.0
2021-12-03 05:00:00,0.001
2021-12-03 06:00:00,0.0
2021-12-03 07:00:00,0.001
2021-12-03 08:00:00,0.048
2021-12-03 09:00:00,0.241
2021-12-03 10:00:00,0.5730000000000001
2021-12-03 11:00:00,0.988
2021-12-03 12:00:00,0.732
2021-12-03 13:00:00,0.047
2021-12-03 14:00:00,0.0
2021-12-03 15:00:00,0.0
2021-12-03 16:00:00,0.0
2021-12-03 17:00:00,0.0
2021-12-03 18:00:00,0.0
2021-12-03 19:00:00,0.0
2021-12-03 20:00:00,0.0
2021-12-03 21:00:00,0.0
2021-12-03 22:00:00,0.0
2021-12-03 23:00:00,0.0
2021-12-04 00:00:00,0.0
2021-12-04 01:00:00,0.0
2021-12-04 02:00:00,0.0
2021-12-04 03:00:00,0.0
2021-12-04 04:00:00,0.0
2021-12-04 05:00:00,0.0
2021-12-04 06:00:00,0.0
2021-12-04 07:00:00,1.396
2021-12-04 08:00:00,15.327
2021-12-04 09:00:00,40.925999999999995
2021-12-04 10:00:00,56.407
2021-12-04 11:00:00,51.026
2021-12-04 12:00:00,22.857999999999997
2021-12-04 13:00:00,0.951
2021-12-04 14:00:00,0.0
2021-12-04 15:00:00,0.0
2021-12-04 16:00:00,0.0
2021-12-04 17:00:00,0.0
2021-12-04 18:00:00,0.0
2021-12-04 19:00:00,0.0
2021-12-04 20:00:00,0.0
2021-12-04 21:00:00,0.0
2021-12-04 22:00:00,0.0
2021-12-04 23:00:00,0.0
2021-12-05 00:00:00,0.0
2021-12-05 01:00:00,0.0
2021-12-05 02:00:00,0.0
2021-12-05 03:00:00,0.0
2021-12-05 04:00:00,0.0
2021-12-05 05:00:00,0.0
2021-12-05 06:00:00,0.001
2021-12-05 07:00:00,2.225
2021-12-05 08:00:00,23.085
2021-12-05 09:00:00,52.107
2021-12-05 10:00:00,76.767
2021-12-05 11:00:00,65.738
2021-12-05 12:00:00,27.437
2021-12-05 13:00:00,1.07
2021-12-05 14:00:00,0.0
2021-12-05 15:00:00,0.0
2021-12-05 16:00:00,0.0
2021-12-05 17:00:00,0.0
2021-12-05 18:00:00,0.0
2021-12-05 19:00:00,0.0
2021-12-05 20:00:00,0.0
2021-12-05 21:00:00,0.0
2021-12-05 22:00:00,0.0
2021-12-05 23:00:00,0.0
2021-12-06 00:00:00,0.0
2021-12-06 01:00:00,0.0
2021-12-06 02:00:00,0.0
2021-12-06 03:00:00,0.0
2021-12-06 04:00:00,0.0
2021-12-06 05:00:00,0.0
2021-12-06 06:00:00,0.0
2021-12-06 07:00:00,2.246
2021-12-06 08:00:00,22.86
2021-12-06 09:00:00,59.544
2021-12-06 10:00:00,82.67
2021-12-06 11:00:00,73.287
2021-12-06 12:00:00,31.993
2021-12-06 13:00:00,1.379
2021-12-06 14:00:00,0.001
2021-12-06 15:00:00,0.0
2021-12-06 16:00:00,0.0
2021-12-06 17:00:00,0.0
2021-12-06 18:00:00,0.0
2021-12-06 19:00:00,0.0
2021-12-06 20:00:00,0.0
2021-12-06 21:00:00,0.0
2021-12-06 22:00:00,0.0
2021-12-06 23:00:00,0.0
2021-12-07 00:00:00,0.0
2021-12-07 01:00:00,0.0
2021-12-07 02:00:00,0.0
2021-12-07 03:00:00,0.0
2021-12-07 04:00:00,0.0
2021-12-07 05:00:00,0.0
2021-12-07 06:00:00,0.002
2021-12-07 07:00:00,2.63
2021-12-07 08:00:00,15.784
2021-12-07 09:00:00,37.117
2021-12-07 10:00:00,43.626999999999995
2021-12-07 11:00:00,41.038
2021-12-07 12:00:00,10.145
2021-12-07 13:00:00,0.147
2021-12-07 14:00:00,0.002
2021-12-07 15:00:00,0.0
2021-12-07 16:00:00,0.0
2021-12-07 17:00:00,0.0
2021-12-07 18:00:00,0.0
2021-12-07 19:00:00,0.0
2021-12-07 20:00:00,0.0
2021-12-07 21:00:00,0.0
2021-12-07 22:00:00,0.0
2021-12-07 23:00:00,0.0
2021-12-08 00:00:00,0.0
2021-12-08 01:00:00,0.0
2021-12-08 02:00:00,0.0
2021-12-08 03:00:00,0.0
2021-12-08 04:00:00,0.0
2021-12-08 05:00:00,0.0
2021-12-08 06:00:00,0.0
2021-12-08 07:00:00,0.6499999999999999
2021-12-08 08:00:00,3.299
2021-12-08 09:00:00,12.239
2021-12-08 10:00:00,13.678
2021-12-08 11:00:00,2.122
2021-12-08 12:00:00,0.735
2021-12-08 13:00:00,0.116
2021-12-08 14:00:00,0.007
2021-12-08 15:00:00,0.008
2021-12-08 16:00:00,0.008
2021-12-08 17:00:00,0.005
2021-12-08 18:00:00,0.0
2021-12-08 19:00:00,0.001
2021-12-08 20:00:00,0.0
2021-12-08 21:00:00,0.001
2021-12-08 22:00:00,0.007
2021-12-08 23:00:00,0.008
2021-12-09 00:00:00,0.006
2021-12-09 01:00:00,0.0
2021-12-09 02:00:00,0.006
2021-12-09 03:00:00,0.008
2021-12-09 04:00:00,0.007
2021-12-09 05:00:00,0.007
2021-12-09 06:00:00,0.008
2021-12-09 07:00:00,1.979
2021-12-09 08:00:00,20.768
2021-12-09 09:00:00,50.059000000000005
2021-12-09 10:00:00,87.856
2021-12-09 11:00:00,53.394
2021-12-09 12:00:00,6.156000000000001
2021-12-09 13:00:00,0.073
2021-12-09 14:00:00,0.001
2021-12-09 15:00:00,0.001
2021-12-09 16:00:00,0.001
2021-12-09 17:00:00,0.0
2021-12-09 18:00:00,0.001
2021-12-09 19:00:00,0.0
2021-12-09 20:00:00,0.0
2021-12-09 21:00:00,0.0
2021-12-09 22:00:00,0.0
2021-12-09 23:00:00,0.0
2021-12-10 00:00:00,0.0
2021-12-10 01:00:00,0.0
2021-12-10 02:00:00,0.0
2021-12-10 03:00:00,0.0
2021-12-10 04:00:00,0.0
2021-12-10 05:00:00,0.0
2021-12-10 06:00:00,0.0
2021-12-10 07:00:00,0.017
2021-12-10 08:00:00,0.197
2021-12-10 09:00:00,0.422
2021-12-10 10:00:00,0.589
2021-12-10 11:00:00,0.289
2021-12-10 12:00:00,0.091
2021-12-10 13:00:00,0.004
2021-12-10 14:00:00,0.0
2021-12-10 15:00:00,0.0
2021-12-10 16:00:00,0.0
2021-12-10 17:00:00,0.001
2021-12-10 18:00:00,0.0
2021-12-10 19:00:00,0.0
2021-12-10 20:00:00,0.0
2021-12-10 21:00:00,0.0
2021-12-10 22:00:00,0.0
2021-12-10 23:00:00,0.0
2021-12-11 00:00:00,0.0
2021-12-11 01:00:00,0.0
2021-12-11 02:00:00,0.0
2021-12-11 03:00:00,0.0
2021-12-11 04:00:00,0.0
2021-12-11 05:00:00,0.0
2021-12-11 06:00:00,0.0
2021-12-11 07:00:00,0.012
2021-12-11 08:00:00,1.195
2021-12-11 09:00:00,3.2880000000000003
2021-12-11 10:00:00,7.367
2021-12-11 11:00:00,5.934
2021-12-11 12:00:00,2.331
2021-12-11 13:00:00,0.047
2021-12-11 14:00:00,0.0
2021-12-11 15:00:00,0.0
2021-12-11 16:00:00,0.0
2021-12-11 17:00:00,0.0
2021-12-11 18:00:00,0.0
2021-12-11 19:00:00,0.0
2021-12-11 20:00:00,0.0
2021-12-11 21:00:00,0.0
2021-12-11 22:00:00,0.0
2021-12-11 23:00:00,0.0
2021-12-12 00:00:00,0.0
2021-12-12 01:00:00,0.0
2021-12-12 02:00:00,0.0
2021-12-12 03:00:00,0.0
2021-12-12 04:00:00,0.0
2021-12-12 05:00:00,0.0
2021-12-12 06:00:00,0.068
2021-12-12 07:00:00,0.199
2021-12-12 08:00:00,2.6740000000000004
2021-12-12 09:00:00,5.976
2021-12-12 10:00:00,8.367
2021-12-12 11:00:00,4.74
2021-12-12 12:00:00,1.293
2021-12-12 13:00:00,0.109
2021-12-12 14:00:00,0.0
2021-12-12 15:00:00,0.0
2021-12-12 16:00:00,0.0
2021-12-12 17:00:00,0.0
2021-12-12 18:00:00,0.0
2021-12-12 19:00:00,0.0
2021-12-12 20:00:00,0.0
2021-12-12 21:00:00,0.0
2021-12-12 22:00:00,0.0
2021-12-12 23:00:00,0.0
2021-12-13 00:00:00,0.0
2021-12-13 01:00:00,0.0
2021-12-13 02:00:00,0.0
2021-12-13 03:00:00,0.0
2021-12-13 04:00:00,0.0
2021-12-13 05:00:00,0.0
2021-12-13 06:00:00,0.082
2021-12-13 07:00:00,0.417
2021-12-13 08:00:00,7.82
2021-12-13 09:00:00,48.908
2021-12-13 10:00:00,49.704
2021-12-13 11:00:00,15.322
2021-12-13 12:00:00,5.681
2021-12-13 13:00:00,0.115
2021-12-13 14:00:00,0.0
2021-12-13 15:00:00,0.0
2021-12-13 16:00:00,0.0
2021-12-13 17:00:00,0.0
2021-12-13 18:00:00,0.0
2021-12-13 19:00:00,0.0
2021-12-13 20:00:00,0.0
2021-12-13 21:00:00,0.0
2021-12-13 22:00:00,0.0
2021-12-13 23:00:00,0.0
2021-12-14 00:00:00,0.0
2021-12-14 01:00:00,0.0
2021-12-14 02:00:00,0.0
2021-12-14 03:00:00,0.0
2021-12-14 04:00:00,0.0
2021-12-14 05:00:00,0.0
2021-12-14 06:00:00,0.092
2021-12-14 07:00:00,0.098
2021-12-14 08:00:00,0.561
2021-12-14 09:00:00,1.917
2021-12-14 10:00:00,2.073
2021-12-14 11:00:00,1.975
2021-12-14 12:00:00,0.7350000000000001
2021-12-14 13:00:00,0.007
2021-12-14 14:00:00,0.0
2021-12-14 15:00:00,0.0
2021-12-14 16:00:00,0.0
2021-12-14 17:00:00,0.0
2021-12-14 18:00:00,0.0
2021-12-14 19:00:00,0.0
2021-12-14 20:00:00,0.0
2021-12-14 21:00:00,0.0
2021-12-14 22:00:00,0.0
2021-12-14 23:00:00,0.0
2021-12-15 00:00:00,0.0
2021-12-15 01:00:00,0.0
2021-12-15 02:00:00,0.0
2021-12-15 03:00:00,0.0
2021-12-15 04:00:00,0.0
2021-12-15 05:00:00,0.0
2021-12-15 06:00:00,0.101
2021-12-15 07:00:00,0.131
2021-12-15 08:00:00,0.933
2021-12-15 09:00:00,1.927
2021-12-15 10:00:00,7.131
2021-12-15 11:00:00,11.172
2021-12-15 12:00:00,2.814
2021-12-15 13:00:00,0.087
2021-12-15 14:00:00,0.0
2021-12-15 15:00:00,0.0
2021-12-15 16:00:00,0.0
2021-12-15 17:00:00,0.0
2021-12-15 18:00:00,0.001
2021-12-15 19:00:00,0.0
2021-12-15 20:00:00,0.0
2021-12-15 21:00:00,0.0
2021-12-15 22:00:00,0.0
2021-12-15 23:00:00,0.0
2021-12-16 00:00:00,0.0
2021-12-16 01:00:00,0.0
2021-12-16 02:00:00,0.0
2021-12-16 03:00:00,0.0
2021-12-16 04:00:00,0.0
2021-12-16 05:00:00,0.0
2021-12-16 06:00:00,0.12
2021-12-16 07:00:00,5.123
2021-12-16 08:00:00,66.827
2021-12-16 09:00:00,176.532
2021-12-16 10:00:00,236.45299999999995
2021-12-16 11:00:00,180.523
2021-12-16 12:00:00,55.471
2021-12-16 13:00:00,2.937
2021-12-16 14:00:00,0.0
2021-12-16 15:00:00,0.0
2021-12-16 16:00:00,0.0
2021-12-16 17:00:00,0.0
2021-12-16 18:00:00,0.0
2021-12-16 19:00:00,0.0
2021-12-16 20:00:00,0.0
2021-12-16 21:00:00,0.0
2021-12-16 22:00:00,0.0
2021-12-16 23:00:00,0.0
2021-12-17 00:00:00,0.0
2021-12-17 01:00:00,0.0
2021-12-17 02:00:00,0.0
2021-12-17 03:00:00,0.0
2021-12-17 04:00:00,0.0
2021-12-17 05:00:00,0.0
2021-12-17 06:00:00,0.021
2021-12-17 07:00:00,2.067
2021-12-17 08:00:00,30.15
2021-12-17 09:00:00,54.603
2021-12-17 10:00:00,151.565
2021-12-17 11:00:00,154.531
2021-12-17 12:00:00,60.859
2021-12-17 13:00:00,3.33
2021-12-17 14:00:00,0.015
2021-12-17 15:00:00,0.287
2021-12-17 16:00:00,0.0
2021-12-17 17:00:00,0.0
2021-12-17 18:00:00,0.0
2021-12-17 19:00:00,0.0
2021-12-17 20:00:00,0.0
2021-12-17 21:00:00,0.0
2021-12-17 22:00:00,0.005
2021-12-17 23:00:00,0.028
2021-12-18 00:00:00,0.0
2021-12-18 01:00:00,0.0
2021-12-18 02:00:00,0.0
2021-12-18 03:00:00,0.0
2021-12-18 04:00:00,0.0
2021-12-18 05:00:00,0.057
2021-12-18 06:00:00,0.046
2021-12-18 07:00:00,0.667
2021-12-18 08:00:00,10.321
2021-12-18 09:00:00,30.79
2021-12-18 10:00:00,23.267000000000003
2021-12-18 11:00:00,23.256
2021-12-18 12:00:00,19.019
2021-12-18 13:00:00,0.492
2021-12-18 14:00:00,0.002
2021-12-18 15:00:00,0.0
2021-12-18 16:00:00,0.0
2021-12-18 17:00:00,0.0
2021-12-18 18:00:00,0.0
2021-12-18 19:00:00,0.0
2021-12-18 20:00:00,0.0
2021-12-18 21:00:00,0.016
2021-12-18 22:00:00,0.009
2021-12-18 23:00:00,0.0
2021-12-19 00:00:00,0.0
2021-12-19 01:00:00,0.0
2021-12-19 02:00:00,0.0
2021-12-19 03:00:00,0.0
2021-12-19 04:00:00,0.0
2021-12-19 05:00:00,0.108
2021-12-19 06:00:00,0.16
2021-12-19 07:00:00,2.017
2021-12-19 08:00:00,12.415
2021-12-19 09:00:00,50.981
2021-12-19 10:00:00,89.345
2021-12-19 11:00:00,101.353
2021-12-19 12:00:00,38.387
2021-12-19 13:00:00,2.205
2021-12-19 14:00:00,0.01
2021-12-19 15:00:00,0.0
2021-12-19 16:00:00,0.0
2021-12-19 17:00:00,0.0
2021-12-19 18:00:00,0.0
2021-12-19 19:00:00,0.0
2021-12-19 20:00:00,0.003
2021-12-19 21:00:00,0.0
2021-12-19 22:00:00,0.0
2021-12-19 23:00:00,0.0
2021-12-20 00:00:00,0.0
2021-12-20 01:00:00,0.0
2021-12-20 02:00:00,0.0
2021-12-20 03:00:00,0.0
2021-12-20 04:00:00,0.0
2021-12-20 05:00:00,0.101
2021-12-20 06:00:00,0.053
2021-12-20 07:00:00,0.14
2021-12-20 08:00:00,3.283
2021-12-20 09:00:00,22.045
2021-12-20 10:00:00,59.161
2021-12-20 11:00:00,44.013000000000005
2021-12-20 12:00:00,17.143
2021-12-20 13:00:00,0.5920000000000001
2021-12-20 14:00:00,0.0
2021-12-20 15:00:00,0.0
2021-12-20 16:00:00,0.0
2021-12-20 17:00:00,0.0
2021-12-20 18:00:00,0.0
2021-12-20 19:00:00,0.0
2021-12-20 20:00:00,0.0
2021-12-20 21:00:00,0.0
2021-12-20 22:00:00,0.0
2021-12-20 23:00:00,0.0
2021-12-21 00:00:00,0.0
2021-12-21 01:00:00,0.0
2021-12-21 02:00:00,0.0
2021-12-21 03:00:00,0.0
2021-12-21 04:00:00,0.0
2021-12-21 05:00:00,0.054
2021-12-21 06:00:00,0.037
2021-12-21 07:00:00,0.3899999999999999
2021-12-21 08:00:00,7.063000000000001
2021-12-21 09:00:00,35.818
2021-12-21 10:00:00,49.608
2021-12-21 11:00:00,35.506
2021-12-21 12:00:00,13.533
2021-12-21 13:00:00,0.352
2021-12-21 14:00:00,0.0
2021-12-21 15:00:00,0.0
2021-12-21 16:00:00,0.0
2021-12-21 17:00:00,0.0
2021-12-21 18:00:00,0.0
2021-12-21 19:00:00,0.0
2021-12-21 20:00:00,0.0
2021-12-21 21:00:00,0.0
2021-12-21 22:00:00,0.0
2021-12-21 23:00:00,0.0
2021-12-22 00:00:00,0.0
2021-12-22 01:00:00,0.0
2021-12-22 02:00:00,0.0
2021-12-22 03:00:00,0.0
2021-12-22 04:00:00,0.0
2021-12-22 05:00:00,0.0
2021-12-22 06:00:00,0.0
2021-12-22 07:00:00,0.7190000000000001
2021-12-22 08:00:00,13.538
2021-12-22 09:00:00,40.971999999999994
2021-12-22 10:00:00,66.221
2021-12-22 11:00:00,43.684
2021-12-22 12:00:00,18.557
2021-12-22 13:00:00,0.847
2021-12-22 14:00:00,0.0
2021-12-22 15:00:00,0.0
2021-12-22 16:00:00,0.0
2021-12-22 17:00:00,0.0
2021-12-22 18:00:00,0.0
2021-12-22 19:00:00,0.0
2021-12-22 20:00:00,0.0
2021-12-22 21:00:00,0.0
2021-12-22 22:00:00,0.0
2021-12-22 23:00:00,0.0
2021-12-23 00:00:00,0.0
2021-12-23 01:00:00,0.0
2021-12-23 02:00:00,0.0
2021-12-23 03:00:00,0.0
2021-12-23 04:00:00,0.0
2021-12-23 05:00:00,0.0
2021-12-23 06:00:00,0.0
2021-12-23 07:00:00,1.095
2021-12-23 08:00:00,2.991
2021-12-23 09:00:00,3.64
2021-12-23 10:00:00,9.732
2021-12-23 11:00:00,9.435
2021-12-23 12:00:00,2.403
2021-12-23 13:00:00,0.19
2021-12-23 14:00:00,0.001
2021-12-23 15:00:00,0.0
2021-12-23 16:00:00,0.0
2021-12-23 17:00:00,0.0
2021-12-23 18:00:00,0.0
2021-12-23 19:00:00,0.0
2021-12-23 20:00:00,0.0
2021-12-23 21:00:00,0.0
2021-12-23 22:00:00,0.0
2021-12-23 23:00:00,0.0
2021-12-24 00:00:00,0.0
2021-12-24 01:00:00,0.0
2021-12-24 02:00:00,0.0
2021-12-24 03:00:00,0.0
2021-12-24 04:00:00,0.0
2021-12-24 05:00:00,0.0
2021-12-24 06:00:00,0.0
2021-12-24 07:00:00,0.0
2021-12-24 08:00:00,0.0409999999999999
2021-12-24 09:00:00,0.264
2021-12-24 10:00:00,0.472
2021-12-24 11:00:00,0.702
2021-12-24 12:00:00,0.4489999999999999
2021-12-24 13:00:00,0.012
2021-12-24 14:00:00,0.0
2021-12-24 15:00:00,0.0
2021-12-24 16:00:00,0.0
2021-12-24 17:00:00,0.0
2021-12-24 18:00:00,0.0
2021-12-24 19:00:00,0.0
2021-12-24 20:00:00,0.0
2021-12-24 21:00:00,0.0
2021-12-24 22:00:00,0.0
2021-12-24 23:00:00,0.0
2021-12-25 00:00:00,0.0
2021-12-25 01:00:00,0.0
2021-12-25 02:00:00,0.0
2021-12-25 03:00:00,0.0
2021-12-25 04:00:00,0.0
2021-12-25 05:00:00,0.0
2021-12-25 06:00:00,0.0
2021-12-25 07:00:00,0.024
2021-12-25 08:00:00,4.1850000000000005
2021-12-25 09:00:00,7.908
2021-12-25 10:00:00,4.901
2021-12-25 11:00:00,4.959
2021-12-25 12:00:00,3.484
2021-12-25 13:00:00,0.202
2021-12-25 14:00:00,0.0
2021-12-25 15:00:00,0.0
2021-12-25 16:00:00,0.0
2021-12-25 17:00:00,0.0
2021-12-25 18:00:00,0.0
2021-12-25 19:00:00,0.0
2021-12-25 20:00:00,0.0
2021-12-25 21:00:00,0.0
2021-12-25 22:00:00,0.0
2021-12-25 23:00:00,0.0
2021-12-26 00:00:00,0.0
2021-12-26 01:00:00,0.0
2021-12-26 02:00:00,0.0
2021-12-26 03:00:00,0.0
2021-12-26 04:00:00,0.0
2021-12-26 05:00:00,0.0
2021-12-26 06:00:00,0.001
2021-12-26 07:00:00,0.009
2021-12-26 08:00:00,2.136
2021-12-26 09:00:00,11.159
2021-12-26 10:00:00,22.019
2021-12-26 11:00:00,21.034
2021-12-26 12:00:00,6.7860000000000005
2021-12-26 13:00:00,0.105
2021-12-26 14:00:00,0.0
2021-12-26 15:00:00,0.0
2021-12-26 16:00:00,0.0
2021-12-26 17:00:00,0.0
2021-12-26 18:00:00,0.0
2021-12-26 19:00:00,0.0
2021-12-26 20:00:00,0.0
2021-12-26 21:00:00,0.0
2021-12-26 22:00:00,0.0
2021-12-26 23:00:00,0.0
2021-12-27 00:00:00,0.0
2021-12-27 01:00:00,0.0
2021-12-27 02:00:00,0.0
2021-12-27 03:00:00,0.0
2021-12-27 04:00:00,0.0
2021-12-27 05:00:00,0.0
2021-12-27 06:00:00,0.001
2021-12-27 07:00:00,0.002
2021-12-27 08:00:00,0.143
2021-12-27 09:00:00,7.436
2021-12-27 10:00:00,21.123
2021-12-27 11:00:00,32.629
2021-12-27 12:00:00,9.247
2021-12-27 13:00:00,0.345
2021-12-27 14:00:00,0.002
2021-12-27 15:00:00,0.002
2021-12-27 16:00:00,0.0
2021-12-27 17:00:00,0.0
2021-12-27 18:00:00,0.0
2021-12-27 19:00:00,0.0
2021-12-27 20:00:00,0.0
2021-12-27 21:00:00,0.0
2021-12-27 22:00:00,0.0
2021-12-27 23:00:00,0.0
2021-12-28 00:00:00,0.0
2021-12-28 01:00:00,0.0
2021-12-28 02:00:00,0.0
2021-12-28 03:00:00,0.0
2021-12-28 04:00:00,0.0
2021-12-28 05:00:00,0.0
2021-12-28 06:00:00,0.0
2021-12-28 07:00:00,0.822
2021-12-28 08:00:00,13.766
2021-12-28 09:00:00,22.224
2021-12-28 10:00:00,22.608
2021-12-28 11:00:00,28.384
2021-12-28 12:00:00,10.916
2021-12-28 13:00:00,0.432
2021-12-28 14:00:00,0.0
2021-12-28 15:00:00,0.0
2021-12-28 16:00:00,0.0
2021-12-28 17:00:00,0.0
2021-12-28 18:00:00,0.0
2021-12-28 19:00:00,0.0
2021-12-28 20:00:00,0.0
2021-12-28 21:00:00,0.0
2021-12-28 22:00:00,0.0
2021-12-28 23:00:00,0.0
2021-12-29 00:00:00,0.0
2021-12-29 01:00:00,0.0
2021-12-29 02:00:00,0.0
2021-12-29 03:00:00,0.0
2021-12-29 04:00:00,0.0
2021-12-29 05:00:00,0.0
2021-12-29 06:00:00,0.0
2021-12-29 07:00:00,0.004
2021-12-29 08:00:00,0.453
2021-12-29 09:00:00,1.994
2021-12-29 10:00:00,1.474
2021-12-29 11:00:00,0.619
2021-12-29 12:00:00,0.11
2021-12-29 13:00:00,0.008
2021-12-29 14:00:00,0.0
2021-12-29 15:00:00,0.0
2021-12-29 16:00:00,0.0
2021-12-29 17:00:00,0.0
2021-12-29 18:00:00,0.0
2021-12-29 19:00:00,0.001
2021-12-29 20:00:00,0.0
2021-12-29 21:00:00,0.0
2021-12-29 22:00:00,0.0
2021-12-29 23:00:00,0.0
2021-12-30 00:00:00,0.0
2021-12-30 01:00:00,0.0
2021-12-30 02:00:00,0.0
2021-12-30 03:00:00,0.0
2021-12-30 04:00:00,0.0
2021-12-30 05:00:00,0.0
2021-12-30 06:00:00,0.0
2021-12-30 07:00:00,0.019
2021-12-30 08:00:00,0.108
2021-12-30 09:00:00,0.35
2021-12-30 10:00:00,0.363
2021-12-30 11:00:00,0.147
2021-12-30 12:00:00,0.063
2021-12-30 13:00:00,0.002
2021-12-30 14:00:00,0.0
2021-12-30 15:00:00,0.0
2021-12-30 16:00:00,0.0
2021-12-30 17:00:00,0.0
2021-12-30 18:00:00,0.0
2021-12-30 19:00:00,0.0
2021-12-30 20:00:00,0.0
2021-12-30 21:00:00,0.0
2021-12-30 22:00:00,0.0
2021-12-30 23:00:00,0.0
2021-12-31 00:00:00,0.0
2021-12-31 01:00:00,0.0
2021-12-31 02:00:00,0.0
2021-12-31 03:00:00,0.0
2021-12-31 04:00:00,0.0
2021-12-31 05:00:00,0.0
2021-12-31 06:00:00,0.0
2021-12-31 07:00:00,0.5810000000000001
2021-12-31 08:00:00,6.186
2021-12-31 09:00:00,17.829
2021-12-31 10:00:00,28.998
2021-12-31 11:00:00,27.336
2021-12-31 12:00:00,5.961
2021-12-31 13:00:00,0.0989999999999999
2021-12-31 14:00:00,0.0
2021-12-31 15:00:00,0.0
2021-12-31 16:00:00,0.0
2021-12-31 17:00:00,0.001
2021-12-31 18:00:00,0.0
2021-12-31 19:00:00,0.0
2021-12-31 20:00:00,0.0
2021-12-31 21:00:00,0.0
2021-12-31 22:00:00,0.0
2021-12-31 23:00:00,0.001
2022-01-01 00:00:00,0.0
2022-01-01 01:00:00,0.0
2022-01-01 02:00:00,0.0
2022-01-01 03:00:00,0.0
2022-01-01 04:00:00,0.0
2022-01-01 05:00:00,0.0
2022-01-01 06:00:00,0.0
2022-01-01 07:00:00,0.113
2022-01-01 08:00:00,1.839
2022-01-01 09:00:00,5.174
2022-01-01 10:00:00,8.699
2022-01-01 11:00:00,91.471
2022-01-01 12:00:00,87.042
2022-01-01 13:00:00,7.974
2022-01-01 14:00:00,0.031
2022-01-01 15:00:00,0.235
2022-01-01 16:00:00,0.305
2022-01-01 17:00:00,0.0
2022-01-01 18:00:00,0.0
2022-01-01 19:00:00,0.0
2022-01-01 20:00:00,0.001
2022-01-01 21:00:00,0.0
2022-01-01 22:00:00,0.0
2022-01-01 23:00:00,0.0
2022-01-02 00:00:00,0.0
2022-01-02 01:00:00,0.0
2022-01-02 02:00:00,0.0
2022-01-02 03:00:00,0.0
2022-01-02 04:00:00,0.0
2022-01-02 05:00:00,0.0
2022-01-02 06:00:00,0.0
2022-01-02 07:00:00,0.021
2022-01-02 08:00:00,0.5820000000000001
2022-01-02 09:00:00,1.639
2022-01-02 10:00:00,2.256
2022-01-02 11:00:00,2.354
2022-01-02 12:00:00,1.218
2022-01-02 13:00:00,0.061
2022-01-02 14:00:00,0.0
2022-01-02 15:00:00,0.0
2022-01-02 16:00:00,0.0
2022-01-02 17:00:00,0.0
2022-01-02 18:00:00,0.0
2022-01-02 19:00:00,0.0
2022-01-02 20:00:00,0.0
2022-01-02 21:00:00,0.0
2022-01-02 22:00:00,0.0
2022-01-02 23:00:00,0.0
2022-01-03 00:00:00,0.0
2022-01-03 01:00:00,0.0
2022-01-03 02:00:00,0.0
2022-01-03 03:00:00,0.0
2022-01-03 04:00:00,0.001
2022-01-03 05:00:00,0.0
2022-01-03 06:00:00,0.0
2022-01-03 07:00:00,0.036
2022-01-03 08:00:00,2.677
2022-01-03 09:00:00,10.654
2022-01-03 10:00:00,18.085
2022-01-03 11:00:00,20.155
2022-01-03 12:00:00,11.876
2022-01-03 13:00:00,0.835
2022-01-03 14:00:00,0.004
2022-01-03 15:00:00,0.009
2022-01-03 16:00:00,0.0
2022-01-03 17:00:00,0.0
2022-01-03 18:00:00,0.0
2022-01-03 19:00:00,0.0
2022-01-03 20:00:00,0.0
2022-01-03 21:00:00,0.0
2022-01-03 22:00:00,0.0
2022-01-03 23:00:00,0.0
2022-01-04 00:00:00,0.0
2022-01-04 01:00:00,0.0
2022-01-04 02:00:00,0.0
2022-01-04 03:00:00,0.0
2022-01-04 04:00:00,0.0
2022-01-04 05:00:00,0.0
2022-01-04 06:00:00,0.0
2022-01-04 07:00:00,0.018
2022-01-04 08:00:00,1.202
2022-01-04 09:00:00,10.337
2022-01-04 10:00:00,54.546
2022-01-04 11:00:00,159.272
2022-01-04 12:00:00,92.701
2022-01-04 13:00:00,5.193
2022-01-04 14:00:00,0.032
2022-01-04 15:00:00,0.024
2022-01-04 16:00:00,0.013
2022-01-04 17:00:00,0.0
2022-01-04 18:00:00,0.0
2022-01-04 19:00:00,0.0
2022-01-04 20:00:00,0.0
2022-01-04 21:00:00,0.0
2022-01-04 22:00:00,0.0
2022-01-04 23:00:00,0.0
2022-01-05 00:00:00,0.0
2022-01-05 01:00:00,0.0
2022-01-05 02:00:00,0.0
2022-01-05 03:00:00,0.0
2022-01-05 04:00:00,0.0
2022-01-05 05:00:00,0.0
2022-01-05 06:00:00,0.0
2022-01-05 07:00:00,0.007
2022-01-05 08:00:00,1.24
2022-01-05 09:00:00,8.914
2022-01-05 10:00:00,16.299
2022-01-05 11:00:00,13.829
2022-01-05 12:00:00,4.697
2022-01-05 13:00:00,0.661
2022-01-05 14:00:00,0.0
2022-01-05 15:00:00,0.0
2022-01-05 16:00:00,0.0
2022-01-05 17:00:00,0.0
2022-01-05 18:00:00,0.0
2022-01-05 19:00:00,0.0
2022-01-05 20:00:00,0.0
2022-01-05 21:00:00,0.002
2022-01-05 22:00:00,0.002
2022-01-05 23:00:00,0.004
2022-01-06 00:00:00,0.0
2022-01-06 01:00:00,0.0
2022-01-06 02:00:00,0.0
2022-01-06 03:00:00,0.001
2022-01-06 04:00:00,0.0
2022-01-06 05:00:00,0.09
2022-01-06 06:00:00,0.0
2022-01-06 07:00:00,0.082
2022-01-06 08:00:00,1.36
2022-01-06 09:00:00,20.003
2022-01-06 10:00:00,50.003
2022-01-06 11:00:00,94.765
2022-01-06 12:00:00,45.443
2022-01-06 13:00:00,3.3160000000000003
2022-01-06 14:00:00,0.079
2022-01-06 15:00:00,0.0
2022-01-06 16:00:00,0.0
2022-01-06 17:00:00,0.0
2022-01-06 18:00:00,0.0
2022-01-06 19:00:00,0.0
2022-01-06 20:00:00,0.0
2022-01-06 21:00:00,0.007
2022-01-06 22:00:00,0.0
2022-01-06 23:00:00,0.0
2022-01-07 00:00:00,0.0
2022-01-07 01:00:00,0.0
2022-01-07 02:00:00,0.0
2022-01-07 03:00:00,0.0
2022-01-07 04:00:00,0.0
2022-01-07 05:00:00,0.06
2022-01-07 06:00:00,0.006
2022-01-07 07:00:00,0.8879999999999999
2022-01-07 08:00:00,8.809000000000001
2022-01-07 09:00:00,27.019
2022-01-07 10:00:00,57.418
2022-01-07 11:00:00,88.65
2022-01-07 12:00:00,33.778999999999996
2022-01-07 13:00:00,1.786
2022-01-07 14:00:00,0.001
2022-01-07 15:00:00,0.0
2022-01-07 16:00:00,0.0
2022-01-07 17:00:00,0.0
2022-01-07 18:00:00,0.0
2022-01-07 19:00:00,0.001
2022-01-07 20:00:00,0.006
2022-01-07 21:00:00,0.0
2022-01-07 22:00:00,0.0
2022-01-07 23:00:00,0.0
2022-01-08 00:00:00,0.0
2022-01-08 01:00:00,0.0
2022-01-08 02:00:00,0.0
2022-01-08 03:00:00,0.0
2022-01-08 04:00:00,0.0
2022-01-08 05:00:00,0.0
2022-01-08 06:00:00,0.0
2022-01-08 07:00:00,0.0
2022-01-08 08:00:00,0.039
2022-01-08 09:00:00,0.175
2022-01-08 10:00:00,0.392
2022-01-08 11:00:00,0.2759999999999999
2022-01-08 12:00:00,0.068
2022-01-08 13:00:00,0.001
2022-01-08 14:00:00,0.0
2022-01-08 15:00:00,0.0
2022-01-08 16:00:00,0.0
2022-01-08 17:00:00,0.0
2022-01-08 18:00:00,0.0
2022-01-08 19:00:00,0.0
2022-01-08 20:00:00,0.0
2022-01-08 21:00:00,0.001
2022-01-08 22:00:00,0.001
2022-01-08 23:00:00,0.0
2022-01-09 00:00:00,0.0
2022-01-09 01:00:00,0.0
2022-01-09 02:00:00,0.0
2022-01-09 03:00:00,0.0
2022-01-09 04:00:00,0.0
2022-01-09 05:00:00,0.03
2022-01-09 06:00:00,0.015
2022-01-09 07:00:00,0.065
2022-01-09 08:00:00,1.276
2022-01-09 09:00:00,3.697
2022-01-09 10:00:00,12.857
2022-01-09 11:00:00,21.142
2022-01-09 12:00:00,22.313
2022-01-09 13:00:00,1.024
2022-01-09 14:00:00,0.034
2022-01-09 15:00:00,0.019
2022-01-09 16:00:00,0.03
2022-01-09 17:00:00,0.014
2022-01-09 18:00:00,0.001
2022-01-09 19:00:00,0.0
2022-01-09 20:00:00,0.0
2022-01-09 21:00:00,0.0
2022-01-09 22:00:00,0.0
2022-01-09 23:00:00,0.0
2022-01-10 00:00:00,0.0
2022-01-10 01:00:00,0.0
2022-01-10 02:00:00,0.0
2022-01-10 03:00:00,0.0
2022-01-10 04:00:00,0.0
2022-01-10 05:00:00,0.031
2022-01-10 06:00:00,0.042
2022-01-10 07:00:00,0.071
2022-01-10 08:00:00,1.131
2022-01-10 09:00:00,3.5759999999999996
2022-01-10 10:00:00,5.289
2022-01-10 11:00:00,4.982
2022-01-10 12:00:00,2.082
2022-01-10 13:00:00,0.172
2022-01-10 14:00:00,0.0
2022-01-10 15:00:00,0.0
2022-01-10 16:00:00,0.0
2022-01-10 17:00:00,0.0
2022-01-10 18:00:00,0.0
2022-01-10 19:00:00,0.009
2022-01-10 20:00:00,0.038
2022-01-10 21:00:00,0.0
2022-01-10 22:00:00,0.0
2022-01-10 23:00:00,0.0
2022-01-11 00:00:00,0.001
2022-01-11 01:00:00,0.0
2022-01-11 02:00:00,0.0
2022-01-11 03:00:00,0.0
2022-01-11 04:00:00,0.0
2022-01-11 05:00:00,0.138
2022-01-11 06:00:00,0.089
2022-01-11 07:00:00,1.037
2022-01-11 08:00:00,9.108
2022-01-11 09:00:00,17.947
2022-01-11 10:00:00,23.979
2022-01-11 11:00:00,38.362
2022-01-11 12:00:00,30.955
2022-01-11 13:00:00,5.946000000000001
2022-01-11 14:00:00,0.018
2022-01-11 15:00:00,0.0
2022-01-11 16:00:00,0.0
2022-01-11 17:00:00,0.0
2022-01-11 18:00:00,0.0
2022-01-11 19:00:00,0.0
2022-01-11 20:00:00,0.0
2022-01-11 21:00:00,0.0
2022-01-11 22:00:00,0.0
2022-01-11 23:00:00,0.0
2022-01-12 00:00:00,0.0
2022-01-12 01:00:00,0.0
2022-01-12 02:00:00,0.0
2022-01-12 03:00:00,0.0
2022-01-12 04:00:00,0.0
2022-01-12 05:00:00,0.0
2022-01-12 06:00:00,0.0
2022-01-12 07:00:00,0.043
2022-01-12 08:00:00,0.3419999999999999
2022-01-12 09:00:00,1.177
2022-01-12 10:00:00,1.377
2022-01-12 11:00:00,0.858
2022-01-12 12:00:00,0.554
2022-01-12 13:00:00,0.073
2022-01-12 14:00:00,0.002
2022-01-12 15:00:00,0.0
2022-01-12 16:00:00,0.0
2022-01-12 17:00:00,0.0
2022-01-12 18:00:00,0.0
2022-01-12 19:00:00,0.0
2022-01-12 20:00:00,0.0
2022-01-12 21:00:00,0.0
2022-01-12 22:00:00,0.0
2022-01-12 23:00:00,0.0
2022-01-13 00:00:00,0.0
2022-01-13 01:00:00,0.0
2022-01-13 02:00:00,0.0
2022-01-13 03:00:00,0.0
2022-01-13 04:00:00,0.0
2022-01-13 05:00:00,0.114
2022-01-13 06:00:00,0.029
2022-01-13 07:00:00,1.828
2022-01-13 08:00:00,47.238
2022-01-13 09:00:00,222.808
2022-01-13 10:00:00,293.98
2022-01-13 11:00:00,248.197
2022-01-13 12:00:00,88.214
2022-01-13 13:00:00,6.845
2022-01-13 14:00:00,0.13
2022-01-13 15:00:00,0.067
2022-01-13 16:00:00,0.1
2022-01-13 17:00:00,0.065
2022-01-13 18:00:00,0.047
2022-01-13 19:00:00,0.032
2022-01-13 20:00:00,0.0
2022-01-13 21:00:00,0.0
2022-01-13 22:00:00,0.0
2022-01-13 23:00:00,0.0
2022-01-14 00:00:00,0.0
2022-01-14 01:00:00,0.0
2022-01-14 02:00:00,0.0
2022-01-14 03:00:00,0.0
2022-01-14 04:00:00,0.0
2022-01-14 05:00:00,0.061
2022-01-14 06:00:00,0.043
2022-01-14 07:00:00,6.209
2022-01-14 08:00:00,44.803
2022-01-14 09:00:00,149.42600000000002
2022-01-14 10:00:00,83.0
2022-01-14 11:00:00,28.666
2022-01-14 12:00:00,45.934000000000005
2022-01-14 13:00:00,5.445
2022-01-14 14:00:00,0.022
2022-01-14 15:00:00,0.005
2022-01-14 16:00:00,0.007
2022-01-14 17:00:00,0.009
2022-01-14 18:00:00,0.004
2022-01-14 19:00:00,0.018
2022-01-14 20:00:00,0.013
2022-01-14 21:00:00,0.0
2022-01-14 22:00:00,0.007
2022-01-14 23:00:00,0.007
2022-01-15 00:00:00,0.009
2022-01-15 01:00:00,0.01
2022-01-15 02:00:00,0.009
2022-01-15 03:00:00,0.009
2022-01-15 04:00:00,0.008
2022-01-15 05:00:00,0.026
2022-01-15 06:00:00,0.138
2022-01-15 07:00:00,11.955
2022-01-15 08:00:00,98.051
2022-01-15 09:00:00,188.938
2022-01-15 10:00:00,262.825
2022-01-15 11:00:00,212.946
2022-01-15 12:00:00,87.794
2022-01-15 13:00:00,6.818
2022-01-15 14:00:00,0.094
2022-01-15 15:00:00,0.076
2022-01-15 16:00:00,0.07
2022-01-15 17:00:00,0.06
2022-01-15 18:00:00,0.027
2022-01-15 19:00:00,0.0
2022-01-15 20:00:00,0.0
2022-01-15 21:00:00,0.0
2022-01-15 22:00:00,0.0
2022-01-15 23:00:00,0.0
2022-01-16 00:00:00,0.0
2022-01-16 01:00:00,0.0
2022-01-16 02:00:00,0.0
2022-01-16 03:00:00,0.0
2022-01-16 04:00:00,0.0
2022-01-16 05:00:00,0.028
2022-01-16 06:00:00,0.056
2022-01-16 07:00:00,3.618
2022-01-16 08:00:00,5.179
2022-01-16 09:00:00,4.923
2022-01-16 10:00:00,4.191
2022-01-16 11:00:00,6.121
2022-01-16 12:00:00,3.772
2022-01-16 13:00:00,0.359
2022-01-16 14:00:00,0.004
2022-01-16 15:00:00,0.0
2022-01-16 16:00:00,0.001
2022-01-16 17:00:00,0.007
2022-01-16 18:00:00,0.004
2022-01-16 19:00:00,0.006
2022-01-16 20:00:00,0.0
2022-01-16 21:00:00,0.0
2022-01-16 22:00:00,0.0
2022-01-16 23:00:00,0.0
2022-01-17 00:00:00,0.0
2022-01-17 01:00:00,0.0
2022-01-17 02:00:00,0.0
2022-01-17 03:00:00,0.0
2022-01-17 04:00:00,0.0
2022-01-17 05:00:00,0.014
2022-01-17 06:00:00,0.018
2022-01-17 07:00:00,0.127
2022-01-17 08:00:00,0.68
2022-01-17 09:00:00,15.192
2022-01-17 10:00:00,63.082
2022-01-17 11:00:00,132.529
2022-01-17 12:00:00,123.549
2022-01-17 13:00:00,32.919
2022-01-17 14:00:00,0.3269999999999999
2022-01-17 15:00:00,0.014
2022-01-17 16:00:00,0.021
2022-01-17 17:00:00,0.013
2022-01-17 18:00:00,0.014
2022-01-17 19:00:00,0.002
2022-01-17 20:00:00,0.0
2022-01-17 21:00:00,0.0
2022-01-17 22:00:00,0.002
2022-01-17 23:00:00,0.005
2022-01-18 00:00:00,0.003
2022-01-18 01:00:00,0.001
2022-01-18 02:00:00,0.0
2022-01-18 03:00:00,0.0
2022-01-18 04:00:00,0.001
2022-01-18 05:00:00,0.016
2022-01-18 06:00:00,0.111
2022-01-18 07:00:00,14.885
2022-01-18 08:00:00,36.928
2022-01-18 09:00:00,64.645
2022-01-18 10:00:00,122.832
2022-01-18 11:00:00,273.666
2022-01-18 12:00:00,117.733
2022-01-18 13:00:00,36.906
2022-01-18 14:00:00,0.299
2022-01-18 15:00:00,0.012
2022-01-18 16:00:00,0.009
2022-01-18 17:00:00,0.01
2022-01-18 18:00:00,0.069
2022-01-18 19:00:00,0.07
2022-01-18 20:00:00,0.054
2022-01-18 21:00:00,0.0
2022-01-18 22:00:00,0.0
2022-01-18 23:00:00,0.0
2022-01-19 00:00:00,0.0
2022-01-19 01:00:00,0.0
2022-01-19 02:00:00,0.0
2022-01-19 03:00:00,0.0
2022-01-19 04:00:00,0.0
2022-01-19 05:00:00,0.033
2022-01-19 06:00:00,0.023
2022-01-19 07:00:00,1.595
2022-01-19 08:00:00,26.997
2022-01-19 09:00:00,138.45600000000002
2022-01-19 10:00:00,211.759
2022-01-19 11:00:00,280.812
2022-01-19 12:00:00,81.78
2022-01-19 13:00:00,5.16
2022-01-19 14:00:00,0.008
2022-01-19 15:00:00,0.008
2022-01-19 16:00:00,0.007
2022-01-19 17:00:00,0.01
2022-01-19 18:00:00,0.006
2022-01-19 19:00:00,0.01
2022-01-19 20:00:00,0.004
2022-01-19 21:00:00,0.008
2022-01-19 22:00:00,0.003
2022-01-19 23:00:00,0.01
2022-01-20 00:00:00,0.0
2022-01-20 01:00:00,0.0
2022-01-20 02:00:00,0.0
2022-01-20 03:00:00,0.0
2022-01-20 04:00:00,0.0
2022-01-20 05:00:00,0.008
2022-01-20 06:00:00,0.011
2022-01-20 07:00:00,4.079
2022-01-20 08:00:00,27.439
2022-01-20 09:00:00,37.508
2022-01-20 10:00:00,33.26
2022-01-20 11:00:00,51.019
2022-01-20 12:00:00,15.528
2022-01-20 13:00:00,1.405
2022-01-20 14:00:00,0.004
2022-01-20 15:00:00,0.0
2022-01-20 16:00:00,0.0
2022-01-20 17:00:00,0.0
2022-01-20 18:00:00,0.0
2022-01-20 19:00:00,0.0
2022-01-20 20:00:00,0.007
2022-01-20 21:00:00,0.015
2022-01-20 22:00:00,0.0
2022-01-20 23:00:00,0.0
2022-01-21 00:00:00,0.0
2022-01-21 01:00:00,0.0
2022-01-21 02:00:00,0.0
2022-01-21 03:00:00,0.0
2022-01-21 04:00:00,0.0
2022-01-21 05:00:00,0.062
2022-01-21 06:00:00,0.051
2022-01-21 07:00:00,0.303
2022-01-21 08:00:00,24.317
2022-01-21 09:00:00,154.715
2022-01-21 10:00:00,277.226
2022-01-21 11:00:00,151.366
2022-01-21 12:00:00,42.93000000000001
2022-01-21 13:00:00,2.085
2022-01-21 14:00:00,0.051
2022-01-21 15:00:00,0.003
2022-01-21 16:00:00,0.0
2022-01-21 17:00:00,0.0
2022-01-21 18:00:00,0.0
2022-01-21 19:00:00,0.0
2022-01-21 20:00:00,0.001
2022-01-21 21:00:00,0.002
2022-01-21 22:00:00,0.0
2022-01-21 23:00:00,0.0
2022-01-22 00:00:00,0.0
2022-01-22 01:00:00,0.001
2022-01-22 02:00:00,0.0
2022-01-22 03:00:00,0.0
2022-01-22 04:00:00,0.0
2022-01-22 05:00:00,0.023
2022-01-22 06:00:00,0.072
2022-01-22 07:00:00,0.747
2022-01-22 08:00:00,6.936
2022-01-22 09:00:00,13.631
2022-01-22 10:00:00,21.743
2022-01-22 11:00:00,32.719
2022-01-22 12:00:00,51.083
2022-01-22 13:00:00,16.652
2022-01-22 14:00:00,0.446
2022-01-22 15:00:00,0.0
2022-01-22 16:00:00,0.0
2022-01-22 17:00:00,0.0
2022-01-22 18:00:00,0.0
2022-01-22 19:00:00,0.001
2022-01-22 20:00:00,0.002
2022-01-22 21:00:00,0.0
2022-01-22 22:00:00,0.0
2022-01-22 23:00:00,0.0
2022-01-23 00:00:00,0.0
2022-01-23 01:00:00,0.0
2022-01-23 02:00:00,0.0
2022-01-23 03:00:00,0.0
2022-01-23 04:00:00,0.0
2022-01-23 05:00:00,0.017
2022-01-23 06:00:00,0.07
2022-01-23 07:00:00,0.146
2022-01-23 08:00:00,2.348
2022-01-23 09:00:00,3.765
2022-01-23 10:00:00,4.457
2022-01-23 11:00:00,9.02
2022-01-23 12:00:00,11.89
2022-01-23 13:00:00,5.955
2022-01-23 14:00:00,0.081
2022-01-23 15:00:00,0.026
2022-01-23 16:00:00,0.004
2022-01-23 17:00:00,0.0
2022-01-23 18:00:00,0.0
2022-01-23 19:00:00,0.0
2022-01-23 20:00:00,0.0
2022-01-23 21:00:00,0.0
2022-01-23 22:00:00,0.0
2022-01-23 23:00:00,0.024
2022-01-24 00:00:00,0.0
2022-01-24 01:00:00,0.0
2022-01-24 02:00:00,0.0
2022-01-24 03:00:00,0.0
2022-01-24 04:00:00,0.0
2022-01-24 05:00:00,0.03
2022-01-24 06:00:00,0.032
2022-01-24 07:00:00,0.6799999999999999
2022-01-24 08:00:00,2.55
2022-01-24 09:00:00,8.505
2022-01-24 10:00:00,13.56
2022-01-24 11:00:00,11.057
2022-01-24 12:00:00,7.272
2022-01-24 13:00:00,1.94
2022-01-24 14:00:00,0.035
2022-01-24 15:00:00,0.031
2022-01-24 16:00:00,0.009
2022-01-24 17:00:00,0.0
2022-01-24 18:00:00,0.0
2022-01-24 19:00:00,0.0
2022-01-24 20:00:00,0.0
2022-01-24 21:00:00,0.0
2022-01-24 22:00:00,0.0
2022-01-24 23:00:00,0.017
2022-01-25 00:00:00,0.0
2022-01-25 01:00:00,0.0
2022-01-25 02:00:00,0.0
2022-01-25 03:00:00,0.0
2022-01-25 04:00:00,0.0
2022-01-25 05:00:00,0.035
2022-01-25 06:00:00,0.054
2022-01-25 07:00:00,10.057
2022-01-25 08:00:00,107.21
2022-01-25 09:00:00,214.782
2022-01-25 10:00:00,429.067
2022-01-25 11:00:00,449.3289999999999
2022-01-25 12:00:00,279.571
2022-01-25 13:00:00,70.77600000000001
2022-01-25 14:00:00,1.997
2022-01-25 15:00:00,0.03
2022-01-25 16:00:00,0.045
2022-01-25 17:00:00,0.03
2022-01-25 18:00:00,0.0
2022-01-25 19:00:00,0.0
2022-01-25 20:00:00,0.0
2022-01-25 21:00:00,0.0
2022-01-25 22:00:00,0.014
2022-01-25 23:00:00,0.018
2022-01-26 00:00:00,0.0
2022-01-26 01:00:00,0.0
2022-01-26 02:00:00,0.0
2022-01-26 03:00:00,0.0
2022-01-26 04:00:00,0.0
2022-01-26 05:00:00,0.024
2022-01-26 06:00:00,0.054
2022-01-26 07:00:00,10.89
2022-01-26 08:00:00,50.591
2022-01-26 09:00:00,218.855
2022-01-26 10:00:00,55.207
2022-01-26 11:00:00,13.11
2022-01-26 12:00:00,7.682
2022-01-26 13:00:00,1.6789999999999998
2022-01-26 14:00:00,0.042
2022-01-26 15:00:00,0.0
2022-01-26 16:00:00,0.0
2022-01-26 17:00:00,0.0
2022-01-26 18:00:00,0.011
2022-01-26 19:00:00,0.0
2022-01-26 20:00:00,0.0
2022-01-26 21:00:00,0.001
2022-01-26 22:00:00,0.0
2022-01-26 23:00:00,0.0
2022-01-27 00:00:00,0.0
2022-01-27 01:00:00,0.0
2022-01-27 02:00:00,0.0
2022-01-27 03:00:00,0.0
2022-01-27 04:00:00,0.0
2022-01-27 05:00:00,0.088
2022-01-27 06:00:00,0.06
2022-01-27 07:00:00,2.493
2022-01-27 08:00:00,9.552
2022-01-27 09:00:00,10.187
2022-01-27 10:00:00,16.179000000000002
2022-01-27 11:00:00,12.024
2022-01-27 12:00:00,7.945
2022-01-27 13:00:00,3.439
2022-01-27 14:00:00,0.29
2022-01-27 15:00:00,0.0
2022-01-27 16:00:00,0.0
2022-01-27 17:00:00,0.0
2022-01-27 18:00:00,0.0
2022-01-27 19:00:00,0.001
2022-01-27 20:00:00,0.01
2022-01-27 21:00:00,0.0
2022-01-27 22:00:00,0.0
2022-01-27 23:00:00,0.0
2022-01-28 00:00:00,0.0
2022-01-28 01:00:00,0.0
2022-01-28 02:00:00,0.0
2022-01-28 03:00:00,0.0
2022-01-28 04:00:00,0.0
2022-01-28 05:00:00,0.06
2022-01-28 06:00:00,0.052
2022-01-28 07:00:00,0.6739999999999999
2022-01-28 08:00:00,9.194
2022-01-28 09:00:00,36.486
2022-01-28 10:00:00,100.653
2022-01-28 11:00:00,41.375
2022-01-28 12:00:00,33.265
2022-01-28 13:00:00,9.148
2022-01-28 14:00:00,0.433
2022-01-28 15:00:00,0.0
2022-01-28 16:00:00,0.0
2022-01-28 17:00:00,0.0
2022-01-28 18:00:00,0.0
2022-01-28 19:00:00,0.0
2022-01-28 20:00:00,0.0
2022-01-28 21:00:00,0.001
2022-01-28 22:00:00,0.0
2022-01-28 23:00:00,0.0
2022-01-29 00:00:00,0.0
2022-01-29 01:00:00,0.0
2022-01-29 02:00:00,0.0
2022-01-29 03:00:00,0.0
2022-01-29 04:00:00,0.0
2022-01-29 05:00:00,0.041
2022-01-29 06:00:00,1.096
2022-01-29 07:00:00,12.197
2022-01-29 08:00:00,25.622
2022-01-29 09:00:00,28.704
2022-01-29 10:00:00,16.217
2022-01-29 11:00:00,11.179
2022-01-29 12:00:00,3.409
2022-01-29 13:00:00,0.062
2022-01-29 14:00:00,0.0
2022-01-29 15:00:00,0.222
2022-01-29 16:00:00,0.0
2022-01-29 17:00:00,0.0
2022-01-29 18:00:00,0.0
2022-01-29 19:00:00,0.158
2022-01-29 20:00:00,0.05
2022-01-29 21:00:00,0.0
2022-01-29 22:00:00,0.007
2022-01-29 23:00:00,0.01
2022-01-30 00:00:00,0.0
2022-01-30 01:00:00,0.0
2022-01-30 02:00:00,0.001
2022-01-30 03:00:00,0.0
2022-01-30 04:00:00,0.0
2022-01-30 05:00:00,0.041
2022-01-30 06:00:00,0.123
2022-01-30 07:00:00,2.399
2022-01-30 08:00:00,12.535
2022-01-30 09:00:00,13.743
2022-01-30 10:00:00,9.277
2022-01-30 11:00:00,16.822000000000003
2022-01-30 12:00:00,16.615
2022-01-30 13:00:00,3.5860000000000003
2022-01-30 14:00:00,0.062
2022-01-30 15:00:00,0.006
2022-01-30 16:00:00,0.0
2022-01-30 17:00:00,0.0
2022-01-30 18:00:00,0.0
2022-01-30 19:00:00,0.0
2022-01-30 20:00:00,0.0
2022-01-30 21:00:00,0.007
2022-01-30 22:00:00,0.014
2022-01-30 23:00:00,0.004
2022-01-31 00:00:00,0.0
2022-01-31 01:00:00,0.0
2022-01-31 02:00:00,0.001
2022-01-31 03:00:00,0.0
2022-01-31 04:00:00,0.0
2022-01-31 05:00:00,0.02
2022-01-31 06:00:00,0.031
2022-01-31 07:00:00,0.119
2022-01-31 08:00:00,0.882
2022-01-31 09:00:00,2.652
2022-01-31 10:00:00,3.914
2022-01-31 11:00:00,3.059
2022-01-31 12:00:00,1.739
2022-01-31 13:00:00,0.704
2022-01-31 14:00:00,0.099
2022-01-31 15:00:00,0.008
2022-01-31 16:00:00,0.029
2022-01-31 17:00:00,0.0
2022-01-31 18:00:00,0.0
2022-01-31 19:00:00,0.0
2022-01-31 20:00:00,0.0
2022-01-31 21:00:00,0.0
2022-01-31 22:00:00,0.0
2022-01-31 23:00:00,0.027
2022-02-01 00:00:00,0.0
2022-02-01 01:00:00,0.0
2022-02-01 02:00:00,0.0
2022-02-01 03:00:00,0.0
2022-02-01 04:00:00,0.001
2022-02-01 05:00:00,0.052
2022-02-01 06:00:00,0.025
2022-02-01 07:00:00,0.317
2022-02-01 08:00:00,1.4049999999999998
2022-02-01 09:00:00,3.331
2022-02-01 10:00:00,6.736
2022-02-01 11:00:00,6.959
2022-02-01 12:00:00,8.411999999999999
2022-02-01 13:00:00,2.111
2022-02-01 14:00:00,0.059
2022-02-01 15:00:00,0.0
2022-02-01 16:00:00,0.018
2022-02-01 17:00:00,0.04
2022-02-01 18:00:00,0.001
2022-02-01 19:00:00,0.0
2022-02-01 20:00:00,0.0
2022-02-01 21:00:00,0.0
2022-02-01 22:00:00,0.0
2022-02-01 23:00:00,0.0
2022-02-02 00:00:00,0.0
2022-02-02 01:00:00,0.0
2022-02-02 02:00:00,0.0
2022-02-02 03:00:00,0.0
2022-02-02 04:00:00,0.0
2022-02-02 05:00:00,0.043
2022-02-02 06:00:00,0.041
2022-02-02 07:00:00,0.864
2022-02-02 08:00:00,9.09
2022-02-02 09:00:00,12.176
2022-02-02 10:00:00,16.374
2022-02-02 11:00:00,18.517
2022-02-02 12:00:00,9.691
2022-02-02 13:00:00,1.646
2022-02-02 14:00:00,0.108
2022-02-02 15:00:00,0.002
2022-02-02 16:00:00,0.0
2022-02-02 17:00:00,0.0
2022-02-02 18:00:00,0.027
2022-02-02 19:00:00,0.017
2022-02-02 20:00:00,0.0
2022-02-02 21:00:00,0.0
2022-02-02 22:00:00,0.0
2022-02-02 23:00:00,0.0
2022-02-03 00:00:00,0.0
2022-02-03 01:00:00,0.0
2022-02-03 02:00:00,0.0
2022-02-03 03:00:00,0.0
2022-02-03 04:00:00,0.0
2022-02-03 05:00:00,0.05
2022-02-03 06:00:00,0.072
2022-02-03 07:00:00,0.532
2022-02-03 08:00:00,2.36
2022-02-03 09:00:00,16.155
2022-02-03 10:00:00,31.209
2022-02-03 11:00:00,37.13
2022-02-03 12:00:00,61.254000000000005
2022-02-03 13:00:00,40.821
2022-02-03 14:00:00,1.886
2022-02-03 15:00:00,0.013
2022-02-03 16:00:00,0.0
2022-02-03 17:00:00,0.0
2022-02-03 18:00:00,0.0
2022-02-03 19:00:00,0.0
2022-02-03 20:00:00,0.001
2022-02-03 21:00:00,0.017
2022-02-03 22:00:00,0.006
2022-02-03 23:00:00,0.0
2022-02-04 00:00:00,0.0
2022-02-04 01:00:00,0.0
2022-02-04 02:00:00,0.0
2022-02-04 03:00:00,0.0
2022-02-04 04:00:00,0.0
2022-02-04 05:00:00,0.026
2022-02-04 06:00:00,0.129
2022-02-04 07:00:00,2.105
2022-02-04 08:00:00,5.582999999999999
2022-02-04 09:00:00,10.096
2022-02-04 10:00:00,11.05
2022-02-04 11:00:00,4.918
2022-02-04 12:00:00,2.84
2022-02-04 13:00:00,0.673
2022-02-04 14:00:00,0.036
2022-02-04 15:00:00,0.0
2022-02-04 16:00:00,0.0
2022-02-04 17:00:00,0.0
2022-02-04 18:00:00,0.001
2022-02-04 19:00:00,0.0
2022-02-04 20:00:00,0.007
2022-02-04 21:00:00,0.016
2022-02-04 22:00:00,0.0
2022-02-04 23:00:00,0.0
2022-02-05 00:00:00,0.0
2022-02-05 01:00:00,0.0
2022-02-05 02:00:00,0.0
2022-02-05 03:00:00,0.0
2022-02-05 04:00:00,0.0
2022-02-05 05:00:00,0.015
2022-02-05 06:00:00,0.0349999999999999
2022-02-05 07:00:00,2.416
2022-02-05 08:00:00,13.471
2022-02-05 09:00:00,29.222
2022-02-05 10:00:00,47.933
2022-02-05 11:00:00,70.358
2022-02-05 12:00:00,57.742999999999995
2022-02-05 13:00:00,23.475
2022-02-05 14:00:00,2.548
2022-02-05 15:00:00,0.025
2022-02-05 16:00:00,0.014
2022-02-05 17:00:00,0.022
2022-02-05 18:00:00,0.015
2022-02-05 19:00:00,0.011
2022-02-05 20:00:00,0.0
2022-02-05 21:00:00,0.001
2022-02-05 22:00:00,0.0
2022-02-05 23:00:00,0.0
2022-02-06 00:00:00,0.0
2022-02-06 01:00:00,0.0
2022-02-06 02:00:00,0.0
2022-02-06 03:00:00,0.0
2022-02-06 04:00:00,0.0
2022-02-06 05:00:00,0.016
2022-02-06 06:00:00,0.049
2022-02-06 07:00:00,2.298
2022-02-06 08:00:00,8.129
2022-02-06 09:00:00,15.627
2022-02-06 10:00:00,23.501
2022-02-06 11:00:00,38.992999999999995
2022-02-06 12:00:00,34.844
2022-02-06 13:00:00,12.844
2022-02-06 14:00:00,2.301
2022-02-06 15:00:00,0.017
2022-02-06 16:00:00,0.013
2022-02-06 17:00:00,0.012
2022-02-06 18:00:00,0.014
2022-02-06 19:00:00,0.011
2022-02-06 20:00:00,0.014
2022-02-06 21:00:00,0.0
2022-02-06 22:00:00,0.0
2022-02-06 23:00:00,0.0
2022-02-07 00:00:00,0.0
2022-02-07 01:00:00,0.0
2022-02-07 02:00:00,0.0
2022-02-07 03:00:00,0.0
2022-02-07 04:00:00,0.0
2022-02-07 05:00:00,0.023
2022-02-07 06:00:00,0.2339999999999999
2022-02-07 07:00:00,7.834
2022-02-07 08:00:00,26.813
2022-02-07 09:00:00,67.519
2022-02-07 10:00:00,124.071
2022-02-07 11:00:00,224.526
2022-02-07 12:00:00,187.882
2022-02-07 13:00:00,84.328
2022-02-07 14:00:00,8.299
2022-02-07 15:00:00,0.023
2022-02-07 16:00:00,0.018
2022-02-07 17:00:00,0.023
2022-02-07 18:00:00,0.013
2022-02-07 19:00:00,0.021
2022-02-07 20:00:00,0.007
2022-02-07 21:00:00,0.0
2022-02-07 22:00:00,0.0
2022-02-07 23:00:00,0.0
2022-02-08 00:00:00,0.0
2022-02-08 01:00:00,0.0
2022-02-08 02:00:00,0.0
2022-02-08 03:00:00,0.0
2022-02-08 04:00:00,0.0
2022-02-08 05:00:00,0.029
2022-02-08 06:00:00,0.609
2022-02-08 07:00:00,8.9
2022-02-08 08:00:00,29.382
2022-02-08 09:00:00,38.851
2022-02-08 10:00:00,31.619
2022-02-08 11:00:00,21.362
2022-02-08 12:00:00,23.855
2022-02-08 13:00:00,9.664
2022-02-08 14:00:00,1.162
2022-02-08 15:00:00,0.002
2022-02-08 16:00:00,0.0
2022-02-08 17:00:00,0.0
2022-02-08 18:00:00,0.0
2022-02-08 19:00:00,0.0
2022-02-08 20:00:00,0.0
2022-02-08 21:00:00,0.0
2022-02-08 22:00:00,0.0
2022-02-08 23:00:00,0.007
2022-02-09 00:00:00,0.0
2022-02-09 01:00:00,0.0
2022-02-09 02:00:00,0.0
2022-02-09 03:00:00,0.0
2022-02-09 04:00:00,0.0
2022-02-09 05:00:00,0.019
2022-02-09 06:00:00,4.975
2022-02-09 07:00:00,113.274
2022-02-09 08:00:00,342.537
2022-02-09 09:00:00,383.615
2022-02-09 10:00:00,174.977
2022-02-09 11:00:00,140.429
2022-02-09 12:00:00,148.131
2022-02-09 13:00:00,123.571
2022-02-09 14:00:00,9.676
2022-02-09 15:00:00,0.074
2022-02-09 16:00:00,0.05
2022-02-09 17:00:00,0.025
2022-02-09 18:00:00,0.032
2022-02-09 19:00:00,0.022
2022-02-09 20:00:00,0.001
2022-02-09 21:00:00,0.0
2022-02-09 22:00:00,0.0
2022-02-09 23:00:00,0.0
2022-02-10 00:00:00,0.0
2022-02-10 01:00:00,0.0
2022-02-10 02:00:00,0.0
2022-02-10 03:00:00,0.0
2022-02-10 04:00:00,0.0
2022-02-10 05:00:00,0.027
2022-02-10 06:00:00,6.407
2022-02-10 07:00:00,71.33500000000001
2022-02-10 08:00:00,197.106
2022-02-10 09:00:00,246.715
2022-02-10 10:00:00,250.41699999999997
2022-02-10 11:00:00,281.232
2022-02-10 12:00:00,254.048
2022-02-10 13:00:00,130.323
2022-02-10 14:00:00,30.472
2022-02-10 15:00:00,0.065
2022-02-10 16:00:00,0.015
2022-02-10 17:00:00,0.009
2022-02-10 18:00:00,0.019
2022-02-10 19:00:00,0.01
2022-02-10 20:00:00,0.012
2022-02-10 21:00:00,0.009
2022-02-10 22:00:00,0.011
2022-02-10 23:00:00,0.0
2022-02-11 00:00:00,0.0
2022-02-11 01:00:00,0.0
2022-02-11 02:00:00,0.0
2022-02-11 03:00:00,0.0
2022-02-11 04:00:00,0.0
2022-02-11 05:00:00,0.018
2022-02-11 06:00:00,6.904999999999999
2022-02-11 07:00:00,113.099
2022-02-11 08:00:00,331.795
2022-02-11 09:00:00,593.168
2022-02-11 10:00:00,560.912
2022-02-11 11:00:00,679.268
2022-02-11 12:00:00,447.035
2022-02-11 13:00:00,106.956
2022-02-11 14:00:00,19.158
2022-02-11 15:00:00,0.297
2022-02-11 16:00:00,0.015
2022-02-11 17:00:00,0.012
2022-02-11 18:00:00,0.016
2022-02-11 19:00:00,0.01
2022-02-11 20:00:00,0.016
2022-02-11 21:00:00,0.003
2022-02-11 22:00:00,0.0
2022-02-11 23:00:00,0.0
2022-02-12 00:00:00,0.0
2022-02-12 01:00:00,0.0
2022-02-12 02:00:00,0.0
2022-02-12 03:00:00,0.0
2022-02-12 04:00:00,0.0
2022-02-12 05:00:00,0.013
2022-02-12 06:00:00,5.514
2022-02-12 07:00:00,36.639
2022-02-12 08:00:00,89.89
2022-02-12 09:00:00,126.278
2022-02-12 10:00:00,197.026
2022-02-12 11:00:00,203.261
2022-02-12 12:00:00,186.46
2022-02-12 13:00:00,40.905
2022-02-12 14:00:00,7.1160000000000005
2022-02-12 15:00:00,0.044
2022-02-12 16:00:00,0.015
2022-02-12 17:00:00,0.016
2022-02-12 18:00:00,0.011
2022-02-12 19:00:00,0.012
2022-02-12 20:00:00,0.011
2022-02-12 21:00:00,0.005
2022-02-12 22:00:00,0.0
2022-02-12 23:00:00,0.0
2022-02-13 00:00:00,0.0
2022-02-13 01:00:00,0.001
2022-02-13 02:00:00,0.0
2022-02-13 03:00:00,0.0
2022-02-13 04:00:00,0.0
2022-02-13 05:00:00,0.009
2022-02-13 06:00:00,1.522
2022-02-13 07:00:00,15.583
2022-02-13 08:00:00,54.006
2022-02-13 09:00:00,122.29
2022-02-13 10:00:00,159.715
2022-02-13 11:00:00,74.477
2022-02-13 12:00:00,22.526
2022-02-13 13:00:00,11.305
2022-02-13 14:00:00,1.541
2022-02-13 15:00:00,0.02
2022-02-13 16:00:00,0.01
2022-02-13 17:00:00,0.015
2022-02-13 18:00:00,0.008
2022-02-13 19:00:00,0.014
2022-02-13 20:00:00,0.01
2022-02-13 21:00:00,0.013
2022-02-13 22:00:00,0.0
2022-02-13 23:00:00,0.0
2022-02-14 00:00:00,0.0
2022-02-14 01:00:00,0.0
2022-02-14 02:00:00,0.0
2022-02-14 03:00:00,0.0
2022-02-14 04:00:00,0.0
2022-02-14 05:00:00,0.018
2022-02-14 06:00:00,1.265
2022-02-14 07:00:00,15.119
2022-02-14 08:00:00,41.54
2022-02-14 09:00:00,123.603
2022-02-14 10:00:00,294.858
2022-02-14 11:00:00,207.06
2022-02-14 12:00:00,106.745
2022-02-14 13:00:00,73.502
2022-02-14 14:00:00,21.969
2022-02-14 15:00:00,0.07
2022-02-14 16:00:00,0.02
2022-02-14 17:00:00,0.013
2022-02-14 18:00:00,0.013
2022-02-14 19:00:00,0.01
2022-02-14 20:00:00,0.014
2022-02-14 21:00:00,0.01
2022-02-14 22:00:00,0.009
2022-02-14 23:00:00,0.001
2022-02-15 00:00:00,0.0
2022-02-15 01:00:00,0.0
2022-02-15 02:00:00,0.0
2022-02-15 03:00:00,0.0
2022-02-15 04:00:00,0.0
2022-02-15 05:00:00,0.008
2022-02-15 06:00:00,0.556
2022-02-15 07:00:00,15.428
2022-02-15 08:00:00,74.575
2022-02-15 09:00:00,96.999
2022-02-15 10:00:00,33.813
2022-02-15 11:00:00,14.192
2022-02-15 12:00:00,13.486
2022-02-15 13:00:00,29.65
2022-02-15 14:00:00,24.202
2022-02-15 15:00:00,0.327
2022-02-15 16:00:00,0.021
2022-02-15 17:00:00,0.015
2022-02-15 18:00:00,0.013
2022-02-15 19:00:00,0.015
2022-02-15 20:00:00,0.007
2022-02-15 21:00:00,0.013
2022-02-15 22:00:00,0.0
2022-02-15 23:00:00,0.0
2022-02-16 00:00:00,0.0
2022-02-16 01:00:00,0.0
2022-02-16 02:00:00,0.0
2022-02-16 03:00:00,0.0
2022-02-16 04:00:00,0.0
2022-02-16 05:00:00,0.01
2022-02-16 06:00:00,0.609
2022-02-16 07:00:00,10.12
2022-02-16 08:00:00,18.516
2022-02-16 09:00:00,13.787
2022-02-16 10:00:00,16.54
2022-02-16 11:00:00,19.238
2022-02-16 12:00:00,21.853
2022-02-16 13:00:00,13.104
2022-02-16 14:00:00,2.369
2022-02-16 15:00:00,0.022
2022-02-16 16:00:00,0.017
2022-02-16 17:00:00,0.006
2022-02-16 18:00:00,0.0
2022-02-16 19:00:00,0.012
2022-02-16 20:00:00,0.005
2022-02-16 21:00:00,0.0
2022-02-16 22:00:00,0.0
2022-02-16 23:00:00,0.0
2022-02-17 00:00:00,0.0
2022-02-17 01:00:00,0.0
2022-02-17 02:00:00,0.0
2022-02-17 03:00:00,0.0
2022-02-17 04:00:00,0.0
2022-02-17 05:00:00,0.02
2022-02-17 06:00:00,0.1079999999999999
2022-02-17 07:00:00,3.607
2022-02-17 08:00:00,8.112
2022-02-17 09:00:00,56.542
2022-02-17 10:00:00,76.829
2022-02-17 11:00:00,81.608
2022-02-17 12:00:00,50.844
2022-02-17 13:00:00,13.172
2022-02-17 14:00:00,1.535
2022-02-17 15:00:00,0.005
2022-02-17 16:00:00,0.0
2022-02-17 17:00:00,0.0
2022-02-17 18:00:00,0.0
2022-02-17 19:00:00,0.0
2022-02-17 20:00:00,0.026
2022-02-17 21:00:00,0.0
2022-02-17 22:00:00,0.0
2022-02-17 23:00:00,0.0
2022-02-18 00:00:00,0.0
2022-02-18 01:00:00,0.0
2022-02-18 02:00:00,0.0
2022-02-18 03:00:00,0.0
2022-02-18 04:00:00,0.0
2022-02-18 05:00:00,0.104
2022-02-18 06:00:00,4.781
2022-02-18 07:00:00,62.282
2022-02-18 08:00:00,255.353
2022-02-18 09:00:00,401.784
2022-02-18 10:00:00,340.402
2022-02-18 11:00:00,343.556
2022-02-18 12:00:00,408.981
2022-02-18 13:00:00,257.167
2022-02-18 14:00:00,52.962
2022-02-18 15:00:00,2.076
2022-02-18 16:00:00,0.103
2022-02-18 17:00:00,0.089
2022-02-18 18:00:00,0.102
2022-02-18 19:00:00,0.095
2022-02-18 20:00:00,0.101
2022-02-18 21:00:00,0.139
2022-02-18 22:00:00,0.06
2022-02-18 23:00:00,0.032
2022-02-19 00:00:00,0.073
2022-02-19 01:00:00,0.056
2022-02-19 02:00:00,0.043
2022-02-19 03:00:00,0.059
2022-02-19 04:00:00,0.072
2022-02-19 05:00:00,0.072
2022-02-19 06:00:00,0.135
2022-02-19 07:00:00,1.922
2022-02-19 08:00:00,11.84
2022-02-19 09:00:00,23.359
2022-02-19 10:00:00,31.039
2022-02-19 11:00:00,22.616999999999997
2022-02-19 12:00:00,9.956
2022-02-19 13:00:00,8.5
2022-02-19 14:00:00,4.306
2022-02-19 15:00:00,0.165
2022-02-19 16:00:00,0.027
2022-02-19 17:00:00,0.0
2022-02-19 18:00:00,0.0
2022-02-19 19:00:00,0.0
2022-02-19 20:00:00,0.0
2022-02-19 21:00:00,0.0
2022-02-19 22:00:00,0.022
2022-02-19 23:00:00,0.057
2022-02-20 00:00:00,0.001
2022-02-20 01:00:00,0.0
2022-02-20 02:00:00,0.0
2022-02-20 03:00:00,0.001
2022-02-20 04:00:00,0.0
2022-02-20 05:00:00,0.083
2022-02-20 06:00:00,1.063
2022-02-20 07:00:00,34.803
2022-02-20 08:00:00,126.184
2022-02-20 09:00:00,235.552
2022-02-20 10:00:00,324.06399999999996
2022-02-20 11:00:00,254.885
2022-02-20 12:00:00,171.048
2022-02-20 13:00:00,68.153
2022-02-20 14:00:00,21.055
2022-02-20 15:00:00,1.428
2022-02-20 16:00:00,0.003
2022-02-20 17:00:00,0.051
2022-02-20 18:00:00,0.083
2022-02-20 19:00:00,0.175
2022-02-20 20:00:00,0.177
2022-02-20 21:00:00,0.125
2022-02-20 22:00:00,0.065
2022-02-20 23:00:00,0.258
2022-02-21 00:00:00,0.164
2022-02-21 01:00:00,0.188
2022-02-21 02:00:00,0.14
2022-02-21 03:00:00,0.128
2022-02-21 04:00:00,0.042
2022-02-21 05:00:00,0.0
2022-02-21 06:00:00,0.241
2022-02-21 07:00:00,1.036
2022-02-21 08:00:00,2.085
2022-02-21 09:00:00,4.413
2022-02-21 10:00:00,12.494
2022-02-21 11:00:00,30.391
2022-02-21 12:00:00,41.774
2022-02-21 13:00:00,32.083
2022-02-21 14:00:00,3.253
2022-02-21 15:00:00,0.217
2022-02-21 16:00:00,0.14
2022-02-21 17:00:00,0.188
2022-02-21 18:00:00,0.0
2022-02-21 19:00:00,0.0
2022-02-21 20:00:00,0.0
2022-02-21 21:00:00,0.0
2022-02-21 22:00:00,0.0
2022-02-21 23:00:00,0.0
2022-02-22 00:00:00,0.0
2022-02-22 01:00:00,0.212
2022-02-22 02:00:00,0.138
2022-02-22 03:00:00,0.098
2022-02-22 04:00:00,0.0
2022-02-22 05:00:00,0.0
2022-02-22 06:00:00,3.4730000000000003
2022-02-22 07:00:00,14.386
2022-02-22 08:00:00,30.055
2022-02-22 09:00:00,28.399
2022-02-22 10:00:00,23.045
2022-02-22 11:00:00,35.522999999999996
2022-02-22 12:00:00,32.232
2022-02-22 13:00:00,15.478
2022-02-22 14:00:00,3.4619999999999997
2022-02-22 15:00:00,0.17
2022-02-22 16:00:00,0.0
2022-02-22 17:00:00,0.0
2022-02-22 18:00:00,0.0
2022-02-22 19:00:00,0.0
2022-02-22 20:00:00,0.0
2022-02-22 21:00:00,0.003
2022-02-22 22:00:00,0.0
2022-02-22 23:00:00,0.002
2022-02-23 00:00:00,0.003
2022-02-23 01:00:00,0.002
2022-02-23 02:00:00,0.003
2022-02-23 03:00:00,0.003
2022-02-23 04:00:00,0.002
2022-02-23 05:00:00,0.042
2022-02-23 06:00:00,3.868
2022-02-23 07:00:00,22.639000000000003
2022-02-23 08:00:00,52.221
2022-02-23 09:00:00,97.506
2022-02-23 10:00:00,191.908
2022-02-23 11:00:00,198.592
2022-02-23 12:00:00,131.394
2022-02-23 13:00:00,148.97899999999998
2022-02-23 14:00:00,85.02699999999999
2022-02-23 15:00:00,5.139
2022-02-23 16:00:00,0.209
2022-02-23 17:00:00,0.028
2022-02-23 18:00:00,0.0
2022-02-23 19:00:00,0.0
2022-02-23 20:00:00,0.0
2022-02-23 21:00:00,0.0
2022-02-23 22:00:00,0.003
2022-02-23 23:00:00,0.003
2022-02-24 00:00:00,0.001
2022-02-24 01:00:00,0.0
2022-02-24 02:00:00,0.001
2022-02-24 03:00:00,0.004
2022-02-24 04:00:00,0.001
2022-02-24 05:00:00,0.077
2022-02-24 06:00:00,7.476000000000001
2022-02-24 07:00:00,27.305
2022-02-24 08:00:00,52.238
2022-02-24 09:00:00,56.193
2022-02-24 10:00:00,87.31200000000001
2022-02-24 11:00:00,122.143
2022-02-24 12:00:00,50.765
2022-02-24 13:00:00,19.921
2022-02-24 14:00:00,5.717
2022-02-24 15:00:00,0.221
2022-02-24 16:00:00,0.061
2022-02-24 17:00:00,0.093
2022-02-24 18:00:00,0.094
2022-02-24 19:00:00,0.0
2022-02-24 20:00:00,0.0
2022-02-24 21:00:00,0.0
2022-02-24 22:00:00,0.0
2022-02-24 23:00:00,0.0
2022-02-25 00:00:00,0.0
2022-02-25 01:00:00,0.0
2022-02-25 02:00:00,0.0
2022-02-25 03:00:00,0.0
2022-02-25 04:00:00,0.0
2022-02-25 05:00:00,0.088
2022-02-25 06:00:00,4.916
2022-02-25 07:00:00,43.712
2022-02-25 08:00:00,89.646
2022-02-25 09:00:00,82.07799999999999
2022-02-25 10:00:00,24.319000000000003
2022-02-25 11:00:00,32.589999999999996
2022-02-25 12:00:00,44.51
2022-02-25 13:00:00,40.909
2022-02-25 14:00:00,21.727
2022-02-25 15:00:00,1.152
2022-02-25 16:00:00,0.066
2022-02-25 17:00:00,0.083
2022-02-25 18:00:00,0.057
2022-02-25 19:00:00,0.201
2022-02-25 20:00:00,0.047
2022-02-25 21:00:00,0.007
2022-02-25 22:00:00,0.01
2022-02-25 23:00:00,0.145
2022-02-26 00:00:00,0.0
2022-02-26 01:00:00,0.0
2022-02-26 02:00:00,0.0
2022-02-26 03:00:00,0.001
2022-02-26 04:00:00,0.0
2022-02-26 05:00:00,0.973
2022-02-26 06:00:00,53.445
2022-02-26 07:00:00,194.455
2022-02-26 08:00:00,567.351
2022-02-26 09:00:00,652.0939999999999
2022-02-26 10:00:00,620.223
2022-02-26 11:00:00,623.713
2022-02-26 12:00:00,390.625
2022-02-26 13:00:00,354.73
2022-02-26 14:00:00,146.284
2022-02-26 15:00:00,10.822
2022-02-26 16:00:00,0.132
2022-02-26 17:00:00,0.078
2022-02-26 18:00:00,0.113
2022-02-26 19:00:00,0.098
2022-02-26 20:00:00,0.138
2022-02-26 21:00:00,0.102
2022-02-26 22:00:00,0.175
2022-02-26 23:00:00,0.128
2022-02-27 00:00:00,0.029
2022-02-27 01:00:00,0.08
2022-02-27 02:00:00,0.0
2022-02-27 03:00:00,0.158
2022-02-27 04:00:00,0.075
2022-02-27 05:00:00,1.103
2022-02-27 06:00:00,16.07
2022-02-27 07:00:00,26.31
2022-02-27 08:00:00,44.526
2022-02-27 09:00:00,119.325
2022-02-27 10:00:00,317.822
2022-02-27 11:00:00,620.287
2022-02-27 12:00:00,749.797
2022-02-27 13:00:00,478.566
2022-02-27 14:00:00,174.50400000000002
2022-02-27 15:00:00,13.758
2022-02-27 16:00:00,0.002
2022-02-27 17:00:00,0.0
2022-02-27 18:00:00,0.0
2022-02-27 19:00:00,0.0
2022-02-27 20:00:00,0.0
2022-02-27 21:00:00,0.001
2022-02-27 22:00:00,0.0
2022-02-27 23:00:00,0.001
2022-02-28 00:00:00,0.001
2022-02-28 01:00:00,0.0
2022-02-28 02:00:00,0.0
2022-02-28 03:00:00,0.001
2022-02-28 04:00:00,0.0
2022-02-28 05:00:00,1.182
2022-02-28 06:00:00,76.002
2022-02-28 07:00:00,345.36199999999997
2022-02-28 08:00:00,665.462
2022-02-28 09:00:00,880.466
2022-02-28 10:00:00,980.054
2022-02-28 11:00:00,953.898
2022-02-28 12:00:00,806.7909999999999
2022-02-28 13:00:00,545.658
2022-02-28 14:00:00,205.852
2022-02-28 15:00:00,21.027
2022-02-28 16:00:00,0.014
2022-02-28 17:00:00,0.034
2022-02-28 18:00:00,0.068
2022-02-28 19:00:00,0.245
2022-02-28 20:00:00,0.271
2022-02-28 21:00:00,0.251
2022-02-28 22:00:00,0.193
2022-02-28 23:00:00,0.178
2022-03-01 00:00:00,0.154
2022-03-01 01:00:00,0.215
2022-03-01 02:00:00,0.22
2022-03-01 03:00:00,0.177
2022-03-01 04:00:00,0.0
2022-03-01 05:00:00,1.93
2022-03-01 06:00:00,85.223
2022-03-01 07:00:00,350.413
2022-03-01 08:00:00,665.6679999999999
2022-03-01 09:00:00,887.874
2022-03-01 10:00:00,975.278
2022-03-01 11:00:00,959.891
2022-03-01 12:00:00,821.066
2022-03-01 13:00:00,545.505
2022-03-01 14:00:00,210.763
2022-03-01 15:00:00,21.324
2022-03-01 16:00:00,0.002
2022-03-01 17:00:00,0.0
2022-03-01 18:00:00,0.0
2022-03-01 19:00:00,0.0
2022-03-01 20:00:00,0.0
2022-03-01 21:00:00,0.0
2022-03-01 22:00:00,0.0
2022-03-01 23:00:00,0.0
2022-03-02 00:00:00,0.0
2022-03-02 01:00:00,0.0
2022-03-02 02:00:00,0.0
2022-03-02 03:00:00,0.0
2022-03-02 04:00:00,0.0
2022-03-02 05:00:00,2.55
2022-03-02 06:00:00,35.624
2022-03-02 07:00:00,113.373
2022-03-02 08:00:00,198.937
2022-03-02 09:00:00,406.289
2022-03-02 10:00:00,159.147
2022-03-02 11:00:00,93.702
2022-03-02 12:00:00,135.06799999999998
2022-03-02 13:00:00,131.728
2022-03-02 14:00:00,53.901
2022-03-02 15:00:00,2.099
2022-03-02 16:00:00,0.002
2022-03-02 17:00:00,0.001
2022-03-02 18:00:00,0.001
2022-03-02 19:00:00,0.001
2022-03-02 20:00:00,0.001
2022-03-02 21:00:00,0.001
2022-03-02 22:00:00,0.0
2022-03-02 23:00:00,0.001
2022-03-03 00:00:00,0.0
2022-03-03 01:00:00,0.001
2022-03-03 02:00:00,0.0
2022-03-03 03:00:00,0.0
2022-03-03 04:00:00,0.001
2022-03-03 05:00:00,3.71
2022-03-03 06:00:00,100.395
2022-03-03 07:00:00,364.81
2022-03-03 08:00:00,679.542
2022-03-03 09:00:00,826.97
2022-03-03 10:00:00,999.11
2022-03-03 11:00:00,977.195
2022-03-03 12:00:00,846.1289999999999
2022-03-03 13:00:00,584.461
2022-03-03 14:00:00,234.312
2022-03-03 15:00:00,30.543
2022-03-03 16:00:00,0.015
2022-03-03 17:00:00,0.001
2022-03-03 18:00:00,0.0
2022-03-03 19:00:00,0.001
2022-03-03 20:00:00,0.0
2022-03-03 21:00:00,0.001
2022-03-03 22:00:00,0.0
2022-03-03 23:00:00,0.001
2022-03-04 00:00:00,0.0
2022-03-04 01:00:00,0.001
2022-03-04 02:00:00,0.0
2022-03-04 03:00:00,0.001
2022-03-04 04:00:00,0.0
2022-03-04 05:00:00,4.806
2022-03-04 06:00:00,117.976
2022-03-04 07:00:00,399.713
2022-03-04 08:00:00,736.1419999999999
2022-03-04 09:00:00,965.686
2022-03-04 10:00:00,1056.115
2022-03-04 11:00:00,1038.973
2022-03-04 12:00:00,887.183
2022-03-04 13:00:00,621.294
2022-03-04 14:00:00,249.956
2022-03-04 15:00:00,31.671
2022-03-04 16:00:00,0.035
2022-03-04 17:00:00,0.001
2022-03-04 18:00:00,0.0
2022-03-04 19:00:00,0.0
2022-03-04 20:00:00,0.001
2022-03-04 21:00:00,0.0
2022-03-04 22:00:00,0.0
2022-03-04 23:00:00,0.0
2022-03-05 00:00:00,0.0
2022-03-05 01:00:00,0.0
2022-03-05 02:00:00,0.0
2022-03-05 03:00:00,0.0
2022-03-05 04:00:00,0.001
2022-03-05 05:00:00,5.7989999999999995
2022-03-05 06:00:00,113.565
2022-03-05 07:00:00,387.571
2022-03-05 08:00:00,671.969
2022-03-05 09:00:00,861.249
2022-03-05 10:00:00,956.15
2022-03-05 11:00:00,952.256
2022-03-05 12:00:00,832.7840000000001
2022-03-05 13:00:00,572.7370000000001
2022-03-05 14:00:00,244.738
2022-03-05 15:00:00,38.36
2022-03-05 16:00:00,0.1
2022-03-05 17:00:00,0.0
2022-03-05 18:00:00,0.001
2022-03-05 19:00:00,0.0
2022-03-05 20:00:00,0.0
2022-03-05 21:00:00,0.001
2022-03-05 22:00:00,0.0
2022-03-05 23:00:00,0.001
2022-03-06 00:00:00,0.0
2022-03-06 01:00:00,0.0
2022-03-06 02:00:00,0.001
2022-03-06 03:00:00,0.0
2022-03-06 04:00:00,0.001
2022-03-06 05:00:00,2.986
2022-03-06 06:00:00,49.702
2022-03-06 07:00:00,307.959
2022-03-06 08:00:00,466.158
2022-03-06 09:00:00,443.33
2022-03-06 10:00:00,784.87
2022-03-06 11:00:00,978.03
2022-03-06 12:00:00,859.418
2022-03-06 13:00:00,609.038
2022-03-06 14:00:00,261.59000000000003
2022-03-06 15:00:00,37.692
2022-03-06 16:00:00,0.113
2022-03-06 17:00:00,0.001
2022-03-06 18:00:00,0.0
2022-03-06 19:00:00,0.001
2022-03-06 20:00:00,0.0
2022-03-06 21:00:00,0.001
2022-03-06 22:00:00,0.0
2022-03-06 23:00:00,0.001
2022-03-07 00:00:00,0.0
2022-03-07 01:00:00,0.001
2022-03-07 02:00:00,0.0
2022-03-07 03:00:00,0.001
2022-03-07 04:00:00,0.0
2022-03-07 05:00:00,3.097
2022-03-07 06:00:00,60.566
2022-03-07 07:00:00,200.613
2022-03-07 08:00:00,291.198
2022-03-07 09:00:00,425.739
2022-03-07 10:00:00,613.49
2022-03-07 11:00:00,891.8100000000001
2022-03-07 12:00:00,735.394
2022-03-07 13:00:00,521.963
2022-03-07 14:00:00,266.486
2022-03-07 15:00:00,32.613
2022-03-07 16:00:00,0.216
2022-03-07 17:00:00,0.236
2022-03-07 18:00:00,0.235
2022-03-07 19:00:00,0.205
2022-03-07 20:00:00,0.165
2022-03-07 21:00:00,0.214
2022-03-07 22:00:00,0.103
2022-03-07 23:00:00,0.089
2022-03-08 00:00:00,0.08
2022-03-08 01:00:00,0.064
2022-03-08 02:00:00,0.137
2022-03-08 03:00:00,0.119
2022-03-08 04:00:00,0.125
2022-03-08 05:00:00,0.5740000000000001
2022-03-08 06:00:00,6.146
2022-03-08 07:00:00,25.065
2022-03-08 08:00:00,65.882
2022-03-08 09:00:00,76.629
2022-03-08 10:00:00,177.55499999999998
2022-03-08 11:00:00,260.61199999999997
2022-03-08 12:00:00,221.923
2022-03-08 13:00:00,189.564
2022-03-08 14:00:00,53.406
2022-03-08 15:00:00,10.247
2022-03-08 16:00:00,0.151
2022-03-08 17:00:00,0.0
2022-03-08 18:00:00,0.0
2022-03-08 19:00:00,0.001
2022-03-08 20:00:00,0.0
2022-03-08 21:00:00,0.0
2022-03-08 22:00:00,0.0
2022-03-08 23:00:00,0.001
2022-03-09 00:00:00,0.001
2022-03-09 01:00:00,0.0
2022-03-09 02:00:00,0.001
2022-03-09 03:00:00,0.0
2022-03-09 04:00:00,0.001
2022-03-09 05:00:00,0.711
2022-03-09 06:00:00,11.759
2022-03-09 07:00:00,47.802
2022-03-09 08:00:00,81.067
2022-03-09 09:00:00,108.657
2022-03-09 10:00:00,114.773
2022-03-09 11:00:00,106.217
2022-03-09 12:00:00,94.27700000000002
2022-03-09 13:00:00,97.305
2022-03-09 14:00:00,65.521
2022-03-09 15:00:00,15.975
2022-03-09 16:00:00,0.637
2022-03-09 17:00:00,0.295
2022-03-09 18:00:00,0.037
2022-03-09 19:00:00,0.037
2022-03-09 20:00:00,0.0
2022-03-09 21:00:00,0.0
2022-03-09 22:00:00,0.0
2022-03-09 23:00:00,0.0
2022-03-10 00:00:00,0.064
2022-03-10 01:00:00,0.013
2022-03-10 02:00:00,0.0
2022-03-10 03:00:00,0.0
2022-03-10 04:00:00,0.011
2022-03-10 05:00:00,17.9
2022-03-10 06:00:00,170.568
2022-03-10 07:00:00,470.627
2022-03-10 08:00:00,730.088
2022-03-10 09:00:00,1008.205
2022-03-10 10:00:00,1064.228
2022-03-10 11:00:00,1000.826
2022-03-10 12:00:00,766.2339999999999
2022-03-10 13:00:00,492.601
2022-03-10 14:00:00,213.775
2022-03-10 15:00:00,44.253
2022-03-10 16:00:00,0.505
2022-03-10 17:00:00,0.094
2022-03-10 18:00:00,0.098
2022-03-10 19:00:00,0.095
2022-03-10 20:00:00,0.095
2022-03-10 21:00:00,0.095
2022-03-10 22:00:00,0.091
2022-03-10 23:00:00,0.034
2022-03-11 00:00:00,0.0
2022-03-11 01:00:00,0.0
2022-03-11 02:00:00,0.0
2022-03-11 03:00:00,0.012
2022-03-11 04:00:00,0.1
2022-03-11 05:00:00,10.689
2022-03-11 06:00:00,118.125
2022-03-11 07:00:00,263.203
2022-03-11 08:00:00,500.855
2022-03-11 09:00:00,841.979
2022-03-11 10:00:00,1006.305
2022-03-11 11:00:00,1012.424
2022-03-11 12:00:00,844.187
2022-03-11 13:00:00,440.577
2022-03-11 14:00:00,159.848
2022-03-11 15:00:00,25.429
2022-03-11 16:00:00,0.3409999999999999
2022-03-11 17:00:00,0.101
2022-03-11 18:00:00,0.099
2022-03-11 19:00:00,0.114
2022-03-11 20:00:00,0.097
2022-03-11 21:00:00,0.071
2022-03-11 22:00:00,0.0
2022-03-11 23:00:00,0.0
2022-03-12 00:00:00,0.0
2022-03-12 01:00:00,0.066
2022-03-12 02:00:00,0.052
2022-03-12 03:00:00,0.0
2022-03-12 04:00:00,0.0099999999999999
2022-03-12 05:00:00,6.702
2022-03-12 06:00:00,134.68
2022-03-12 07:00:00,472.665
2022-03-12 08:00:00,827.221
2022-03-12 09:00:00,1032.061
2022-03-12 10:00:00,1110.447
2022-03-12 11:00:00,1104.226
2022-03-12 12:00:00,971.372
2022-03-12 13:00:00,719.5730000000001
2022-03-12 14:00:00,349.09299999999996
2022-03-12 15:00:00,70.793
2022-03-12 16:00:00,1.044
2022-03-12 17:00:00,0.097
2022-03-12 18:00:00,0.099
2022-03-12 19:00:00,0.101
2022-03-12 20:00:00,0.099
2022-03-12 21:00:00,0.064
2022-03-12 22:00:00,0.0
2022-03-12 23:00:00,0.042
2022-03-13 00:00:00,0.084
2022-03-13 01:00:00,0.0
2022-03-13 02:00:00,0.0
2022-03-13 03:00:00,0.0
2022-03-13 04:00:00,0.03
2022-03-13 05:00:00,17.183999999999997
2022-03-13 06:00:00,135.30599999999998
2022-03-13 07:00:00,399.193
2022-03-13 08:00:00,672.2
2022-03-13 09:00:00,958.015
2022-03-13 10:00:00,1077.95
2022-03-13 11:00:00,1083.838
2022-03-13 12:00:00,925.593
2022-03-13 13:00:00,706.628
2022-03-13 14:00:00,348.062
2022-03-13 15:00:00,74.804
2022-03-13 16:00:00,1.533
2022-03-13 17:00:00,0.093
2022-03-13 18:00:00,0.094
2022-03-13 19:00:00,0.095
2022-03-13 20:00:00,0.098
2022-03-13 21:00:00,0.094
2022-03-13 22:00:00,0.026
2022-03-13 23:00:00,0.0
2022-03-14 00:00:00,0.0
2022-03-14 01:00:00,0.0
2022-03-14 02:00:00,0.0
2022-03-14 03:00:00,0.0
2022-03-14 04:00:00,0.097
2022-03-14 05:00:00,28.697
2022-03-14 06:00:00,229.742
2022-03-14 07:00:00,562.975
2022-03-14 08:00:00,904.287
2022-03-14 09:00:00,1102.432
2022-03-14 10:00:00,1176.244
2022-03-14 11:00:00,1151.426
2022-03-14 12:00:00,1007.226
2022-03-14 13:00:00,753.859
2022-03-14 14:00:00,375.39
2022-03-14 15:00:00,77.838
2022-03-14 16:00:00,1.899
2022-03-14 17:00:00,0.098
2022-03-14 18:00:00,0.091
2022-03-14 19:00:00,0.093
2022-03-14 20:00:00,0.104
2022-03-14 21:00:00,0.095
2022-03-14 22:00:00,0.0
2022-03-14 23:00:00,0.0
2022-03-15 00:00:00,0.0
2022-03-15 01:00:00,0.0
2022-03-15 02:00:00,0.0
2022-03-15 03:00:00,0.047
2022-03-15 04:00:00,0.237
2022-03-15 05:00:00,26.595
2022-03-15 06:00:00,205.224
2022-03-15 07:00:00,518.518
2022-03-15 08:00:00,863.1310000000001
2022-03-15 09:00:00,1072.551
2022-03-15 10:00:00,1186.581
2022-03-15 11:00:00,1152.741
2022-03-15 12:00:00,1013.241
2022-03-15 13:00:00,763.729
2022-03-15 14:00:00,394.5379999999999
2022-03-15 15:00:00,93.054
2022-03-15 16:00:00,2.196
2022-03-15 17:00:00,0.091
2022-03-15 18:00:00,0.09
2022-03-15 19:00:00,0.093
2022-03-15 20:00:00,0.095
2022-03-15 21:00:00,0.091
2022-03-15 22:00:00,0.0
2022-03-15 23:00:00,0.0
2022-03-16 00:00:00,0.0
2022-03-16 01:00:00,0.0
2022-03-16 02:00:00,0.0
2022-03-16 03:00:00,0.014
2022-03-16 04:00:00,0.269
2022-03-16 05:00:00,30.678
2022-03-16 06:00:00,233.976
2022-03-16 07:00:00,578.782
2022-03-16 08:00:00,898.306
2022-03-16 09:00:00,1116.293
2022-03-16 10:00:00,1181.338
2022-03-16 11:00:00,1154.108
2022-03-16 12:00:00,1029.065
2022-03-16 13:00:00,767.489
2022-03-16 14:00:00,395.016
2022-03-16 15:00:00,96.279
2022-03-16 16:00:00,2.508
2022-03-16 17:00:00,0.126
2022-03-16 18:00:00,0.124
2022-03-16 19:00:00,0.067
2022-03-16 20:00:00,0.0
2022-03-16 21:00:00,0.0
2022-03-16 22:00:00,0.0
2022-03-16 23:00:00,0.0
2022-03-17 00:00:00,0.0
2022-03-17 01:00:00,0.062
2022-03-17 02:00:00,0.0
2022-03-17 03:00:00,0.0
2022-03-17 04:00:00,0.272
2022-03-17 05:00:00,38.689
2022-03-17 06:00:00,256.254
2022-03-17 07:00:00,593.2379999999999
2022-03-17 08:00:00,912.341
2022-03-17 09:00:00,1101.189
2022-03-17 10:00:00,1186.391
2022-03-17 11:00:00,1187.891
2022-03-17 12:00:00,1066.719
2022-03-17 13:00:00,802.461
2022-03-17 14:00:00,423.542
2022-03-17 15:00:00,103.827
2022-03-17 16:00:00,2.6630000000000003
2022-03-17 17:00:00,0.092
2022-03-17 18:00:00,0.093
2022-03-17 19:00:00,0.107
2022-03-17 20:00:00,0.08
2022-03-17 21:00:00,0.0
2022-03-17 22:00:00,0.0
2022-03-17 23:00:00,0.0
2022-03-18 00:00:00,0.0
2022-03-18 01:00:00,0.019
2022-03-18 02:00:00,0.109
2022-03-18 03:00:00,0.004
2022-03-18 04:00:00,0.384
2022-03-18 05:00:00,33.236
2022-03-18 06:00:00,205.774
2022-03-18 07:00:00,512.988
2022-03-18 08:00:00,819.32
2022-03-18 09:00:00,976.342
2022-03-18 10:00:00,882.027
2022-03-18 11:00:00,318.582
2022-03-18 12:00:00,40.085
2022-03-18 13:00:00,21.912000000000003
2022-03-18 14:00:00,34.448
2022-03-18 15:00:00,22.174
2022-03-18 16:00:00,0.482
2022-03-18 17:00:00,0.073
2022-03-18 18:00:00,0.0
2022-03-18 19:00:00,0.0
2022-03-18 20:00:00,0.0
2022-03-18 21:00:00,0.008
2022-03-18 22:00:00,0.122
2022-03-18 23:00:00,0.007
2022-03-19 00:00:00,0.0
2022-03-19 01:00:00,0.0
2022-03-19 02:00:00,0.0
2022-03-19 03:00:00,0.0
2022-03-19 04:00:00,0.449
2022-03-19 05:00:00,28.012
2022-03-19 06:00:00,103.007
2022-03-19 07:00:00,176.25
2022-03-19 08:00:00,250.692
2022-03-19 09:00:00,378.785
2022-03-19 10:00:00,751.5649999999999
2022-03-19 11:00:00,900.461
2022-03-19 12:00:00,842.631
2022-03-19 13:00:00,670.748
2022-03-19 14:00:00,372.316
2022-03-19 15:00:00,100.518
2022-03-19 16:00:00,4.2
2022-03-19 17:00:00,0.085
2022-03-19 18:00:00,0.167
2022-03-19 19:00:00,0.169
2022-03-19 20:00:00,0.038
2022-03-19 21:00:00,0.0
2022-03-19 22:00:00,0.0
2022-03-19 23:00:00,0.0
2022-03-20 00:00:00,0.0
2022-03-20 01:00:00,0.0
2022-03-20 02:00:00,0.009
2022-03-20 03:00:00,0.075
2022-03-20 04:00:00,0.776
2022-03-20 05:00:00,49.454
2022-03-20 06:00:00,285.76
2022-03-20 07:00:00,609.638
2022-03-20 08:00:00,922.214
2022-03-20 09:00:00,1116.752
2022-03-20 10:00:00,1181.124
2022-03-20 11:00:00,1179.559
2022-03-20 12:00:00,1052.02
2022-03-20 13:00:00,826.68
2022-03-20 14:00:00,445.475
2022-03-20 15:00:00,123.774
2022-03-20 16:00:00,5.923
2022-03-20 17:00:00,0.139
2022-03-20 18:00:00,0.132
2022-03-20 19:00:00,0.122
2022-03-20 20:00:00,0.146
2022-03-20 21:00:00,0.126
2022-03-20 22:00:00,0.113
2022-03-20 23:00:00,0.12
2022-03-21 00:00:00,0.115
2022-03-21 01:00:00,0.052
2022-03-21 02:00:00,0.0
2022-03-21 03:00:00,0.0
2022-03-21 04:00:00,0.988
2022-03-21 05:00:00,56.333
2022-03-21 06:00:00,307.613
2022-03-21 07:00:00,658.6899999999999
2022-03-21 08:00:00,986.196
2022-03-21 09:00:00,1180.999
2022-03-21 10:00:00,1236.143
2022-03-21 11:00:00,1205.81
2022-03-21 12:00:00,1073.638
2022-03-21 13:00:00,819.721
2022-03-21 14:00:00,433.10799999999995
2022-03-21 15:00:00,130.0
2022-03-21 16:00:00,6.373
2022-03-21 17:00:00,0.11
2022-03-21 18:00:00,0.113
2022-03-21 19:00:00,0.107
2022-03-21 20:00:00,0.11
2022-03-21 21:00:00,0.114
2022-03-21 22:00:00,0.104
2022-03-21 23:00:00,0.0
2022-03-22 00:00:00,0.0
2022-03-22 01:00:00,0.0
2022-03-22 02:00:00,0.0
2022-03-22 03:00:00,0.069
2022-03-22 04:00:00,2.129
2022-03-22 05:00:00,51.998999999999995
2022-03-22 06:00:00,265.569
2022-03-22 07:00:00,617.77
2022-03-22 08:00:00,945.42
2022-03-22 09:00:00,1152.933
2022-03-22 10:00:00,1219.659
2022-03-22 11:00:00,1189.275
2022-03-22 12:00:00,1035.005
2022-03-22 13:00:00,760.307
2022-03-22 14:00:00,367.076
2022-03-22 15:00:00,118.145
2022-03-22 16:00:00,9.032
2022-03-22 17:00:00,0.116
2022-03-22 18:00:00,0.126
2022-03-22 19:00:00,0.114
2022-03-22 20:00:00,0.119
2022-03-22 21:00:00,0.119
2022-03-22 22:00:00,0.113
2022-03-22 23:00:00,0.016
2022-03-23 00:00:00,0.0
2022-03-23 01:00:00,0.0
2022-03-23 02:00:00,0.0
2022-03-23 03:00:00,0.0
2022-03-23 04:00:00,1.888
2022-03-23 05:00:00,60.614999999999995
2022-03-23 06:00:00,221.849
2022-03-23 07:00:00,508.239
2022-03-23 08:00:00,828.808
2022-03-23 09:00:00,762.588
2022-03-23 10:00:00,568.969
2022-03-23 11:00:00,492.966
2022-03-23 12:00:00,257.991
2022-03-23 13:00:00,72.684
2022-03-23 14:00:00,33.883
2022-03-23 15:00:00,9.66
2022-03-23 16:00:00,2.923
2022-03-23 17:00:00,0.18
2022-03-23 18:00:00,0.123
2022-03-23 19:00:00,0.092
2022-03-23 20:00:00,0.0
2022-03-23 21:00:00,0.0
2022-03-23 22:00:00,0.0
2022-03-23 23:00:00,0.0
2022-03-24 00:00:00,0.0
2022-03-24 01:00:00,0.107
2022-03-24 02:00:00,0.073
2022-03-24 03:00:00,0.0
2022-03-24 04:00:00,1.667
2022-03-24 05:00:00,64.411
2022-03-24 06:00:00,304.56399999999996
2022-03-24 07:00:00,655.2950000000001
2022-03-24 08:00:00,944.748
2022-03-24 09:00:00,1124.557
2022-03-24 10:00:00,1212.398
2022-03-24 11:00:00,1219.381
2022-03-24 12:00:00,1094.594
2022-03-24 13:00:00,838.655
2022-03-24 14:00:00,471.328
2022-03-24 15:00:00,148.847
2022-03-24 16:00:00,10.847
2022-03-24 17:00:00,0.087
2022-03-24 18:00:00,0.127
2022-03-24 19:00:00,0.082
2022-03-24 20:00:00,0.075
2022-03-24 21:00:00,0.0
2022-03-24 22:00:00,0.0
2022-03-24 23:00:00,0.0
2022-03-25 00:00:00,0.0
2022-03-25 01:00:00,0.04
2022-03-25 02:00:00,0.066
2022-03-25 03:00:00,0.0
2022-03-25 04:00:00,3.021
2022-03-25 05:00:00,70.674
2022-03-25 06:00:00,320.45799999999997
2022-03-25 07:00:00,671.903
2022-03-25 08:00:00,672.648
2022-03-25 09:00:00,415.315
2022-03-25 10:00:00,698.4939999999999
2022-03-25 11:00:00,1090.674
2022-03-25 12:00:00,1036.791
2022-03-25 13:00:00,764.434
2022-03-25 14:00:00,274.60400000000004
2022-03-25 15:00:00,98.73
2022-03-25 16:00:00,6.29
2022-03-25 17:00:00,0.085
2022-03-25 18:00:00,0.067
2022-03-25 19:00:00,0.093
2022-03-25 20:00:00,0.062
2022-03-25 21:00:00,0.01
2022-03-25 22:00:00,0.0
2022-03-25 23:00:00,0.0
2022-03-26 00:00:00,0.0
2022-03-26 01:00:00,0.0
2022-03-26 02:00:00,0.0
2022-03-26 03:00:00,0.078
2022-03-26 04:00:00,3.634
2022-03-26 05:00:00,84.31400000000001
2022-03-26 06:00:00,312.924
2022-03-26 07:00:00,532.031
2022-03-26 08:00:00,658.05
2022-03-26 09:00:00,607.1610000000001
2022-03-26 10:00:00,492.134
2022-03-26 11:00:00,644.927
2022-03-26 12:00:00,505.505
2022-03-26 13:00:00,213.068
2022-03-26 14:00:00,98.637
2022-03-26 15:00:00,37.527
2022-03-26 16:00:00,4.420999999999999
2022-03-26 17:00:00,0.068
2022-03-26 18:00:00,0.007
2022-03-26 19:00:00,0.0
2022-03-26 20:00:00,0.002
2022-03-26 21:00:00,0.001
2022-03-26 22:00:00,0.053
2022-03-26 23:00:00,0.0
2022-03-27 00:00:00,0.004
2022-03-27 01:00:00,0.0
2022-03-27 02:00:00,0.0
2022-03-27 03:00:00,0.0
2022-03-27 04:00:00,3.829
2022-03-27 05:00:00,67.468
2022-03-27 06:00:00,260.198
2022-03-27 07:00:00,641.969
2022-03-27 08:00:00,973.997
2022-03-27 09:00:00,1093.417
2022-03-27 10:00:00,1056.598
2022-03-27 11:00:00,786.5609999999999
2022-03-27 12:00:00,418.861
2022-03-27 13:00:00,211.451
2022-03-27 14:00:00,115.617
2022-03-27 15:00:00,28.822000000000003
2022-03-27 16:00:00,3.048
2022-03-27 17:00:00,0.128
2022-03-27 18:00:00,0.088
2022-03-27 19:00:00,0.044
2022-03-27 20:00:00,0.0
2022-03-27 21:00:00,0.0
2022-03-27 22:00:00,0.0
2022-03-27 23:00:00,0.0
2022-03-28 00:00:00,0.0
2022-03-28 01:00:00,0.016
2022-03-28 02:00:00,0.136
2022-03-28 03:00:00,0.07
2022-03-28 04:00:00,3.595
2022-03-28 05:00:00,109.996
2022-03-28 06:00:00,294.443
2022-03-28 07:00:00,375.97
2022-03-28 08:00:00,792.569
2022-03-28 09:00:00,253.074
2022-03-28 10:00:00,175.803
2022-03-28 11:00:00,555.5310000000001
2022-03-28 12:00:00,527.482
2022-03-28 13:00:00,603.579
2022-03-28 14:00:00,433.4210000000001
2022-03-28 15:00:00,117.794
2022-03-28 16:00:00,7.388999999999999
2022-03-28 17:00:00,0.109
2022-03-28 18:00:00,0.082
2022-03-28 19:00:00,0.088
2022-03-28 20:00:00,0.025
2022-03-28 21:00:00,0.0
2022-03-28 22:00:00,0.0
2022-03-28 23:00:00,0.0
2022-03-29 00:00:00,0.0
2022-03-29 01:00:00,0.066
2022-03-29 02:00:00,0.011
2022-03-29 03:00:00,0.0
2022-03-29 04:00:00,0.2339999999999999
2022-03-29 05:00:00,6.08
2022-03-29 06:00:00,34.936
2022-03-29 07:00:00,80.41
2022-03-29 08:00:00,171.122
2022-03-29 09:00:00,355.062
2022-03-29 10:00:00,461.702
2022-03-29 11:00:00,565.698
2022-03-29 12:00:00,712.3299999999999
2022-03-29 13:00:00,658.655
2022-03-29 14:00:00,325.905
2022-03-29 15:00:00,126.133
2022-03-29 16:00:00,12.91
2022-03-29 17:00:00,0.629
2022-03-29 18:00:00,0.631
2022-03-29 19:00:00,0.353
2022-03-29 20:00:00,0.0
2022-03-29 21:00:00,0.0
2022-03-29 22:00:00,0.0
2022-03-29 23:00:00,0.378
2022-03-30 00:00:00,0.066
2022-03-30 01:00:00,0.0
2022-03-30 02:00:00,0.0
2022-03-30 03:00:00,0.0
2022-03-30 04:00:00,2.785
2022-03-30 05:00:00,48.195
2022-03-30 06:00:00,223.074
2022-03-30 07:00:00,516.241
2022-03-30 08:00:00,695.2049999999999
2022-03-30 09:00:00,844.602
2022-03-30 10:00:00,979.334
2022-03-30 11:00:00,917.141
2022-03-30 12:00:00,837.3820000000001
2022-03-30 13:00:00,652.259
2022-03-30 14:00:00,378.615
2022-03-30 15:00:00,134.535
2022-03-30 16:00:00,15.74
2022-03-30 17:00:00,0.929
2022-03-30 18:00:00,0.353
2022-03-30 19:00:00,0.0
2022-03-30 20:00:00,0.0
2022-03-30 21:00:00,0.0
2022-03-30 22:00:00,0.248
2022-03-30 23:00:00,0.32
2022-03-31 00:00:00,0.0
2022-03-31 01:00:00,0.0
2022-03-31 02:00:00,0.0
2022-03-31 03:00:00,0.0
2022-03-31 04:00:00,8.608
2022-03-31 05:00:00,76.078
2022-03-31 06:00:00,298.366
2022-03-31 07:00:00,595.811
2022-03-31 08:00:00,695.785
2022-03-31 09:00:00,627.807
2022-03-31 10:00:00,729.019
2022-03-31 11:00:00,724.0980000000001
2022-03-31 12:00:00,639.119
2022-03-31 13:00:00,541.706
2022-03-31 14:00:00,344.702
2022-03-31 15:00:00,126.933
2022-03-31 16:00:00,20.31
2022-03-31 17:00:00,0.544
2022-03-31 18:00:00,0.482
2022-03-31 19:00:00,0.384
2022-03-31 20:00:00,0.0
2022-03-31 21:00:00,0.0
2022-03-31 22:00:00,0.0
2022-03-31 23:00:00,0.0
2022-04-01 00:00:00,0.0
2022-04-01 01:00:00,0.0
2022-04-01 02:00:00,0.458
2022-04-01 03:00:00,0.008
2022-04-01 04:00:00,9.395
2022-04-01 05:00:00,121.107
2022-04-01 06:00:00,424.016
2022-04-01 07:00:00,799.439
2022-04-01 08:00:00,982.917
2022-04-01 09:00:00,942.056
2022-04-01 10:00:00,995.633
2022-04-01 11:00:00,994.207
2022-04-01 12:00:00,835.1769999999999
2022-04-01 13:00:00,620.066
2022-04-01 14:00:00,333.08799999999997
2022-04-01 15:00:00,155.697
2022-04-01 16:00:00,22.899
2022-04-01 17:00:00,0.551
2022-04-01 18:00:00,0.54
2022-04-01 19:00:00,0.0
2022-04-01 20:00:00,0.0
2022-04-01 21:00:00,0.0
2022-04-01 22:00:00,0.0
2022-04-01 23:00:00,0.25
2022-04-02 00:00:00,0.0
2022-04-02 01:00:00,0.0
2022-04-02 02:00:00,0.0
2022-04-02 03:00:00,0.008
2022-04-02 04:00:00,11.305
2022-04-02 05:00:00,130.791
2022-04-02 06:00:00,414.873
2022-04-02 07:00:00,779.169
2022-04-02 08:00:00,845.6959999999999
2022-04-02 09:00:00,670.15
2022-04-02 10:00:00,708.301
2022-04-02 11:00:00,734.653
2022-04-02 12:00:00,882.885
2022-04-02 13:00:00,821.095
2022-04-02 14:00:00,529.547
2022-04-02 15:00:00,189.737
2022-04-02 16:00:00,26.326
2022-04-02 17:00:00,0.55
2022-04-02 18:00:00,0.489
2022-04-02 19:00:00,0.0
2022-04-02 20:00:00,0.0
2022-04-02 21:00:00,0.0
2022-04-02 22:00:00,0.0
2022-04-02 23:00:00,0.0
2022-04-03 00:00:00,0.0
2022-04-03 01:00:00,0.336
2022-04-03 02:00:00,0.0
2022-04-03 03:00:00,0.033
2022-04-03 04:00:00,13.148
2022-04-03 05:00:00,125.719
2022-04-03 06:00:00,381.064
2022-04-03 07:00:00,742.631
2022-04-03 08:00:00,985.569
2022-04-03 09:00:00,995.157
2022-04-03 10:00:00,910.601
2022-04-03 11:00:00,805.512
2022-04-03 12:00:00,877.596
2022-04-03 13:00:00,873.419
2022-04-03 14:00:00,548.0740000000001
2022-04-03 15:00:00,189.025
2022-04-03 16:00:00,22.768
2022-04-03 17:00:00,0.542
2022-04-03 18:00:00,0.102
2022-04-03 19:00:00,0.107
2022-04-03 20:00:00,0.0
2022-04-03 21:00:00,0.0
2022-04-03 22:00:00,0.0
2022-04-03 23:00:00,0.0
2022-04-04 00:00:00,0.029
2022-04-04 01:00:00,0.108
2022-04-04 02:00:00,0.0
2022-04-04 03:00:00,0.031
2022-04-04 04:00:00,14.608999999999998
2022-04-04 05:00:00,62.611
2022-04-04 06:00:00,109.779
2022-04-04 07:00:00,92.742
2022-04-04 08:00:00,71.565
2022-04-04 09:00:00,82.85
2022-04-04 10:00:00,133.632
2022-04-04 11:00:00,133.243
2022-04-04 12:00:00,105.195
2022-04-04 13:00:00,76.269
2022-04-04 14:00:00,31.818
2022-04-04 15:00:00,7.133
2022-04-04 16:00:00,0.6799999999999999
2022-04-04 17:00:00,0.112
2022-04-04 18:00:00,0.027
2022-04-04 19:00:00,0.0
2022-04-04 20:00:00,0.0
2022-04-04 21:00:00,0.0
2022-04-04 22:00:00,0.044
2022-04-04 23:00:00,0.065
2022-04-05 00:00:00,0.0
2022-04-05 01:00:00,0.0
2022-04-05 02:00:00,0.0
2022-04-05 03:00:00,0.0
2022-04-05 04:00:00,1.809
2022-04-05 05:00:00,26.101
2022-04-05 06:00:00,75.76
2022-04-05 07:00:00,172.41400000000002
2022-04-05 08:00:00,252.166
2022-04-05 09:00:00,306.47299999999996
2022-04-05 10:00:00,259.233
2022-04-05 11:00:00,233.653
2022-04-05 12:00:00,363.367
2022-04-05 13:00:00,375.841
2022-04-05 14:00:00,245.241
2022-04-05 15:00:00,101.462
2022-04-05 16:00:00,12.955
2022-04-05 17:00:00,0.141
2022-04-05 18:00:00,0.044
2022-04-05 19:00:00,0.0
2022-04-05 20:00:00,0.0
2022-04-05 21:00:00,0.0
2022-04-05 22:00:00,0.0
2022-04-05 23:00:00,0.098
2022-04-06 00:00:00,0.015
2022-04-06 01:00:00,0.0
2022-04-06 02:00:00,0.0
2022-04-06 03:00:00,0.003
2022-04-06 04:00:00,1.396
2022-04-06 05:00:00,12.07
2022-04-06 06:00:00,133.636
2022-04-06 07:00:00,591.513
2022-04-06 08:00:00,1019.176
2022-04-06 09:00:00,972.682
2022-04-06 10:00:00,1151.715
2022-04-06 11:00:00,1198.237
2022-04-06 12:00:00,912.127
2022-04-06 13:00:00,559.156
2022-04-06 14:00:00,212.403
2022-04-06 15:00:00,76.526
2022-04-06 16:00:00,13.204999999999998
2022-04-06 17:00:00,0.165
2022-04-06 18:00:00,0.122
2022-04-06 19:00:00,0.12
2022-04-06 20:00:00,0.043
2022-04-06 21:00:00,0.0
2022-04-06 22:00:00,0.0
2022-04-06 23:00:00,0.0
2022-04-07 00:00:00,0.0
2022-04-07 01:00:00,0.0
2022-04-07 02:00:00,0.066
2022-04-07 03:00:00,0.095
2022-04-07 04:00:00,0.746
2022-04-07 05:00:00,7.817
2022-04-07 06:00:00,25.831999999999997
2022-04-07 07:00:00,76.62299999999999
2022-04-07 08:00:00,175.815
2022-04-07 09:00:00,155.724
2022-04-07 10:00:00,88.07600000000001
2022-04-07 11:00:00,114.921
2022-04-07 12:00:00,118.962
2022-04-07 13:00:00,67.017
2022-04-07 14:00:00,28.659
2022-04-07 15:00:00,9.25
2022-04-07 16:00:00,1.008
2022-04-07 17:00:00,0.079
2022-04-07 18:00:00,0.081
2022-04-07 19:00:00,0.022
2022-04-07 20:00:00,0.0
2022-04-07 21:00:00,0.0
2022-04-07 22:00:00,0.0
2022-04-07 23:00:00,0.0
2022-04-08 00:00:00,0.0
2022-04-08 01:00:00,0.032
2022-04-08 02:00:00,0.108
2022-04-08 03:00:00,0.026
2022-04-08 04:00:00,1.273
2022-04-08 05:00:00,25.255
2022-04-08 06:00:00,82.16199999999999
2022-04-08 07:00:00,156.926
2022-04-08 08:00:00,242.04
2022-04-08 09:00:00,388.729
2022-04-08 10:00:00,245.406
2022-04-08 11:00:00,213.927
2022-04-08 12:00:00,185.531
2022-04-08 13:00:00,97.372
2022-04-08 14:00:00,104.856
2022-04-08 15:00:00,87.447
2022-04-08 16:00:00,32.592
2022-04-08 17:00:00,0.544
2022-04-08 18:00:00,0.096
2022-04-08 19:00:00,0.111
2022-04-08 20:00:00,0.0
2022-04-08 21:00:00,0.0
2022-04-08 22:00:00,0.0
2022-04-08 23:00:00,0.0
2022-04-09 00:00:00,0.089
2022-04-09 01:00:00,0.0
2022-04-09 02:00:00,0.0
2022-04-09 03:00:00,0.01
2022-04-09 04:00:00,4.5520000000000005
2022-04-09 05:00:00,86.28200000000001
2022-04-09 06:00:00,208.463
2022-04-09 07:00:00,361.46899999999994
2022-04-09 08:00:00,788.764
2022-04-09 09:00:00,526.283
2022-04-09 10:00:00,559.889
2022-04-09 11:00:00,1018.784
2022-04-09 12:00:00,1044.456
2022-04-09 13:00:00,966.28
2022-04-09 14:00:00,578.539
2022-04-09 15:00:00,212.086
2022-04-09 16:00:00,32.964
2022-04-09 17:00:00,0.395
2022-04-09 18:00:00,0.48
2022-04-09 19:00:00,0.039
2022-04-09 20:00:00,0.0
2022-04-09 21:00:00,0.0
2022-04-09 22:00:00,0.0
2022-04-09 23:00:00,0.102
2022-04-10 00:00:00,0.035
2022-04-10 01:00:00,0.0
2022-04-10 02:00:00,0.0
2022-04-10 03:00:00,0.099
2022-04-10 04:00:00,7.1610000000000005
2022-04-10 05:00:00,52.039
2022-04-10 06:00:00,170.056
2022-04-10 07:00:00,292.581
2022-04-10 08:00:00,650.399
2022-04-10 09:00:00,950.755
2022-04-10 10:00:00,1110.666
2022-04-10 11:00:00,1210.108
2022-04-10 12:00:00,1145.797
2022-04-10 13:00:00,949.022
2022-04-10 14:00:00,599.927
2022-04-10 15:00:00,237.95
2022-04-10 16:00:00,43.737
2022-04-10 17:00:00,0.487
2022-04-10 18:00:00,0.127
2022-04-10 19:00:00,0.117
2022-04-10 20:00:00,0.129
2022-04-10 21:00:00,0.086
2022-04-10 22:00:00,0.006
2022-04-10 23:00:00,0.006
2022-04-11 00:00:00,0.006
2022-04-11 01:00:00,0.006
2022-04-11 02:00:00,0.049
2022-04-11 03:00:00,1.06
2022-04-11 04:00:00,37.392
2022-04-11 05:00:00,205.324
2022-04-11 06:00:00,551.647
2022-04-11 07:00:00,835.475
2022-04-11 08:00:00,924.964
2022-04-11 09:00:00,1262.117
2022-04-11 10:00:00,1303.516
2022-04-11 11:00:00,1334.863
2022-04-11 12:00:00,1262.619
2022-04-11 13:00:00,1030.217
2022-04-11 14:00:00,665.845
2022-04-11 15:00:00,277.764
2022-04-11 16:00:00,50.724
2022-04-11 17:00:00,1.289
2022-04-11 18:00:00,0.138
2022-04-11 19:00:00,0.126
2022-04-11 20:00:00,0.14
2022-04-11 21:00:00,0.078
2022-04-11 22:00:00,0.006
2022-04-11 23:00:00,0.006
2022-04-12 00:00:00,0.007
2022-04-12 01:00:00,0.006
2022-04-12 02:00:00,0.006
2022-04-12 03:00:00,0.21
2022-04-12 04:00:00,11.479
2022-04-12 05:00:00,71.242
2022-04-12 06:00:00,280.162
2022-04-12 07:00:00,756.512
2022-04-12 08:00:00,1150.7
2022-04-12 09:00:00,1281.465
2022-04-12 10:00:00,1262.891
2022-04-12 11:00:00,1118.23
2022-04-12 12:00:00,934.111
2022-04-12 13:00:00,785.359
2022-04-12 14:00:00,562.846
2022-04-12 15:00:00,242.677
2022-04-12 16:00:00,53.608999999999995
2022-04-12 17:00:00,1.087
2022-04-12 18:00:00,0.392
2022-04-12 19:00:00,0.193
2022-04-12 20:00:00,0.138
2022-04-12 21:00:00,0.074
2022-04-12 22:00:00,0.007
2022-04-12 23:00:00,0.006
2022-04-13 00:00:00,0.348
2022-04-13 01:00:00,0.007
2022-04-13 02:00:00,0.006
2022-04-13 03:00:00,1.839
2022-04-13 04:00:00,39.758
2022-04-13 05:00:00,209.19
2022-04-13 06:00:00,512.01
2022-04-13 07:00:00,685.669
2022-04-13 08:00:00,866.608
2022-04-13 09:00:00,885.334
2022-04-13 10:00:00,879.001
2022-04-13 11:00:00,1133.772
2022-04-13 12:00:00,837.7230000000001
2022-04-13 13:00:00,708.044
2022-04-13 14:00:00,350.525
2022-04-13 15:00:00,82.011
2022-04-13 16:00:00,12.113
2022-04-13 17:00:00,0.15
2022-04-13 18:00:00,0.236
2022-04-13 19:00:00,0.339
2022-04-13 20:00:00,0.065
2022-04-13 21:00:00,0.006
2022-04-13 22:00:00,0.007
2022-04-13 23:00:00,0.198
2022-04-14 00:00:00,0.157
2022-04-14 01:00:00,0.006
2022-04-14 02:00:00,0.087
2022-04-14 03:00:00,0.11
2022-04-14 04:00:00,4.481
2022-04-14 05:00:00,25.747
2022-04-14 06:00:00,68.69200000000001
2022-04-14 07:00:00,91.021
2022-04-14 08:00:00,108.605
2022-04-14 09:00:00,99.191
2022-04-14 10:00:00,90.491
2022-04-14 11:00:00,90.707
2022-04-14 12:00:00,146.859
2022-04-14 13:00:00,161.43099999999998
2022-04-14 14:00:00,106.212
2022-04-14 15:00:00,33.467
2022-04-14 16:00:00,6.6419999999999995
2022-04-14 17:00:00,0.398
2022-04-14 18:00:00,0.352
2022-04-14 19:00:00,0.005
2022-04-14 20:00:00,0.598
2022-04-14 21:00:00,0.131
2022-04-14 22:00:00,0.0
2022-04-14 23:00:00,0.063
2022-04-15 00:00:00,0.06
2022-04-15 01:00:00,0.0
2022-04-15 02:00:00,0.0
2022-04-15 03:00:00,0.136
2022-04-15 04:00:00,9.994
2022-04-15 05:00:00,36.551
2022-04-15 06:00:00,93.345
2022-04-15 07:00:00,157.03
2022-04-15 08:00:00,401.315
2022-04-15 09:00:00,842.453
2022-04-15 10:00:00,1035.278
2022-04-15 11:00:00,1063.026
2022-04-15 12:00:00,1158.591
2022-04-15 13:00:00,979.069
2022-04-15 14:00:00,614.1510000000001
2022-04-15 15:00:00,269.483
2022-04-15 16:00:00,53.775
2022-04-15 17:00:00,2.633
2022-04-15 18:00:00,0.51
2022-04-15 19:00:00,0.046
2022-04-15 20:00:00,0.0
2022-04-15 21:00:00,0.0
2022-04-15 22:00:00,0.0
2022-04-15 23:00:00,0.0
2022-04-16 00:00:00,0.0
2022-04-16 01:00:00,0.0
2022-04-16 02:00:00,0.058
2022-04-16 03:00:00,1.922
2022-04-16 04:00:00,37.215
2022-04-16 05:00:00,226.965
2022-04-16 06:00:00,579.715
2022-04-16 07:00:00,938.038
2022-04-16 08:00:00,1186.501
2022-04-16 09:00:00,1292.684
2022-04-16 10:00:00,1322.278
2022-04-16 11:00:00,1268.438
2022-04-16 12:00:00,1153.659
2022-04-16 13:00:00,906.752
2022-04-16 14:00:00,361.197
2022-04-16 15:00:00,238.265
2022-04-16 16:00:00,72.25399999999999
2022-04-16 17:00:00,1.354
2022-04-16 18:00:00,0.06
2022-04-16 19:00:00,0.044
2022-04-16 20:00:00,0.081
2022-04-16 21:00:00,0.054
2022-04-16 22:00:00,0.006
2022-04-16 23:00:00,0.006
2022-04-17 00:00:00,0.006
2022-04-17 01:00:00,0.006
2022-04-17 02:00:00,0.005
2022-04-17 03:00:00,2.907
2022-04-17 04:00:00,46.379
2022-04-17 05:00:00,231.662
2022-04-17 06:00:00,579.098
2022-04-17 07:00:00,911.508
2022-04-17 08:00:00,1172.858
2022-04-17 09:00:00,1256.517
2022-04-17 10:00:00,1314.345
2022-04-17 11:00:00,1183.49
2022-04-17 12:00:00,1216.314
2022-04-17 13:00:00,1016.933
2022-04-17 14:00:00,605.169
2022-04-17 15:00:00,230.42
2022-04-17 16:00:00,65.173
2022-04-17 17:00:00,5.675
2022-04-17 18:00:00,0.082
2022-04-17 19:00:00,0.083
2022-04-17 20:00:00,0.095
2022-04-17 21:00:00,0.046
2022-04-17 22:00:00,0.006
2022-04-17 23:00:00,0.007
2022-04-18 00:00:00,0.006
2022-04-18 01:00:00,0.006
2022-04-18 02:00:00,0.335
2022-04-18 03:00:00,2.742
2022-04-18 04:00:00,37.155
2022-04-18 05:00:00,205.17899999999997
2022-04-18 06:00:00,472.3970000000001
2022-04-18 07:00:00,624.8620000000001
2022-04-18 08:00:00,816.389
2022-04-18 09:00:00,997.323
2022-04-18 10:00:00,1217.131
2022-04-18 11:00:00,1372.91
2022-04-18 12:00:00,1233.11
2022-04-18 13:00:00,1032.548
2022-04-18 14:00:00,654.946
2022-04-18 15:00:00,211.555
2022-04-18 16:00:00,56.49
2022-04-18 17:00:00,1.924
2022-04-18 18:00:00,0.225
2022-04-18 19:00:00,0.332
2022-04-18 20:00:00,0.097
2022-04-18 21:00:00,0.26
2022-04-18 22:00:00,0.169
2022-04-18 23:00:00,0.075
2022-04-19 00:00:00,0.347
2022-04-19 01:00:00,0.006
2022-04-19 02:00:00,0.006
2022-04-19 03:00:00,3.236
2022-04-19 04:00:00,45.995999999999995
2022-04-19 05:00:00,248.682
2022-04-19 06:00:00,615.208
2022-04-19 07:00:00,958.198
2022-04-19 08:00:00,1228.271
2022-04-19 09:00:00,1356.894
2022-04-19 10:00:00,1389.395
2022-04-19 11:00:00,1353.529
2022-04-19 12:00:00,1242.571
2022-04-19 13:00:00,1023.437
2022-04-19 14:00:00,681.614
2022-04-19 15:00:00,301.95
2022-04-19 16:00:00,71.861
2022-04-19 17:00:00,4.208
2022-04-19 18:00:00,0.112
2022-04-19 19:00:00,0.102
2022-04-19 20:00:00,0.139
2022-04-19 21:00:00,0.117
2022-04-19 22:00:00,0.101
2022-04-19 23:00:00,0.38
2022-04-20 00:00:00,0.004
2022-04-20 01:00:00,0.006
2022-04-20 02:00:00,0.006
2022-04-20 03:00:00,3.322
2022-04-20 04:00:00,45.068000000000005
2022-04-20 05:00:00,256.533
2022-04-20 06:00:00,617.53
2022-04-20 07:00:00,952.976
2022-04-20 08:00:00,1134.104
2022-04-20 09:00:00,1328.712
2022-04-20 10:00:00,1378.382
2022-04-20 11:00:00,1367.152
2022-04-20 12:00:00,1236.034
2022-04-20 13:00:00,980.537
2022-04-20 14:00:00,646.43
2022-04-20 15:00:00,266.373
2022-04-20 16:00:00,72.771
2022-04-20 17:00:00,4.3629999999999995
2022-04-20 18:00:00,0.24
2022-04-20 19:00:00,0.164
2022-04-20 20:00:00,0.183
2022-04-20 21:00:00,0.19
2022-04-20 22:00:00,0.251
2022-04-20 23:00:00,0.379
2022-04-21 00:00:00,0.056
2022-04-21 01:00:00,0.04
2022-04-21 02:00:00,0.083
2022-04-21 03:00:00,5.242
2022-04-21 04:00:00,52.88
2022-04-21 05:00:00,270.982
2022-04-21 06:00:00,653.008
2022-04-21 07:00:00,1016.097
2022-04-21 08:00:00,1284.807
2022-04-21 09:00:00,1403.883
2022-04-21 10:00:00,1427.85
2022-04-21 11:00:00,1403.795
2022-04-21 12:00:00,1287.496
2022-04-21 13:00:00,1062.454
2022-04-21 14:00:00,723.1809999999999
2022-04-21 15:00:00,334.124
2022-04-21 16:00:00,84.41
2022-04-21 17:00:00,6.069999999999999
2022-04-21 18:00:00,0.222
2022-04-21 19:00:00,0.21
2022-04-21 20:00:00,0.484
2022-04-21 21:00:00,0.169
2022-04-21 22:00:00,0.2
2022-04-21 23:00:00,0.158
2022-04-22 00:00:00,0.12
2022-04-22 01:00:00,0.079
2022-04-22 02:00:00,0.034
2022-04-22 03:00:00,5.928
2022-04-22 04:00:00,57.217
2022-04-22 05:00:00,275.924
2022-04-22 06:00:00,646.5360000000001
2022-04-22 07:00:00,998.736
2022-04-22 08:00:00,1242.603
2022-04-22 09:00:00,1374.235
2022-04-22 10:00:00,1403.6260000000002
2022-04-22 11:00:00,1354.058
2022-04-22 12:00:00,1235.349
2022-04-22 13:00:00,1033.74
2022-04-22 14:00:00,706.13
2022-04-22 15:00:00,313.90000000000003
2022-04-22 16:00:00,78.723
2022-04-22 17:00:00,4.539
2022-04-22 18:00:00,0.683
2022-04-22 19:00:00,1.156
2022-04-22 20:00:00,0.507
2022-04-22 21:00:00,0.168
2022-04-22 22:00:00,0.19
2022-04-22 23:00:00,0.16
2022-04-23 00:00:00,0.193
2022-04-23 01:00:00,0.123
2022-04-23 02:00:00,0.047
2022-04-23 03:00:00,3.3520000000000003
2022-04-23 04:00:00,43.711
2022-04-23 05:00:00,181.932
2022-04-23 06:00:00,334.328
2022-04-23 07:00:00,491.42
2022-04-23 08:00:00,639.495
2022-04-23 09:00:00,750.953
2022-04-23 10:00:00,750.146
2022-04-23 11:00:00,776.7379999999999
2022-04-23 12:00:00,860.898
2022-04-23 13:00:00,663.0409999999999
2022-04-23 14:00:00,365.928
2022-04-23 15:00:00,154.954
2022-04-23 16:00:00,44.489999999999995
2022-04-23 17:00:00,6.526999999999999
2022-04-23 18:00:00,0.648
2022-04-23 19:00:00,0.559
2022-04-23 20:00:00,0.163
2022-04-23 21:00:00,0.171
2022-04-23 22:00:00,0.154
2022-04-23 23:00:00,0.171
2022-04-24 00:00:00,0.1
2022-04-24 01:00:00,0.081
2022-04-24 02:00:00,0.044
2022-04-24 03:00:00,9.405
2022-04-24 04:00:00,66.181
2022-04-24 05:00:00,241.782
2022-04-24 06:00:00,579.048
2022-04-24 07:00:00,846.756
2022-04-24 08:00:00,1008.11
2022-04-24 09:00:00,1152.801
2022-04-24 10:00:00,948.584
2022-04-24 11:00:00,817.5999999999999
2022-04-24 12:00:00,741.569
2022-04-24 13:00:00,504.694
2022-04-24 14:00:00,249.698
2022-04-24 15:00:00,131.063
2022-04-24 16:00:00,46.407
2022-04-24 17:00:00,3.46
2022-04-24 18:00:00,0.304
2022-04-24 19:00:00,0.262
2022-04-24 20:00:00,0.166
2022-04-24 21:00:00,0.187
2022-04-24 22:00:00,0.146
2022-04-24 23:00:00,0.076
2022-04-25 00:00:00,0.034
2022-04-25 01:00:00,0.049
2022-04-25 02:00:00,0.074
2022-04-25 03:00:00,1.787
2022-04-25 04:00:00,23.107
2022-04-25 05:00:00,87.56800000000001
2022-04-25 06:00:00,274.799
2022-04-25 07:00:00,414.29
2022-04-25 08:00:00,608.681
2022-04-25 09:00:00,983.987
2022-04-25 10:00:00,1261.8339999999998
2022-04-25 11:00:00,1304.445
2022-04-25 12:00:00,1259.682
2022-04-25 13:00:00,1041.112
2022-04-25 14:00:00,740.63
2022-04-25 15:00:00,339.813
2022-04-25 16:00:00,91.598
2022-04-25 17:00:00,8.305
2022-04-25 18:00:00,0.236
2022-04-25 19:00:00,0.215
2022-04-25 20:00:00,0.203
2022-04-25 21:00:00,0.248
2022-04-25 22:00:00,0.192
2022-04-25 23:00:00,0.077
2022-04-26 00:00:00,0.129
2022-04-26 01:00:00,0.101
2022-04-26 02:00:00,0.109
2022-04-26 03:00:00,8.370000000000001
2022-04-26 04:00:00,68.014
2022-04-26 05:00:00,299.933
2022-04-26 06:00:00,691.742
2022-04-26 07:00:00,1027.285
2022-04-26 08:00:00,1202.413
2022-04-26 09:00:00,1246.077
2022-04-26 10:00:00,1217.721
2022-04-26 11:00:00,1322.107
2022-04-26 12:00:00,1287.476
2022-04-26 13:00:00,1086.977
2022-04-26 14:00:00,746.047
2022-04-26 15:00:00,355.77200000000005
2022-04-26 16:00:00,92.651
2022-04-26 17:00:00,9.466
2022-04-26 18:00:00,0.325
2022-04-26 19:00:00,0.273
2022-04-26 20:00:00,0.314
2022-04-26 21:00:00,0.354
2022-04-26 22:00:00,0.626
2022-04-26 23:00:00,0.216
2022-04-27 00:00:00,0.256
2022-04-27 01:00:00,0.253
2022-04-27 02:00:00,0.233
2022-04-27 03:00:00,10.159
2022-04-27 04:00:00,75.586
2022-04-27 05:00:00,310.11
2022-04-27 06:00:00,692.226
2022-04-27 07:00:00,990.934
2022-04-27 08:00:00,1129.726
2022-04-27 09:00:00,1186.788
2022-04-27 10:00:00,1249.785
2022-04-27 11:00:00,1212.362
2022-04-27 12:00:00,959.18
2022-04-27 13:00:00,728.184
2022-04-27 14:00:00,578.9649999999999
2022-04-27 15:00:00,290.36899999999997
2022-04-27 16:00:00,66.687
2022-04-27 17:00:00,13.293
2022-04-27 18:00:00,0.314
2022-04-27 19:00:00,0.366
2022-04-27 20:00:00,0.691
2022-04-27 21:00:00,0.602
2022-04-27 22:00:00,0.685
2022-04-27 23:00:00,0.752
2022-04-28 00:00:00,0.604
2022-04-28 01:00:00,0.049
2022-04-28 02:00:00,0.121
2022-04-28 03:00:00,11.598
2022-04-28 04:00:00,78.707
2022-04-28 05:00:00,265.997
2022-04-28 06:00:00,456.63
2022-04-28 07:00:00,563.009
2022-04-28 08:00:00,523.991
2022-04-28 09:00:00,489.582
2022-04-28 10:00:00,453.106
2022-04-28 11:00:00,537.301
2022-04-28 12:00:00,518.019
2022-04-28 13:00:00,465.037
2022-04-28 14:00:00,162.753
2022-04-28 15:00:00,146.823
2022-04-28 16:00:00,42.563
2022-04-28 17:00:00,5.864999999999999
2022-04-28 18:00:00,0.32
2022-04-28 19:00:00,0.227
2022-04-28 20:00:00,0.105
2022-04-28 21:00:00,0.443
2022-04-28 22:00:00,0.244
2022-04-28 23:00:00,0.249
2022-04-29 00:00:00,0.571
2022-04-29 01:00:00,0.477
2022-04-29 02:00:00,0.468
2022-04-29 03:00:00,12.797
2022-04-29 04:00:00,84.563
2022-04-29 05:00:00,312.366
2022-04-29 06:00:00,675.154
2022-04-29 07:00:00,828.278
2022-04-29 08:00:00,779.8319999999999
2022-04-29 09:00:00,918.147
2022-04-29 10:00:00,787.863
2022-04-29 11:00:00,1034.109
2022-04-29 12:00:00,1036.759
2022-04-29 13:00:00,942.218
2022-04-29 14:00:00,674.256
2022-04-29 15:00:00,361.45
2022-04-29 16:00:00,97.945
2022-04-29 17:00:00,14.29
2022-04-29 18:00:00,0.416
2022-04-29 19:00:00,0.422
2022-04-29 20:00:00,0.514
2022-04-29 21:00:00,0.757
2022-04-29 22:00:00,0.727
2022-04-29 23:00:00,0.706
2022-04-30 00:00:00,0.376
2022-04-30 01:00:00,0.127
2022-04-30 02:00:00,0.253
2022-04-30 03:00:00,17.25
2022-04-30 04:00:00,91.546
2022-04-30 05:00:00,322.972
2022-04-30 06:00:00,672.048
2022-04-30 07:00:00,980.065
2022-04-30 08:00:00,1164.981
2022-04-30 09:00:00,1167.353
2022-04-30 10:00:00,1093.288
2022-04-30 11:00:00,1105.6660000000002
2022-04-30 12:00:00,985.568
2022-04-30 13:00:00,819.03
2022-04-30 14:00:00,653.685
2022-04-30 15:00:00,333.516
2022-04-30 16:00:00,94.954
2022-04-30 17:00:00,13.928999999999998
2022-04-30 18:00:00,1.289
2022-04-30 19:00:00,0.488
2022-04-30 20:00:00,0.328
2022-04-30 21:00:00,0.333
2022-04-30 22:00:00,0.574
2022-04-30 23:00:00,0.307
2022-05-01 00:00:00,0.154
2022-05-01 01:00:00,0.389
2022-05-01 02:00:00,0.587
2022-05-01 03:00:00,7.319999999999999
2022-05-01 04:00:00,60.436
2022-05-01 05:00:00,183.652
2022-05-01 06:00:00,376.579
2022-05-01 07:00:00,695.9659999999999
2022-05-01 08:00:00,1002.362
2022-05-01 09:00:00,1064.127
2022-05-01 10:00:00,862.3199999999999
2022-05-01 11:00:00,695.3779999999999
2022-05-01 12:00:00,659.5020000000001
2022-05-01 13:00:00,618.177
2022-05-01 14:00:00,604.736
2022-05-01 15:00:00,357.697
2022-05-01 16:00:00,105.861
2022-05-01 17:00:00,14.156
2022-05-01 18:00:00,0.425
2022-05-01 19:00:00,0.39
2022-05-01 20:00:00,0.429
2022-05-01 21:00:00,0.213
2022-05-01 22:00:00,0.111
2022-05-01 23:00:00,0.124
2022-05-02 00:00:00,0.658
2022-05-02 01:00:00,0.701
2022-05-02 02:00:00,1.094
2022-05-02 03:00:00,19.157
2022-05-02 04:00:00,97.248
2022-05-02 05:00:00,336.292
2022-05-02 06:00:00,662.635
2022-05-02 07:00:00,1003.859
2022-05-02 08:00:00,1165.226
2022-05-02 09:00:00,1270.087
2022-05-02 10:00:00,1188.728
2022-05-02 11:00:00,1354.754
2022-05-02 12:00:00,1340.322
2022-05-02 13:00:00,938.453
2022-05-02 14:00:00,609.912
2022-05-02 15:00:00,330.749
2022-05-02 16:00:00,79.801
2022-05-02 17:00:00,15.623
2022-05-02 18:00:00,0.324
2022-05-02 19:00:00,0.227
2022-05-02 20:00:00,0.181
2022-05-02 21:00:00,0.472
2022-05-02 22:00:00,0.19
2022-05-02 23:00:00,0.147
2022-05-03 00:00:00,0.086
2022-05-03 01:00:00,0.118
2022-05-03 02:00:00,0.294
2022-05-03 03:00:00,13.363
2022-05-03 04:00:00,93.189
2022-05-03 05:00:00,355.045
2022-05-03 06:00:00,742.612
2022-05-03 07:00:00,941.101
2022-05-03 08:00:00,1013.381
2022-05-03 09:00:00,1046.989
2022-05-03 10:00:00,1069.41
2022-05-03 11:00:00,1051.491
2022-05-03 12:00:00,890.284
2022-05-03 13:00:00,817.069
2022-05-03 14:00:00,716.701
2022-05-03 15:00:00,394.878
2022-05-03 16:00:00,113.134
2022-05-03 17:00:00,16.631
2022-05-03 18:00:00,0.621
2022-05-03 19:00:00,0.736
2022-05-03 20:00:00,0.66
2022-05-03 21:00:00,0.801
2022-05-03 22:00:00,0.704
2022-05-03 23:00:00,1.059
2022-05-04 00:00:00,0.298
2022-05-04 01:00:00,0.009
2022-05-04 02:00:00,0.721
2022-05-04 03:00:00,17.547
2022-05-04 04:00:00,100.543
2022-05-04 05:00:00,351.09299999999996
2022-05-04 06:00:00,689.3589999999999
2022-05-04 07:00:00,913.868
2022-05-04 08:00:00,1028.907
2022-05-04 09:00:00,1079.232
2022-05-04 10:00:00,1166.174
2022-05-04 11:00:00,1244.012
2022-05-04 12:00:00,1296.865
2022-05-04 13:00:00,1111.061
2022-05-04 14:00:00,763.1289999999999
2022-05-04 15:00:00,350.95500000000004
2022-05-04 16:00:00,116.487
2022-05-04 17:00:00,20.186
2022-05-04 18:00:00,0.4549999999999999
2022-05-04 19:00:00,0.349
2022-05-04 20:00:00,0.581
2022-05-04 21:00:00,0.194
2022-05-04 22:00:00,0.121
2022-05-04 23:00:00,0.074
2022-05-05 00:00:00,0.264
2022-05-05 01:00:00,0.217
2022-05-05 02:00:00,0.582
2022-05-05 03:00:00,22.903
2022-05-05 04:00:00,102.171
2022-05-05 05:00:00,286.02
2022-05-05 06:00:00,689.009
2022-05-05 07:00:00,932.35
2022-05-05 08:00:00,1010.101
2022-05-05 09:00:00,1133.073
2022-05-05 10:00:00,930.367
2022-05-05 11:00:00,558.6949999999999
2022-05-05 12:00:00,367.3
2022-05-05 13:00:00,397.231
2022-05-05 14:00:00,393.299
2022-05-05 15:00:00,263.99
2022-05-05 16:00:00,114.763
2022-05-05 17:00:00,18.529
2022-05-05 18:00:00,0.694
2022-05-05 19:00:00,0.184
2022-05-05 20:00:00,0.34
2022-05-05 21:00:00,0.345
2022-05-05 22:00:00,0.146
2022-05-05 23:00:00,0.077
2022-05-06 00:00:00,0.125
2022-05-06 01:00:00,0.08
2022-05-06 02:00:00,1.464
2022-05-06 03:00:00,20.844
2022-05-06 04:00:00,101.148
2022-05-06 05:00:00,354.601
2022-05-06 06:00:00,730.3720000000001
2022-05-06 07:00:00,1054.111
2022-05-06 08:00:00,1245.463
2022-05-06 09:00:00,1283.583
2022-05-06 10:00:00,1355.712
2022-05-06 11:00:00,1351.205
2022-05-06 12:00:00,1246.447
2022-05-06 13:00:00,1017.99
2022-05-06 14:00:00,724.779
2022-05-06 15:00:00,391.513
2022-05-06 16:00:00,122.553
2022-05-06 17:00:00,21.994999999999997
2022-05-06 18:00:00,1.11
2022-05-06 19:00:00,1.151
2022-05-06 20:00:00,1.275
2022-05-06 21:00:00,1.023
2022-05-06 22:00:00,0.239
2022-05-06 23:00:00,0.067
2022-05-07 00:00:00,0.034
2022-05-07 01:00:00,0.038
2022-05-07 02:00:00,0.472
2022-05-07 03:00:00,12.786
2022-05-07 04:00:00,51.404
2022-05-07 05:00:00,159.296
2022-05-07 06:00:00,503.502
2022-05-07 07:00:00,575.4010000000001
2022-05-07 08:00:00,541.127
2022-05-07 09:00:00,619.2239999999999
2022-05-07 10:00:00,566.325
2022-05-07 11:00:00,308.979
2022-05-07 12:00:00,207.414
2022-05-07 13:00:00,97.463
2022-05-07 14:00:00,65.961
2022-05-07 15:00:00,41.401
2022-05-07 16:00:00,14.432
2022-05-07 17:00:00,4.087
2022-05-07 18:00:00,0.065
2022-05-07 19:00:00,0.05
2022-05-07 20:00:00,0.064
2022-05-07 21:00:00,0.052
2022-05-07 22:00:00,0.018
2022-05-07 23:00:00,0.054
2022-05-08 00:00:00,0.013
2022-05-08 01:00:00,0.011
2022-05-08 02:00:00,1.439
2022-05-08 03:00:00,33.062
2022-05-08 04:00:00,118.512
2022-05-08 05:00:00,319.367
2022-05-08 06:00:00,623.108
2022-05-08 07:00:00,1087.754
2022-05-08 08:00:00,1286.561
2022-05-08 09:00:00,1371.445
2022-05-08 10:00:00,1426.092
2022-05-08 11:00:00,1388.821
2022-05-08 12:00:00,1326.206
2022-05-08 13:00:00,1117.186
2022-05-08 14:00:00,788.509
2022-05-08 15:00:00,402.282
2022-05-08 16:00:00,125.212
2022-05-08 17:00:00,22.296
2022-05-08 18:00:00,1.022
2022-05-08 19:00:00,0.358
2022-05-08 20:00:00,0.319
2022-05-08 21:00:00,0.398
2022-05-08 22:00:00,0.478
2022-05-08 23:00:00,0.006
2022-05-09 00:00:00,0.006
2022-05-09 01:00:00,0.005
2022-05-09 02:00:00,0.859
2022-05-09 03:00:00,20.332
2022-05-09 04:00:00,108.255
2022-05-09 05:00:00,376.506
2022-05-09 06:00:00,768.3770000000001
2022-05-09 07:00:00,1100.596
2022-05-09 08:00:00,1289.057
2022-05-09 09:00:00,1277.684
2022-05-09 10:00:00,1286.311
2022-05-09 11:00:00,1385.501
2022-05-09 12:00:00,1309.567
2022-05-09 13:00:00,1129.366
2022-05-09 14:00:00,755.627
2022-05-09 15:00:00,393.9299999999999
2022-05-09 16:00:00,126.751
2022-05-09 17:00:00,23.26
2022-05-09 18:00:00,1.282
2022-05-09 19:00:00,0.29
2022-05-09 20:00:00,0.234
2022-05-09 21:00:00,0.222
2022-05-09 22:00:00,0.196
2022-05-09 23:00:00,0.177
2022-05-10 00:00:00,0.087
2022-05-10 01:00:00,0.132
2022-05-10 02:00:00,1.766
2022-05-10 03:00:00,23.618
2022-05-10 04:00:00,116.565
2022-05-10 05:00:00,382.701
2022-05-10 06:00:00,727.899
2022-05-10 07:00:00,1107.12
2022-05-10 08:00:00,1288.25
2022-05-10 09:00:00,1395.734
2022-05-10 10:00:00,1426.561
2022-05-10 11:00:00,1354.169
2022-05-10 12:00:00,1179.804
2022-05-10 13:00:00,994.778
2022-05-10 14:00:00,593.273
2022-05-10 15:00:00,310.909
2022-05-10 16:00:00,118.65
2022-05-10 17:00:00,27.603
2022-05-10 18:00:00,0.726
2022-05-10 19:00:00,0.254
2022-05-10 20:00:00,0.247
2022-05-10 21:00:00,0.19
2022-05-10 22:00:00,0.14
2022-05-10 23:00:00,0.181
2022-05-11 00:00:00,0.138
2022-05-11 01:00:00,0.066
2022-05-11 02:00:00,0.068
2022-05-11 03:00:00,0.264
2022-05-11 04:00:00,1.8
2022-05-11 05:00:00,28.055
2022-05-11 06:00:00,243.561
2022-05-11 07:00:00,615.78
2022-05-11 08:00:00,785.003
2022-05-11 09:00:00,1063.716
2022-05-11 10:00:00,1262.051
2022-05-11 11:00:00,1271.989
2022-05-11 12:00:00,1231.435
2022-05-11 13:00:00,1120.272
2022-05-11 14:00:00,650.453
2022-05-11 15:00:00,197.125
2022-05-11 16:00:00,82.521
2022-05-11 17:00:00,33.038
2022-05-11 18:00:00,1.381
2022-05-11 19:00:00,0.25
2022-05-11 20:00:00,0.144
2022-05-11 21:00:00,0.203
2022-05-11 22:00:00,0.126
2022-05-11 23:00:00,0.146
2022-05-12 00:00:00,0.171
2022-05-12 01:00:00,0.049
2022-05-12 02:00:00,0.154
2022-05-12 03:00:00,7.687
2022-05-12 04:00:00,73.637
2022-05-12 05:00:00,111.797
2022-05-12 06:00:00,104.143
2022-05-12 07:00:00,90.43
2022-05-12 08:00:00,175.209
2022-05-12 09:00:00,518.096
2022-05-12 10:00:00,907.438
2022-05-12 11:00:00,1076.912
2022-05-12 12:00:00,851.347
2022-05-12 13:00:00,422.458
2022-05-12 14:00:00,437.211
2022-05-12 15:00:00,336.268
2022-05-12 16:00:00,124.237
2022-05-12 17:00:00,12.79
2022-05-12 18:00:00,1.226
2022-05-12 19:00:00,0.268
2022-05-12 20:00:00,0.221
2022-05-12 21:00:00,0.136
2022-05-12 22:00:00,0.165
2022-05-12 23:00:00,0.051
2022-05-13 00:00:00,0.04
2022-05-13 01:00:00,0.078
2022-05-13 02:00:00,2.508
2022-05-13 03:00:00,28.403999999999996
2022-05-13 04:00:00,127.616
2022-05-13 05:00:00,396.01700000000005
2022-05-13 06:00:00,785.287
2022-05-13 07:00:00,1083.768
2022-05-13 08:00:00,1267.922
2022-05-13 09:00:00,1386.5839999999998
2022-05-13 10:00:00,1363.867
2022-05-13 11:00:00,1238.31
2022-05-13 12:00:00,1308.113
2022-05-13 13:00:00,1133.092
2022-05-13 14:00:00,810.4250000000001
2022-05-13 15:00:00,430.594
2022-05-13 16:00:00,141.915
2022-05-13 17:00:00,27.584999999999997
2022-05-13 18:00:00,1.613
2022-05-13 19:00:00,1.271
2022-05-13 20:00:00,1.433
2022-05-13 21:00:00,0.928
2022-05-13 22:00:00,0.857
2022-05-13 23:00:00,0.162
2022-05-14 00:00:00,0.127
2022-05-14 01:00:00,0.042
2022-05-14 02:00:00,0.614
2022-05-14 03:00:00,14.361
2022-05-14 04:00:00,62.179
2022-05-14 05:00:00,118.136
2022-05-14 06:00:00,136.024
2022-05-14 07:00:00,206.564
2022-05-14 08:00:00,348.569
2022-05-14 09:00:00,304.591
2022-05-14 10:00:00,242.0
2022-05-14 11:00:00,420.714
2022-05-14 12:00:00,716.961
2022-05-14 13:00:00,752.2470000000001
2022-05-14 14:00:00,464.304
2022-05-14 15:00:00,264.539
2022-05-14 16:00:00,121.587
2022-05-14 17:00:00,30.122
2022-05-14 18:00:00,1.754
2022-05-14 19:00:00,0.367
2022-05-14 20:00:00,0.279
2022-05-14 21:00:00,0.16
2022-05-14 22:00:00,0.111
2022-05-14 23:00:00,0.06
2022-05-15 00:00:00,0.057
2022-05-15 01:00:00,0.081
2022-05-15 02:00:00,3.4339999999999997
2022-05-15 03:00:00,32.484
2022-05-15 04:00:00,138.248
2022-05-15 05:00:00,342.764
2022-05-15 06:00:00,588.613
2022-05-15 07:00:00,869.846
2022-05-15 08:00:00,1301.733
2022-05-15 09:00:00,1394.8490000000002
2022-05-15 10:00:00,1436.856
2022-05-15 11:00:00,1398.506
2022-05-15 12:00:00,1325.761
2022-05-15 13:00:00,1153.348
2022-05-15 14:00:00,829.8610000000001
2022-05-15 15:00:00,451.331
2022-05-15 16:00:00,144.344
2022-05-15 17:00:00,27.649
2022-05-15 18:00:00,2.482
2022-05-15 19:00:00,0.225
2022-05-15 20:00:00,0.14
2022-05-15 21:00:00,0.18
2022-05-15 22:00:00,0.14
2022-05-15 23:00:00,0.185
2022-05-16 00:00:00,0.08
2022-05-16 01:00:00,0.038
2022-05-16 02:00:00,3.598
2022-05-16 03:00:00,29.803
2022-05-16 04:00:00,133.346
2022-05-16 05:00:00,428.995
2022-05-16 06:00:00,827.211
2022-05-16 07:00:00,1179.058
2022-05-16 08:00:00,1379.731
2022-05-16 09:00:00,1436.977
2022-05-16 10:00:00,1440.427
2022-05-16 11:00:00,1378.134
2022-05-16 12:00:00,1237.523
2022-05-16 13:00:00,987.878
2022-05-16 14:00:00,697.09
2022-05-16 15:00:00,401.353
2022-05-16 16:00:00,143.728
2022-05-16 17:00:00,27.093
2022-05-16 18:00:00,2.5700000000000003
2022-05-16 19:00:00,0.156
2022-05-16 20:00:00,0.182
2022-05-16 21:00:00,0.153
2022-05-16 22:00:00,0.17
2022-05-16 23:00:00,0.066
2022-05-17 00:00:00,0.055
2022-05-17 01:00:00,0.054
2022-05-17 02:00:00,5.949
2022-05-17 03:00:00,35.749
2022-05-17 04:00:00,146.975
2022-05-17 05:00:00,425.367
2022-05-17 06:00:00,800.455
2022-05-17 07:00:00,1126.217
2022-05-17 08:00:00,1100.859
2022-05-17 09:00:00,796.275
2022-05-17 10:00:00,615.963
2022-05-17 11:00:00,590.476
2022-05-17 12:00:00,552.451
2022-05-17 13:00:00,577.992
2022-05-17 14:00:00,440.507
2022-05-17 15:00:00,310.11400000000003
2022-05-17 16:00:00,140.778
2022-05-17 17:00:00,31.364
2022-05-17 18:00:00,2.969
2022-05-17 19:00:00,0.26
2022-05-17 20:00:00,0.334
2022-05-17 21:00:00,0.418
2022-05-17 22:00:00,0.313
2022-05-17 23:00:00,0.469
2022-05-18 00:00:00,0.355
2022-05-18 01:00:00,0.699
2022-05-18 02:00:00,5.31
2022-05-18 03:00:00,35.658
2022-05-18 04:00:00,147.727
2022-05-18 05:00:00,410.78
2022-05-18 06:00:00,816.7139999999999
2022-05-18 07:00:00,1172.169
2022-05-18 08:00:00,1390.725
2022-05-18 09:00:00,1483.057
2022-05-18 10:00:00,1506.661
2022-05-18 11:00:00,1507.239
2022-05-18 12:00:00,1406.5220000000002
2022-05-18 13:00:00,1205.528
2022-05-18 14:00:00,874.8530000000001
2022-05-18 15:00:00,468.785
2022-05-18 16:00:00,167.644
2022-05-18 17:00:00,45.568
2022-05-18 18:00:00,2.464
2022-05-18 19:00:00,0.135
2022-05-18 20:00:00,0.151
2022-05-18 21:00:00,0.174
2022-05-18 22:00:00,0.144
2022-05-18 23:00:00,0.186
2022-05-19 00:00:00,0.091
2022-05-19 01:00:00,0.04
2022-05-19 02:00:00,1.669
2022-05-19 03:00:00,20.542
2022-05-19 04:00:00,76.466
2022-05-19 05:00:00,163.876
2022-05-19 06:00:00,259.396
2022-05-19 07:00:00,569.221
2022-05-19 08:00:00,911.312
2022-05-19 09:00:00,1295.469
2022-05-19 10:00:00,1356.5320000000002
2022-05-19 11:00:00,1221.253
2022-05-19 12:00:00,1140.492
2022-05-19 13:00:00,875.1270000000001
2022-05-19 14:00:00,773.037
2022-05-19 15:00:00,402.758
2022-05-19 16:00:00,136.422
2022-05-19 17:00:00,35.241
2022-05-19 18:00:00,2.752
2022-05-19 19:00:00,0.286
2022-05-19 20:00:00,0.202
2022-05-19 21:00:00,0.155
2022-05-19 22:00:00,0.203
2022-05-19 23:00:00,0.144
2022-05-20 00:00:00,0.185
2022-05-20 01:00:00,0.099
2022-05-20 02:00:00,0.238
2022-05-20 03:00:00,2.8209999999999997
2022-05-20 04:00:00,17.634
2022-05-20 05:00:00,34.877
2022-05-20 06:00:00,19.966
2022-05-20 07:00:00,42.711
2022-05-20 08:00:00,49.551
2022-05-20 09:00:00,70.045
2022-05-20 10:00:00,48.733999999999995
2022-05-20 11:00:00,40.162
2022-05-20 12:00:00,52.638
2022-05-20 13:00:00,64.788
2022-05-20 14:00:00,59.92400000000001
2022-05-20 15:00:00,19.915
2022-05-20 16:00:00,9.786
2022-05-20 17:00:00,3.607
2022-05-20 18:00:00,0.341
2022-05-20 19:00:00,0.085
2022-05-20 20:00:00,0.041
2022-05-20 21:00:00,0.067
2022-05-20 22:00:00,0.174
2022-05-20 23:00:00,0.091
2022-05-21 00:00:00,0.051
2022-05-21 01:00:00,0.123
2022-05-21 02:00:00,3.891
2022-05-21 03:00:00,36.34
2022-05-21 04:00:00,135.504
2022-05-21 05:00:00,317.233
2022-05-21 06:00:00,432.892
2022-05-21 07:00:00,434.22
2022-05-21 08:00:00,444.614
2022-05-21 09:00:00,343.094
2022-05-21 10:00:00,255.478
2022-05-21 11:00:00,158.536
2022-05-21 12:00:00,105.729
2022-05-21 13:00:00,81.35300000000001
2022-05-21 14:00:00,64.363
2022-05-21 15:00:00,50.703
2022-05-21 16:00:00,26.577
2022-05-21 17:00:00,7.706
2022-05-21 18:00:00,0.749
2022-05-21 19:00:00,0.278
2022-05-21 20:00:00,0.172
2022-05-21 21:00:00,0.143
2022-05-21 22:00:00,0.15
2022-05-21 23:00:00,0.05
2022-05-22 00:00:00,0.038
2022-05-22 01:00:00,0.071
2022-05-22 02:00:00,12.318
2022-05-22 03:00:00,74.95
2022-05-22 04:00:00,181.381
2022-05-22 05:00:00,319.23400000000004
2022-05-22 06:00:00,600.94
2022-05-22 07:00:00,920.244
2022-05-22 08:00:00,1088.572
2022-05-22 09:00:00,1249.876
2022-05-22 10:00:00,1229.556
2022-05-22 11:00:00,1168.898
2022-05-22 12:00:00,1083.192
2022-05-22 13:00:00,793.4069999999999
2022-05-22 14:00:00,541.137
2022-05-22 15:00:00,336.25300000000004
2022-05-22 16:00:00,150.17000000000002
2022-05-22 17:00:00,51.118
2022-05-22 18:00:00,6.51
2022-05-22 19:00:00,0.258
2022-05-22 20:00:00,0.155
2022-05-22 21:00:00,0.158
2022-05-22 22:00:00,0.15
2022-05-22 23:00:00,0.039
2022-05-23 00:00:00,0.111
2022-05-23 01:00:00,0.114
2022-05-23 02:00:00,9.867
2022-05-23 03:00:00,48.912
2022-05-23 04:00:00,146.92399999999998
2022-05-23 05:00:00,393.769
2022-05-23 06:00:00,775.462
2022-05-23 07:00:00,1144.314
2022-05-23 08:00:00,1366.66
2022-05-23 09:00:00,1465.719
2022-05-23 10:00:00,1500.928
2022-05-23 11:00:00,1457.836
2022-05-23 12:00:00,1382.7340000000002
2022-05-23 13:00:00,1184.326
2022-05-23 14:00:00,857.194
2022-05-23 15:00:00,476.695
2022-05-23 16:00:00,171.45
2022-05-23 17:00:00,39.45
2022-05-23 18:00:00,5.559
2022-05-23 19:00:00,0.175
2022-05-23 20:00:00,0.181
2022-05-23 21:00:00,0.14
2022-05-23 22:00:00,0.174
2022-05-23 23:00:00,0.225
2022-05-24 00:00:00,0.248
2022-05-24 01:00:00,0.199
2022-05-24 02:00:00,7.243
2022-05-24 03:00:00,36.052
2022-05-24 04:00:00,152.31
2022-05-24 05:00:00,441.771
2022-05-24 06:00:00,780.6469999999999
2022-05-24 07:00:00,1149.773
2022-05-24 08:00:00,1365.34
2022-05-24 09:00:00,1438.59
2022-05-24 10:00:00,1482.675
2022-05-24 11:00:00,1473.272
2022-05-24 12:00:00,1391.379
2022-05-24 13:00:00,1162.614
2022-05-24 14:00:00,837.676
2022-05-24 15:00:00,465.847
2022-05-24 16:00:00,168.09300000000002
2022-05-24 17:00:00,41.423
2022-05-24 18:00:00,5.771
2022-05-24 19:00:00,0.191
2022-05-24 20:00:00,0.158
2022-05-24 21:00:00,0.136
2022-05-24 22:00:00,0.112
2022-05-24 23:00:00,0.142
2022-05-25 00:00:00,0.109
2022-05-25 01:00:00,0.138
2022-05-25 02:00:00,12.072
2022-05-25 03:00:00,74.217
2022-05-25 04:00:00,183.673
2022-05-25 05:00:00,214.164
2022-05-25 06:00:00,250.82
2022-05-25 07:00:00,237.002
2022-05-25 08:00:00,290.22
2022-05-25 09:00:00,392.311
2022-05-25 10:00:00,432.983
2022-05-25 11:00:00,571.4929999999999
2022-05-25 12:00:00,452.172
2022-05-25 13:00:00,537.713
2022-05-25 14:00:00,431.226
2022-05-25 15:00:00,157.405
2022-05-25 16:00:00,32.104
2022-05-25 17:00:00,11.173000000000002
2022-05-25 18:00:00,1.742
2022-05-25 19:00:00,0.387
2022-05-25 20:00:00,0.356
2022-05-25 21:00:00,0.388
2022-05-25 22:00:00,0.166
2022-05-25 23:00:00,0.071
2022-05-26 00:00:00,0.046
2022-05-26 01:00:00,0.043
2022-05-26 02:00:00,1.899
2022-05-26 03:00:00,29.58
2022-05-26 04:00:00,134.753
2022-05-26 05:00:00,281.991
2022-05-26 06:00:00,619.355
2022-05-26 07:00:00,814.7260000000001
2022-05-26 08:00:00,948.443
2022-05-26 09:00:00,951.048
2022-05-26 10:00:00,577.3340000000001
2022-05-26 11:00:00,429.061
2022-05-26 12:00:00,717.5690000000001
2022-05-26 13:00:00,693.427
2022-05-26 14:00:00,421.744
2022-05-26 15:00:00,178.56900000000002
2022-05-26 16:00:00,88.57900000000001
2022-05-26 17:00:00,28.045
2022-05-26 18:00:00,2.4160000000000004
2022-05-26 19:00:00,0.206
2022-05-26 20:00:00,0.086
2022-05-26 21:00:00,0.119
2022-05-26 22:00:00,0.087
2022-05-26 23:00:00,0.082
2022-05-27 00:00:00,0.107
2022-05-27 01:00:00,0.071
2022-05-27 02:00:00,3.17
2022-05-27 03:00:00,10.473
2022-05-27 04:00:00,40.998
2022-05-27 05:00:00,82.576
2022-05-27 06:00:00,128.12300000000002
2022-05-27 07:00:00,200.017
2022-05-27 08:00:00,292.762
2022-05-27 09:00:00,235.155
2022-05-27 10:00:00,230.608
2022-05-27 11:00:00,355.0
2022-05-27 12:00:00,517.495
2022-05-27 13:00:00,544.019
2022-05-27 14:00:00,579.073
2022-05-27 15:00:00,380.542
2022-05-27 16:00:00,126.61
2022-05-27 17:00:00,19.557
2022-05-27 18:00:00,0.974
2022-05-27 19:00:00,1.273
2022-05-27 20:00:00,1.368
2022-05-27 21:00:00,0.976
2022-05-27 22:00:00,0.352
2022-05-27 23:00:00,0.194
2022-05-28 00:00:00,0.459
2022-05-28 01:00:00,0.037
2022-05-28 02:00:00,4.497999999999999
2022-05-28 03:00:00,54.806
2022-05-28 04:00:00,189.979
2022-05-28 05:00:00,383.059
2022-05-28 06:00:00,432.454
2022-05-28 07:00:00,370.507
2022-05-28 08:00:00,399.054
2022-05-28 09:00:00,337.63899999999995
2022-05-28 10:00:00,374.086
2022-05-28 11:00:00,338.923
2022-05-28 12:00:00,568.4979999999999
2022-05-28 13:00:00,521.445
2022-05-28 14:00:00,425.714
2022-05-28 15:00:00,245.496
2022-05-28 16:00:00,127.839
2022-05-28 17:00:00,39.885
2022-05-28 18:00:00,5.83
2022-05-28 19:00:00,0.629
2022-05-28 20:00:00,0.197
2022-05-28 21:00:00,0.152
2022-05-28 22:00:00,0.067
2022-05-28 23:00:00,0.042
2022-05-29 00:00:00,0.058
2022-05-29 01:00:00,0.646
2022-05-29 02:00:00,7.765000000000001
2022-05-29 03:00:00,50.599
2022-05-29 04:00:00,100.163
2022-05-29 05:00:00,168.218
2022-05-29 06:00:00,229.278
2022-05-29 07:00:00,395.493
2022-05-29 08:00:00,586.736
2022-05-29 09:00:00,704.558
2022-05-29 10:00:00,660.783
2022-05-29 11:00:00,605.645
2022-05-29 12:00:00,585.238
2022-05-29 13:00:00,391.51
2022-05-29 14:00:00,241.65
2022-05-29 15:00:00,173.962
2022-05-29 16:00:00,107.427
2022-05-29 17:00:00,47.794
2022-05-29 18:00:00,5.388
2022-05-29 19:00:00,0.245
2022-05-29 20:00:00,0.223
2022-05-29 21:00:00,0.139
2022-05-29 22:00:00,0.102
2022-05-29 23:00:00,0.137
2022-05-30 00:00:00,0.115
2022-05-30 01:00:00,0.247
2022-05-30 02:00:00,10.072
2022-05-30 03:00:00,45.742
2022-05-30 04:00:00,136.004
2022-05-30 05:00:00,361.619
2022-05-30 06:00:00,515.108
2022-05-30 07:00:00,747.8219999999999
2022-05-30 08:00:00,967.7
2022-05-30 09:00:00,951.161
2022-05-30 10:00:00,831.49
2022-05-30 11:00:00,943.92
2022-05-30 12:00:00,957.355
2022-05-30 13:00:00,657.308
2022-05-30 14:00:00,509.955
2022-05-30 15:00:00,253.943
2022-05-30 16:00:00,36.111
2022-05-30 17:00:00,9.685
2022-05-30 18:00:00,1.77
2022-05-30 19:00:00,0.201
2022-05-30 20:00:00,0.205
2022-05-30 21:00:00,0.144
2022-05-30 22:00:00,0.15
2022-05-30 23:00:00,0.352
2022-05-31 00:00:00,0.175
2022-05-31 01:00:00,0.139
2022-05-31 02:00:00,0.647
2022-05-31 03:00:00,13.99
2022-05-31 04:00:00,50.45100000000001
2022-05-31 05:00:00,75.383
2022-05-31 06:00:00,148.239
2022-05-31 07:00:00,264.343
2022-05-31 08:00:00,420.573
2022-05-31 09:00:00,527.853
2022-05-31 10:00:00,444.807
2022-05-31 11:00:00,245.732
2022-05-31 12:00:00,124.734
2022-05-31 13:00:00,110.372
2022-05-31 14:00:00,80.505
2022-05-31 15:00:00,43.584
2022-05-31 16:00:00,15.774
2022-05-31 17:00:00,5.799
2022-05-31 18:00:00,0.758
2022-05-31 19:00:00,0.249
2022-05-31 20:00:00,0.162
2022-05-31 21:00:00,0.121
2022-05-31 22:00:00,0.063
2022-05-31 23:00:00,0.045
2022-06-01 00:00:00,0.05
2022-06-01 01:00:00,0.138
2022-06-01 02:00:00,6.426
2022-06-01 03:00:00,61.708
2022-06-01 04:00:00,171.63799999999998
2022-06-01 05:00:00,431.262
2022-06-01 06:00:00,842.8629999999999
2022-06-01 07:00:00,1054.573
2022-06-01 08:00:00,1043.265
2022-06-01 09:00:00,1148.885
2022-06-01 10:00:00,1013.159
2022-06-01 11:00:00,524.236
2022-06-01 12:00:00,302.015
2022-06-01 13:00:00,214.753
2022-06-01 14:00:00,96.619
2022-06-01 15:00:00,40.001999999999995
2022-06-01 16:00:00,34.221000000000004
2022-06-01 17:00:00,6.871
2022-06-01 18:00:00,0.718
2022-06-01 19:00:00,0.231
2022-06-01 20:00:00,0.221
2022-06-01 21:00:00,0.152
2022-06-01 22:00:00,0.231
2022-06-01 23:00:00,0.202
2022-06-02 00:00:00,0.194
2022-06-02 01:00:00,0.182
2022-06-02 02:00:00,3.785
2022-06-02 03:00:00,10.589
2022-06-02 04:00:00,12.946000000000002
2022-06-02 05:00:00,35.797
2022-06-02 06:00:00,48.25
2022-06-02 07:00:00,99.275
2022-06-02 08:00:00,156.052
2022-06-02 09:00:00,283.46299999999997
2022-06-02 10:00:00,350.137
2022-06-02 11:00:00,213.825
2022-06-02 12:00:00,168.664
2022-06-02 13:00:00,170.79600000000002
2022-06-02 14:00:00,86.163
2022-06-02 15:00:00,45.529
2022-06-02 16:00:00,18.53
2022-06-02 17:00:00,6.474
2022-06-02 18:00:00,1.812
2022-06-02 19:00:00,0.398
2022-06-02 20:00:00,0.343
2022-06-02 21:00:00,0.052
2022-06-02 22:00:00,0.068
2022-06-02 23:00:00,0.048
2022-06-03 00:00:00,0.077
2022-06-03 01:00:00,0.156
2022-06-03 02:00:00,9.925
2022-06-03 03:00:00,44.944
2022-06-03 04:00:00,139.346
2022-06-03 05:00:00,317.12
2022-06-03 06:00:00,584.283
2022-06-03 07:00:00,1014.02
2022-06-03 08:00:00,1170.657
2022-06-03 09:00:00,1050.092
2022-06-03 10:00:00,954.042
2022-06-03 11:00:00,816.323
2022-06-03 12:00:00,567.487
2022-06-03 13:00:00,319.494
2022-06-03 14:00:00,176.27100000000002
2022-06-03 15:00:00,104.589
2022-06-03 16:00:00,41.979
2022-06-03 17:00:00,12.7
2022-06-03 18:00:00,1.772
2022-06-03 19:00:00,1.422
2022-06-03 20:00:00,1.044
2022-06-03 21:00:00,0.799
2022-06-03 22:00:00,0.518
2022-06-03 23:00:00,0.219
2022-06-04 00:00:00,0.182
2022-06-04 01:00:00,0.289
2022-06-04 02:00:00,14.486
2022-06-04 03:00:00,53.86
2022-06-04 04:00:00,149.494
2022-06-04 05:00:00,274.362
2022-06-04 06:00:00,396.341
2022-06-04 07:00:00,446.409
2022-06-04 08:00:00,693.4010000000001
2022-06-04 09:00:00,1074.304
2022-06-04 10:00:00,1148.802
2022-06-04 11:00:00,1149.31
2022-06-04 12:00:00,1112.203
2022-06-04 13:00:00,1034.585
2022-06-04 14:00:00,826.9449999999999
2022-06-04 15:00:00,483.204
2022-06-04 16:00:00,179.441
2022-06-04 17:00:00,45.021
2022-06-04 18:00:00,7.496
2022-06-04 19:00:00,1.116
2022-06-04 20:00:00,0.059
2022-06-04 21:00:00,0.037
2022-06-04 22:00:00,0.037
2022-06-04 23:00:00,0.067
2022-06-05 00:00:00,0.038
2022-06-05 01:00:00,0.498
2022-06-05 02:00:00,9.57
2022-06-05 03:00:00,53.202
2022-06-05 04:00:00,164.879
2022-06-05 05:00:00,424.127
2022-06-05 06:00:00,765.28
2022-06-05 07:00:00,1077.202
2022-06-05 08:00:00,1255.783
2022-06-05 09:00:00,1330.7820000000002
2022-06-05 10:00:00,1367.279
2022-06-05 11:00:00,1360.904
2022-06-05 12:00:00,1311.5030000000002
2022-06-05 13:00:00,1150.078
2022-06-05 14:00:00,858.4939999999999
2022-06-05 15:00:00,495.771
2022-06-05 16:00:00,193.524
2022-06-05 17:00:00,51.506
2022-06-05 18:00:00,9.163
2022-06-05 19:00:00,0.433
2022-06-05 20:00:00,0.24
2022-06-05 21:00:00,0.211
2022-06-05 22:00:00,0.231
2022-06-05 23:00:00,0.268
2022-06-06 00:00:00,0.062
2022-06-06 01:00:00,0.951
2022-06-06 02:00:00,23.511
2022-06-06 03:00:00,67.46600000000001
2022-06-06 04:00:00,201.335
2022-06-06 05:00:00,434.1230000000001
2022-06-06 06:00:00,606.992
2022-06-06 07:00:00,882.331
2022-06-06 08:00:00,1147.149
2022-06-06 09:00:00,1255.116
2022-06-06 10:00:00,1412.506
2022-06-06 11:00:00,1298.3919999999998
2022-06-06 12:00:00,1293.075
2022-06-06 13:00:00,1021.528
2022-06-06 14:00:00,711.597
2022-06-06 15:00:00,420.129
2022-06-06 16:00:00,185.255
2022-06-06 17:00:00,72.285
2022-06-06 18:00:00,13.843
2022-06-06 19:00:00,0.546
2022-06-06 20:00:00,0.211
2022-06-06 21:00:00,0.205
2022-06-06 22:00:00,0.224
2022-06-06 23:00:00,0.186
2022-06-07 00:00:00,0.21
2022-06-07 01:00:00,0.425
2022-06-07 02:00:00,15.714
2022-06-07 03:00:00,85.347
2022-06-07 04:00:00,203.314
2022-06-07 05:00:00,345.861
2022-06-07 06:00:00,601.034
2022-06-07 07:00:00,812.456
2022-06-07 08:00:00,1120.939
2022-06-07 09:00:00,1383.225
2022-06-07 10:00:00,1459.219
2022-06-07 11:00:00,1424.0749999999998
2022-06-07 12:00:00,1330.08
2022-06-07 13:00:00,1021.759
2022-06-07 14:00:00,440.874
2022-06-07 15:00:00,157.098
2022-06-07 16:00:00,46.253
2022-06-07 17:00:00,18.27
2022-06-07 18:00:00,3.687
2022-06-07 19:00:00,0.676
2022-06-07 20:00:00,0.493
2022-06-07 21:00:00,0.387
2022-06-07 22:00:00,0.348
2022-06-07 23:00:00,0.361
2022-06-08 00:00:00,0.385
2022-06-08 01:00:00,0.337
2022-06-08 02:00:00,8.521
2022-06-08 03:00:00,62.259
2022-06-08 04:00:00,147.382
2022-06-08 05:00:00,289.121
2022-06-08 06:00:00,449.74
2022-06-08 07:00:00,739.943
2022-06-08 08:00:00,1149.85
2022-06-08 09:00:00,1163.379
2022-06-08 10:00:00,1080.7820000000002
2022-06-08 11:00:00,1063.171
2022-06-08 12:00:00,927.814
2022-06-08 13:00:00,483.518
2022-06-08 14:00:00,410.7279999999999
2022-06-08 15:00:00,269.25
2022-06-08 16:00:00,218.704
2022-06-08 17:00:00,100.728
2022-06-08 18:00:00,29.835
2022-06-08 19:00:00,2.666
2022-06-08 20:00:00,0.378
2022-06-08 21:00:00,0.404
2022-06-08 22:00:00,0.356
2022-06-08 23:00:00,0.341
2022-06-09 00:00:00,0.379
2022-06-09 01:00:00,0.6619999999999999
2022-06-09 02:00:00,12.207999999999998
2022-06-09 03:00:00,48.473
2022-06-09 04:00:00,176.097
2022-06-09 05:00:00,465.6
2022-06-09 06:00:00,849.458
2022-06-09 07:00:00,1146.016
2022-06-09 08:00:00,1349.984
2022-06-09 09:00:00,1411.942
2022-06-09 10:00:00,1399.1570000000002
2022-06-09 11:00:00,1371.582
2022-06-09 12:00:00,1220.528
2022-06-09 13:00:00,969.298
2022-06-09 14:00:00,813.143
2022-06-09 15:00:00,493.206
2022-06-09 16:00:00,204.302
2022-06-09 17:00:00,60.107
2022-06-09 18:00:00,13.067
2022-06-09 19:00:00,1.283
2022-06-09 20:00:00,0.475
2022-06-09 21:00:00,0.36
2022-06-09 22:00:00,0.369
2022-06-09 23:00:00,0.351
2022-06-10 00:00:00,0.35
2022-06-10 01:00:00,0.853
2022-06-10 02:00:00,23.905
2022-06-10 03:00:00,78.19200000000001
2022-06-10 04:00:00,152.245
2022-06-10 05:00:00,291.125
2022-06-10 06:00:00,631.8530000000001
2022-06-10 07:00:00,947.114
2022-06-10 08:00:00,919.659
2022-06-10 09:00:00,442.812
2022-06-10 10:00:00,294.77700000000004
2022-06-10 11:00:00,267.881
2022-06-10 12:00:00,380.069
2022-06-10 13:00:00,324.305
2022-06-10 14:00:00,317.28499999999997
2022-06-10 15:00:00,370.475
2022-06-10 16:00:00,277.428
2022-06-10 17:00:00,60.940000000000005
2022-06-10 18:00:00,12.771
2022-06-10 19:00:00,2.521
2022-06-10 20:00:00,1.142
2022-06-10 21:00:00,1.243
2022-06-10 22:00:00,1.546
2022-06-10 23:00:00,0.536
2022-06-11 00:00:00,0.368
2022-06-11 01:00:00,0.7080000000000001
2022-06-11 02:00:00,15.633
2022-06-11 03:00:00,61.349
2022-06-11 04:00:00,155.749
2022-06-11 05:00:00,305.863
2022-06-11 06:00:00,515.518
2022-06-11 07:00:00,839.288
2022-06-11 08:00:00,981.628
2022-06-11 09:00:00,1113.071
2022-06-11 10:00:00,1199.699
2022-06-11 11:00:00,1148.406
2022-06-11 12:00:00,1109.611
2022-06-11 13:00:00,981.9
2022-06-11 14:00:00,786.389
2022-06-11 15:00:00,507.54
2022-06-11 16:00:00,211.29199999999997
2022-06-11 17:00:00,58.848
2022-06-11 18:00:00,12.546
2022-06-11 19:00:00,1.091
2022-06-11 20:00:00,0.923
2022-06-11 21:00:00,0.893
2022-06-11 22:00:00,0.225
2022-06-11 23:00:00,0.24
2022-06-12 00:00:00,0.277
2022-06-12 01:00:00,0.5790000000000001
2022-06-12 02:00:00,14.066
2022-06-12 03:00:00,72.571
2022-06-12 04:00:00,189.598
2022-06-12 05:00:00,455.186
2022-06-12 06:00:00,795.8420000000001
2022-06-12 07:00:00,1095.48
2022-06-12 08:00:00,1290.408
2022-06-12 09:00:00,1383.638
2022-06-12 10:00:00,1420.613
2022-06-12 11:00:00,1352.888
2022-06-12 12:00:00,1312.999
2022-06-12 13:00:00,1198.241
2022-06-12 14:00:00,830.248
2022-06-12 15:00:00,543.131
2022-06-12 16:00:00,217.004
2022-06-12 17:00:00,59.994
2022-06-12 18:00:00,19.051
2022-06-12 19:00:00,1.278
2022-06-12 20:00:00,0.468
2022-06-12 21:00:00,0.448
2022-06-12 22:00:00,0.355
2022-06-12 23:00:00,0.371
2022-06-13 00:00:00,0.765
2022-06-13 01:00:00,0.441
2022-06-13 02:00:00,12.467
2022-06-13 03:00:00,46.855999999999995
2022-06-13 04:00:00,166.219
2022-06-13 05:00:00,451.028
2022-06-13 06:00:00,761.672
2022-06-13 07:00:00,936.385
2022-06-13 08:00:00,1025.924
2022-06-13 09:00:00,1203.751
2022-06-13 10:00:00,1263.302
2022-06-13 11:00:00,1201.992
2022-06-13 12:00:00,1106.31
2022-06-13 13:00:00,950.259
2022-06-13 14:00:00,820.566
2022-06-13 15:00:00,476.274
2022-06-13 16:00:00,203.473
2022-06-13 17:00:00,66.589
2022-06-13 18:00:00,14.69
2022-06-13 19:00:00,1.039
2022-06-13 20:00:00,0.918
2022-06-13 21:00:00,0.331
2022-06-13 22:00:00,0.373
2022-06-13 23:00:00,0.346
2022-06-14 00:00:00,0.325
2022-06-14 01:00:00,0.533
2022-06-14 02:00:00,15.324
2022-06-14 03:00:00,68.584
2022-06-14 04:00:00,157.53799999999998
2022-06-14 05:00:00,459.961
2022-06-14 06:00:00,796.595
2022-06-14 07:00:00,928.34
2022-06-14 08:00:00,863.754
2022-06-14 09:00:00,906.636
2022-06-14 10:00:00,910.701
2022-06-14 11:00:00,1023.708
2022-06-14 12:00:00,1105.725
2022-06-14 13:00:00,1029.653
2022-06-14 14:00:00,870.8530000000001
2022-06-14 15:00:00,525.9159999999999
2022-06-14 16:00:00,217.004
2022-06-14 17:00:00,62.093
2022-06-14 18:00:00,13.213
2022-06-14 19:00:00,1.293
2022-06-14 20:00:00,1.192
2022-06-14 21:00:00,0.453
2022-06-14 22:00:00,0.416
2022-06-14 23:00:00,0.383
2022-06-15 00:00:00,0.324
2022-06-15 01:00:00,0.6769999999999999
2022-06-15 02:00:00,10.773
2022-06-15 03:00:00,44.822
2022-06-15 04:00:00,164.035
2022-06-15 05:00:00,464.136
2022-06-15 06:00:00,852.065
2022-06-15 07:00:00,1158.636
2022-06-15 08:00:00,1373.558
2022-06-15 09:00:00,1481.862
2022-06-15 10:00:00,1515.518
2022-06-15 11:00:00,1499.112
2022-06-15 12:00:00,1413.433
2022-06-15 13:00:00,1218.875
2022-06-15 14:00:00,918.389
2022-06-15 15:00:00,529.976
2022-06-15 16:00:00,212.594
2022-06-15 17:00:00,56.283
2022-06-15 18:00:00,11.522
2022-06-15 19:00:00,0.756
2022-06-15 20:00:00,0.704
2022-06-15 21:00:00,0.564
2022-06-15 22:00:00,0.317
2022-06-15 23:00:00,0.333
2022-06-16 00:00:00,0.31
2022-06-16 01:00:00,2.052
2022-06-16 02:00:00,15.068
2022-06-16 03:00:00,46.913999999999994
2022-06-16 04:00:00,79.099
2022-06-16 05:00:00,200.073
2022-06-16 06:00:00,256.27
2022-06-16 07:00:00,373.515
2022-06-16 08:00:00,356.437
2022-06-16 09:00:00,653.1279999999999
2022-06-16 10:00:00,808.082
2022-06-16 11:00:00,927.279
2022-06-16 12:00:00,1068.208
2022-06-16 13:00:00,931.787
2022-06-16 14:00:00,596.692
2022-06-16 15:00:00,498.9980000000001
2022-06-16 16:00:00,198.383
2022-06-16 17:00:00,60.662000000000006
2022-06-16 18:00:00,11.493
2022-06-16 19:00:00,1.228
2022-06-16 20:00:00,0.94
2022-06-16 21:00:00,0.344
2022-06-16 22:00:00,0.327
2022-06-16 23:00:00,0.317
2022-06-17 00:00:00,0.312
2022-06-17 01:00:00,0.693
2022-06-17 02:00:00,12.371
2022-06-17 03:00:00,46.566
2022-06-17 04:00:00,170.535
2022-06-17 05:00:00,465.621
2022-06-17 06:00:00,826.4780000000001
2022-06-17 07:00:00,1126.557
2022-06-17 08:00:00,1222.214
2022-06-17 09:00:00,1338.704
2022-06-17 10:00:00,1320.255
2022-06-17 11:00:00,1317.313
2022-06-17 12:00:00,1281.986
2022-06-17 13:00:00,1169.064
2022-06-17 14:00:00,895.424
2022-06-17 15:00:00,532.7049999999999
2022-06-17 16:00:00,214.382
2022-06-17 17:00:00,59.197
2022-06-17 18:00:00,8.573
2022-06-17 19:00:00,0.425
2022-06-17 20:00:00,0.251
2022-06-17 21:00:00,0.319
2022-06-17 22:00:00,0.298
2022-06-17 23:00:00,0.294
2022-06-18 00:00:00,0.323
2022-06-18 01:00:00,0.34
2022-06-18 02:00:00,5.341
2022-06-18 03:00:00,24.077
2022-06-18 04:00:00,41.477
2022-06-18 05:00:00,130.998
2022-06-18 06:00:00,192.275
2022-06-18 07:00:00,107.42
2022-06-18 08:00:00,92.104
2022-06-18 09:00:00,69.393
2022-06-18 10:00:00,72.775
2022-06-18 11:00:00,106.412
2022-06-18 12:00:00,212.267
2022-06-18 13:00:00,333.36400000000003
2022-06-18 14:00:00,423.352
2022-06-18 15:00:00,421.147
2022-06-18 16:00:00,178.27100000000002
2022-06-18 17:00:00,75.293
2022-06-18 18:00:00,13.753
2022-06-18 19:00:00,1.946
2022-06-18 20:00:00,0.411
2022-06-18 21:00:00,0.848
2022-06-18 22:00:00,0.391
2022-06-18 23:00:00,0.39
2022-06-19 00:00:00,0.143
2022-06-19 01:00:00,0.619
2022-06-19 02:00:00,15.594
2022-06-19 03:00:00,93.032
2022-06-19 04:00:00,193.222
2022-06-19 05:00:00,367.365
2022-06-19 06:00:00,573.547
2022-06-19 07:00:00,632.523
2022-06-19 08:00:00,663.7330000000001
2022-06-19 09:00:00,641.364
2022-06-19 10:00:00,684.076
2022-06-19 11:00:00,801.291
2022-06-19 12:00:00,599.043
2022-06-19 13:00:00,535.198
2022-06-19 14:00:00,283.59
2022-06-19 15:00:00,256.935
2022-06-19 16:00:00,211.033
2022-06-19 17:00:00,99.763
2022-06-19 18:00:00,32.703
2022-06-19 19:00:00,2.976
2022-06-19 20:00:00,0.43
2022-06-19 21:00:00,0.357
2022-06-19 22:00:00,0.318
2022-06-19 23:00:00,0.354
2022-06-20 00:00:00,0.311
2022-06-20 01:00:00,0.979
2022-06-20 02:00:00,12.938
2022-06-20 03:00:00,49.855
2022-06-20 04:00:00,175.29500000000002
2022-06-20 05:00:00,409.415
2022-06-20 06:00:00,752.662
2022-06-20 07:00:00,1076.803
2022-06-20 08:00:00,1220.439
2022-06-20 09:00:00,1207.213
2022-06-20 10:00:00,1199.479
2022-06-20 11:00:00,1178.462
2022-06-20 12:00:00,1116.725
2022-06-20 13:00:00,972.647
2022-06-20 14:00:00,727.736
2022-06-20 15:00:00,469.238
2022-06-20 16:00:00,224.536
2022-06-20 17:00:00,63.088
2022-06-20 18:00:00,12.78
2022-06-20 19:00:00,1.6749999999999998
2022-06-20 20:00:00,1.069
2022-06-20 21:00:00,0.962
2022-06-20 22:00:00,0.496
2022-06-20 23:00:00,0.609
2022-06-21 00:00:00,0.604
2022-06-21 01:00:00,0.753
2022-06-21 02:00:00,12.463
2022-06-21 03:00:00,63.861
2022-06-21 04:00:00,185.866
2022-06-21 05:00:00,374.747
2022-06-21 06:00:00,723.8159999999999
2022-06-21 07:00:00,890.429
2022-06-21 08:00:00,1111.493
2022-06-21 09:00:00,1102.484
2022-06-21 10:00:00,1174.613
2022-06-21 11:00:00,1255.243
2022-06-21 12:00:00,1206.392
2022-06-21 13:00:00,1055.864
2022-06-21 14:00:00,891.476
2022-06-21 15:00:00,535.88
2022-06-21 16:00:00,223.172
2022-06-21 17:00:00,60.963
2022-06-21 18:00:00,12.583
2022-06-21 19:00:00,1.938
2022-06-21 20:00:00,1.383
2022-06-21 21:00:00,0.586
2022-06-21 22:00:00,0.695
2022-06-21 23:00:00,0.332
2022-06-22 00:00:00,0.773
2022-06-22 01:00:00,0.763
2022-06-22 02:00:00,14.228000000000002
2022-06-22 03:00:00,55.185
2022-06-22 04:00:00,191.988
2022-06-22 05:00:00,439.866
2022-06-22 06:00:00,663.005
2022-06-22 07:00:00,1076.798
2022-06-22 08:00:00,1355.78
2022-06-22 09:00:00,1357.63
2022-06-22 10:00:00,1157.554
2022-06-22 11:00:00,865.0
2022-06-22 12:00:00,854.176
2022-06-22 13:00:00,895.064
2022-06-22 14:00:00,761.748
2022-06-22 15:00:00,478.96
2022-06-22 16:00:00,223.944
2022-06-22 17:00:00,62.646
2022-06-22 18:00:00,15.553
2022-06-22 19:00:00,2.018
2022-06-22 20:00:00,0.75
2022-06-22 21:00:00,0.957
2022-06-22 22:00:00,0.439
2022-06-22 23:00:00,1.345
2022-06-23 00:00:00,0.378
2022-06-23 01:00:00,1.2180000000000002
2022-06-23 02:00:00,14.36
2022-06-23 03:00:00,75.5
2022-06-23 04:00:00,200.795
2022-06-23 05:00:00,410.571
2022-06-23 06:00:00,691.094
2022-06-23 07:00:00,974.255
2022-06-23 08:00:00,1208.954
2022-06-23 09:00:00,1299.408
2022-06-23 10:00:00,1252.141
2022-06-23 11:00:00,1209.408
2022-06-23 12:00:00,1118.208
2022-06-23 13:00:00,939.568
2022-06-23 14:00:00,714.393
2022-06-23 15:00:00,495.266
2022-06-23 16:00:00,215.656
2022-06-23 17:00:00,66.103
2022-06-23 18:00:00,15.911
2022-06-23 19:00:00,2.521
2022-06-23 20:00:00,1.539
2022-06-23 21:00:00,0.968
2022-06-23 22:00:00,0.379
2022-06-23 23:00:00,0.666
2022-06-24 00:00:00,0.755
2022-06-24 01:00:00,0.6499999999999999
2022-06-24 02:00:00,15.34
2022-06-24 03:00:00,73.14
2022-06-24 04:00:00,175.328
2022-06-24 05:00:00,394.385
2022-06-24 06:00:00,788.0630000000001
2022-06-24 07:00:00,1104.723
2022-06-24 08:00:00,1314.961
2022-06-24 09:00:00,1419.214
2022-06-24 10:00:00,1451.25
2022-06-24 11:00:00,1451.116
2022-06-24 12:00:00,1381.581
2022-06-24 13:00:00,1199.065
2022-06-24 14:00:00,897.361
2022-06-24 15:00:00,532.243
2022-06-24 16:00:00,215.413
2022-06-24 17:00:00,61.245000000000005
2022-06-24 18:00:00,13.363
2022-06-24 19:00:00,2.195
2022-06-24 20:00:00,1.014
2022-06-24 21:00:00,1.652
2022-06-24 22:00:00,0.958
2022-06-24 23:00:00,0.877
2022-06-25 00:00:00,0.852
2022-06-25 01:00:00,0.94
2022-06-25 02:00:00,12.579
2022-06-25 03:00:00,45.088
2022-06-25 04:00:00,164.001
2022-06-25 05:00:00,441.985
2022-06-25 06:00:00,780.243
2022-06-25 07:00:00,1090.544
2022-06-25 08:00:00,1303.038
2022-06-25 09:00:00,1408.188
2022-06-25 10:00:00,1469.747
2022-06-25 11:00:00,1438.624
2022-06-25 12:00:00,1347.652
2022-06-25 13:00:00,1177.01
2022-06-25 14:00:00,869.388
2022-06-25 15:00:00,510.481
2022-06-25 16:00:00,203.778
2022-06-25 17:00:00,55.897
2022-06-25 18:00:00,12.958
2022-06-25 19:00:00,1.175
2022-06-25 20:00:00,1.739
2022-06-25 21:00:00,1.16
2022-06-25 22:00:00,0.819
2022-06-25 23:00:00,1.036
2022-06-26 00:00:00,0.645
2022-06-26 01:00:00,1.2029999999999998
2022-06-26 02:00:00,12.242
2022-06-26 03:00:00,46.797
2022-06-26 04:00:00,160.661
2022-06-26 05:00:00,425.21
2022-06-26 06:00:00,750.296
2022-06-26 07:00:00,1056.453
2022-06-26 08:00:00,1272.358
2022-06-26 09:00:00,1382.31
2022-06-26 10:00:00,1445.315
2022-06-26 11:00:00,1404.276
2022-06-26 12:00:00,1312.981
2022-06-26 13:00:00,1135.6219999999998
2022-06-26 14:00:00,840.7439999999999
2022-06-26 15:00:00,483.058
2022-06-26 16:00:00,194.831
2022-06-26 17:00:00,57.93
2022-06-26 18:00:00,12.614
2022-06-26 19:00:00,1.113
2022-06-26 20:00:00,1.581
2022-06-26 21:00:00,0.684
2022-06-26 22:00:00,0.637
2022-06-26 23:00:00,0.604
2022-06-27 00:00:00,0.537
2022-06-27 01:00:00,0.82
2022-06-27 02:00:00,13.659
2022-06-27 03:00:00,48.853
2022-06-27 04:00:00,158.1
2022-06-27 05:00:00,419.407
2022-06-27 06:00:00,750.2449999999999
2022-06-27 07:00:00,1069.705
2022-06-27 08:00:00,1272.5169999999998
2022-06-27 09:00:00,1408.535
2022-06-27 10:00:00,1417.007
2022-06-27 11:00:00,1402.887
2022-06-27 12:00:00,1294.079
2022-06-27 13:00:00,1104.583
2022-06-27 14:00:00,824.108
2022-06-27 15:00:00,483.22
2022-06-27 16:00:00,206.678
2022-06-27 17:00:00,58.071
2022-06-27 18:00:00,11.788
2022-06-27 19:00:00,0.996
2022-06-27 20:00:00,0.989
2022-06-27 21:00:00,1.464
2022-06-27 22:00:00,1.099
2022-06-27 23:00:00,1.046
2022-06-28 00:00:00,0.88
2022-06-28 01:00:00,0.88
2022-06-28 02:00:00,12.933
2022-06-28 03:00:00,59.142
2022-06-28 04:00:00,166.72
2022-06-28 05:00:00,411.91099999999994
2022-06-28 06:00:00,737.556
2022-06-28 07:00:00,1056.27
2022-06-28 08:00:00,1244.966
2022-06-28 09:00:00,1411.757
2022-06-28 10:00:00,1455.004
2022-06-28 11:00:00,1421.208
2022-06-28 12:00:00,1276.548
2022-06-28 13:00:00,992.424
2022-06-28 14:00:00,778.039
2022-06-28 15:00:00,423.39
2022-06-28 16:00:00,168.64499999999998
2022-06-28 17:00:00,43.709
2022-06-28 18:00:00,8.74
2022-06-28 19:00:00,1.662
2022-06-28 20:00:00,1.022
2022-06-28 21:00:00,0.655
2022-06-28 22:00:00,0.651
2022-06-28 23:00:00,0.741
2022-06-29 00:00:00,0.775
2022-06-29 01:00:00,1.155
2022-06-29 02:00:00,17.088
2022-06-29 03:00:00,64.526
2022-06-29 04:00:00,130.534
2022-06-29 05:00:00,343.7
2022-06-29 06:00:00,569.112
2022-06-29 07:00:00,836.274
2022-06-29 08:00:00,1219.9
2022-06-29 09:00:00,1340.093
2022-06-29 10:00:00,1146.58
2022-06-29 11:00:00,892.879
2022-06-29 12:00:00,412.803
2022-06-29 13:00:00,301.103
2022-06-29 14:00:00,326.073
2022-06-29 15:00:00,316.509
2022-06-29 16:00:00,217.791
2022-06-29 17:00:00,81.349
2022-06-29 18:00:00,17.956
2022-06-29 19:00:00,1.7999999999999998
2022-06-29 20:00:00,0.579
2022-06-29 21:00:00,0.725
2022-06-29 22:00:00,1.011
2022-06-29 23:00:00,0.57
2022-06-30 00:00:00,0.529
2022-06-30 01:00:00,0.7609999999999999
2022-06-30 02:00:00,13.07
2022-06-30 03:00:00,59.34
2022-06-30 04:00:00,163.834
2022-06-30 05:00:00,351.632
2022-06-30 06:00:00,622.081
2022-06-30 07:00:00,958.3
2022-06-30 08:00:00,1153.194
2022-06-30 09:00:00,1357.673
2022-06-30 10:00:00,1362.48
2022-06-30 11:00:00,855.9929999999999
2022-06-30 12:00:00,779.9549999999999
2022-06-30 13:00:00,523.212
2022-06-30 14:00:00,444.784
2022-06-30 15:00:00,218.441
2022-06-30 16:00:00,82.02199999999999
2022-06-30 17:00:00,30.762
2022-06-30 18:00:00,9.266
2022-06-30 19:00:00,2.0420000000000003
2022-06-30 20:00:00,1.01
2022-06-30 21:00:00,0.715
2022-06-30 22:00:00,0.709
2022-06-30 23:00:00,0.5
2022-07-01 00:00:00,0.394
2022-07-01 01:00:00,0.617
2022-07-01 02:00:00,7.833
2022-07-01 03:00:00,33.245999999999995
2022-07-01 04:00:00,107.961
2022-07-01 05:00:00,282.123
2022-07-01 06:00:00,659.333
2022-07-01 07:00:00,754.653
2022-07-01 08:00:00,727.4970000000001
2022-07-01 09:00:00,643.714
2022-07-01 10:00:00,530.093
2022-07-01 11:00:00,929.356
2022-07-01 12:00:00,1035.307
2022-07-01 13:00:00,1031.551
2022-07-01 14:00:00,770.145
2022-07-01 15:00:00,465.925
2022-07-01 16:00:00,220.638
2022-07-01 17:00:00,73.143
2022-07-01 18:00:00,16.225
2022-07-01 19:00:00,1.881
2022-07-01 20:00:00,0.7
2022-07-01 21:00:00,0.738
2022-07-01 22:00:00,0.867
2022-07-01 23:00:00,0.563
2022-07-02 00:00:00,0.494
2022-07-02 01:00:00,0.675
2022-07-02 02:00:00,10.126
2022-07-02 03:00:00,66.034
2022-07-02 04:00:00,179.01
2022-07-02 05:00:00,376.3250000000001
2022-07-02 06:00:00,695.107
2022-07-02 07:00:00,962.544
2022-07-02 08:00:00,1146.146
2022-07-02 09:00:00,1038.239
2022-07-02 10:00:00,1140.522
2022-07-02 11:00:00,1111.706
2022-07-02 12:00:00,412.331
2022-07-02 13:00:00,270.137
2022-07-02 14:00:00,174.78199999999998
2022-07-02 15:00:00,142.464
2022-07-02 16:00:00,116.93
2022-07-02 17:00:00,48.342
2022-07-02 18:00:00,19.637
2022-07-02 19:00:00,1.266
2022-07-02 20:00:00,0.412
2022-07-02 21:00:00,0.454
2022-07-02 22:00:00,0.897
2022-07-02 23:00:00,0.463
2022-07-03 00:00:00,0.427
2022-07-03 01:00:00,0.317
2022-07-03 02:00:00,8.36
2022-07-03 03:00:00,42.066
2022-07-03 04:00:00,159.97899999999998
2022-07-03 05:00:00,433.595
2022-07-03 06:00:00,773.427
2022-07-03 07:00:00,1084.441
2022-07-03 08:00:00,1319.417
2022-07-03 09:00:00,1368.473
2022-07-03 10:00:00,1384.368
2022-07-03 11:00:00,1370.086
2022-07-03 12:00:00,1325.798
2022-07-03 13:00:00,1161.379
2022-07-03 14:00:00,900.64
2022-07-03 15:00:00,541.228
2022-07-03 16:00:00,215.574
2022-07-03 17:00:00,56.333
2022-07-03 18:00:00,8.318
2022-07-03 19:00:00,1.3070000000000002
2022-07-03 20:00:00,0.916
2022-07-03 21:00:00,0.707
2022-07-03 22:00:00,0.688
2022-07-03 23:00:00,0.794
2022-07-04 00:00:00,0.44
2022-07-04 01:00:00,0.6789999999999999
2022-07-04 02:00:00,11.644
2022-07-04 03:00:00,55.022
2022-07-04 04:00:00,165.548
2022-07-04 05:00:00,438.0619999999999
2022-07-04 06:00:00,806.933
2022-07-04 07:00:00,1052.848
2022-07-04 08:00:00,1227.5749999999998
2022-07-04 09:00:00,1387.484
2022-07-04 10:00:00,1395.767
2022-07-04 11:00:00,1208.175
2022-07-04 12:00:00,1017.963
2022-07-04 13:00:00,1047.998
2022-07-04 14:00:00,796.0830000000001
2022-07-04 15:00:00,471.861
2022-07-04 16:00:00,206.851
2022-07-04 17:00:00,63.898
2022-07-04 18:00:00,13.094
2022-07-04 19:00:00,1.062
2022-07-04 20:00:00,1.158
2022-07-04 21:00:00,0.94
2022-07-04 22:00:00,0.762
2022-07-04 23:00:00,0.555
2022-07-05 00:00:00,0.794
2022-07-05 01:00:00,0.604
2022-07-05 02:00:00,9.558
2022-07-05 03:00:00,45.093
2022-07-05 04:00:00,147.075
2022-07-05 05:00:00,411.566
2022-07-05 06:00:00,636.035
2022-07-05 07:00:00,849.8530000000001
2022-07-05 08:00:00,1112.212
2022-07-05 09:00:00,1266.668
2022-07-05 10:00:00,1209.067
2022-07-05 11:00:00,972.655
2022-07-05 12:00:00,961.026
2022-07-05 13:00:00,859.989
2022-07-05 14:00:00,612.682
2022-07-05 15:00:00,347.483
2022-07-05 16:00:00,169.958
2022-07-05 17:00:00,49.501000000000005
2022-07-05 18:00:00,9.03
2022-07-05 19:00:00,2.207
2022-07-05 20:00:00,0.823
2022-07-05 21:00:00,1.003
2022-07-05 22:00:00,0.71
2022-07-05 23:00:00,0.468
2022-07-06 00:00:00,0.639
2022-07-06 01:00:00,0.653
2022-07-06 02:00:00,8.858
2022-07-06 03:00:00,52.529
2022-07-06 04:00:00,141.15300000000002
2022-07-06 05:00:00,332.83299999999997
2022-07-06 06:00:00,486.461
2022-07-06 07:00:00,839.049
2022-07-06 08:00:00,1071.793
2022-07-06 09:00:00,1216.162
2022-07-06 10:00:00,1313.763
2022-07-06 11:00:00,1334.5479999999998
2022-07-06 12:00:00,1255.618
2022-07-06 13:00:00,1052.973
2022-07-06 14:00:00,821.43
2022-07-06 15:00:00,452.401
2022-07-06 16:00:00,194.735
2022-07-06 17:00:00,60.721
2022-07-06 18:00:00,9.888
2022-07-06 19:00:00,1.073
2022-07-06 20:00:00,1.132
2022-07-06 21:00:00,0.574
2022-07-06 22:00:00,0.834
2022-07-06 23:00:00,0.567
2022-07-07 00:00:00,0.613
2022-07-07 01:00:00,0.827
2022-07-07 02:00:00,8.578
2022-07-07 03:00:00,39.629
2022-07-07 04:00:00,150.704
2022-07-07 05:00:00,418.394
2022-07-07 06:00:00,682.2850000000001
2022-07-07 07:00:00,734.071
2022-07-07 08:00:00,713.391
2022-07-07 09:00:00,750.441
2022-07-07 10:00:00,769.367
2022-07-07 11:00:00,803.509
2022-07-07 12:00:00,894.405
2022-07-07 13:00:00,850.1320000000001
2022-07-07 14:00:00,642.287
2022-07-07 15:00:00,408.962
2022-07-07 16:00:00,203.888
2022-07-07 17:00:00,81.02199999999999
2022-07-07 18:00:00,9.484
2022-07-07 19:00:00,0.741
2022-07-07 20:00:00,0.331
2022-07-07 21:00:00,0.746
2022-07-07 22:00:00,0.527
2022-07-07 23:00:00,0.306
2022-07-08 00:00:00,0.311
2022-07-08 01:00:00,0.346
2022-07-08 02:00:00,4.195
2022-07-08 03:00:00,41.579
2022-07-08 04:00:00,111.804
2022-07-08 05:00:00,254.202
2022-07-08 06:00:00,410.465
2022-07-08 07:00:00,519.0260000000001
2022-07-08 08:00:00,655.999
2022-07-08 09:00:00,729.025
2022-07-08 10:00:00,638.5360000000001
2022-07-08 11:00:00,492.51
2022-07-08 12:00:00,407.471
2022-07-08 13:00:00,357.12300000000005
2022-07-08 14:00:00,247.753
2022-07-08 15:00:00,84.007
2022-07-08 16:00:00,50.39
2022-07-08 17:00:00,24.064
2022-07-08 18:00:00,6.501
2022-07-08 19:00:00,0.864
2022-07-08 20:00:00,0.449
2022-07-08 21:00:00,0.385
2022-07-08 22:00:00,0.242
2022-07-08 23:00:00,0.198
2022-07-09 00:00:00,0.165
2022-07-09 01:00:00,0.465
2022-07-09 02:00:00,6.029
2022-07-09 03:00:00,43.386
2022-07-09 04:00:00,165.634
2022-07-09 05:00:00,406.785
2022-07-09 06:00:00,470.786
2022-07-09 07:00:00,565.321
2022-07-09 08:00:00,714.569
2022-07-09 09:00:00,661.874
2022-07-09 10:00:00,601.545
2022-07-09 11:00:00,270.896
2022-07-09 12:00:00,167.924
2022-07-09 13:00:00,204.118
2022-07-09 14:00:00,279.5
2022-07-09 15:00:00,279.231
2022-07-09 16:00:00,238.772
2022-07-09 17:00:00,73.247
2022-07-09 18:00:00,10.961
2022-07-09 19:00:00,1.081
2022-07-09 20:00:00,0.806
2022-07-09 21:00:00,0.255
2022-07-09 22:00:00,0.562
2022-07-09 23:00:00,0.183
2022-07-10 00:00:00,0.188
2022-07-10 01:00:00,0.227
2022-07-10 02:00:00,6.916
2022-07-10 03:00:00,36.442
2022-07-10 04:00:00,145.042
2022-07-10 05:00:00,403.649
2022-07-10 06:00:00,612.505
2022-07-10 07:00:00,753.387
2022-07-10 08:00:00,948.178
2022-07-10 09:00:00,994.071
2022-07-10 10:00:00,1215.712
2022-07-10 11:00:00,1227.688
2022-07-10 12:00:00,917.372
2022-07-10 13:00:00,598.688
2022-07-10 14:00:00,426.71
2022-07-10 15:00:00,424.188
2022-07-10 16:00:00,188.466
2022-07-10 17:00:00,52.133
2022-07-10 18:00:00,5.747
2022-07-10 19:00:00,0.645
2022-07-10 20:00:00,0.496
2022-07-10 21:00:00,0.347
2022-07-10 22:00:00,0.8
2022-07-10 23:00:00,0.308
2022-07-11 00:00:00,0.327
2022-07-11 01:00:00,0.374
2022-07-11 02:00:00,7.128
2022-07-11 03:00:00,36.702
2022-07-11 04:00:00,140.738
2022-07-11 05:00:00,407.181
2022-07-11 06:00:00,763.547
2022-07-11 07:00:00,996.437
2022-07-11 08:00:00,979.537
2022-07-11 09:00:00,989.748
2022-07-11 10:00:00,787.9050000000001
2022-07-11 11:00:00,749.2909999999999
2022-07-11 12:00:00,1080.455
2022-07-11 13:00:00,953.972
2022-07-11 14:00:00,775.5360000000001
2022-07-11 15:00:00,501.38199999999995
2022-07-11 16:00:00,229.214
2022-07-11 17:00:00,64.697
2022-07-11 18:00:00,15.904
2022-07-11 19:00:00,0.918
2022-07-11 20:00:00,0.534
2022-07-11 21:00:00,0.428
2022-07-11 22:00:00,0.395
2022-07-11 23:00:00,0.452
2022-07-12 00:00:00,0.648
2022-07-12 01:00:00,0.774
2022-07-12 02:00:00,8.528
2022-07-12 03:00:00,55.629999999999995
2022-07-12 04:00:00,128.052
2022-07-12 05:00:00,194.938
2022-07-12 06:00:00,302.702
2022-07-12 07:00:00,288.568
2022-07-12 08:00:00,346.655
2022-07-12 09:00:00,408.456
2022-07-12 10:00:00,409.343
2022-07-12 11:00:00,485.18500000000006
2022-07-12 12:00:00,777.107
2022-07-12 13:00:00,591.746
2022-07-12 14:00:00,306.976
2022-07-12 15:00:00,178.649
2022-07-12 16:00:00,101.88
2022-07-12 17:00:00,44.075
2022-07-12 18:00:00,5.567
2022-07-12 19:00:00,0.664
2022-07-12 20:00:00,0.62
2022-07-12 21:00:00,0.858
2022-07-12 22:00:00,0.473
2022-07-12 23:00:00,0.511
2022-07-13 00:00:00,0.401
2022-07-13 01:00:00,0.33
2022-07-13 02:00:00,2.16
2022-07-13 03:00:00,8.374
2022-07-13 04:00:00,35.846
2022-07-13 05:00:00,43.335
2022-07-13 06:00:00,89.602
2022-07-13 07:00:00,103.579
2022-07-13 08:00:00,142.056
2022-07-13 09:00:00,220.504
2022-07-13 10:00:00,206.071
2022-07-13 11:00:00,278.135
2022-07-13 12:00:00,316.80400000000003
2022-07-13 13:00:00,291.425
2022-07-13 14:00:00,199.275
2022-07-13 15:00:00,229.852
2022-07-13 16:00:00,165.129
2022-07-13 17:00:00,52.691
2022-07-13 18:00:00,8.481
2022-07-13 19:00:00,1.2029999999999998
2022-07-13 20:00:00,1.265
2022-07-13 21:00:00,0.533
2022-07-13 22:00:00,0.448
2022-07-13 23:00:00,0.386
2022-07-14 00:00:00,0.459
2022-07-14 01:00:00,0.474
2022-07-14 02:00:00,2.307
2022-07-14 03:00:00,26.496
2022-07-14 04:00:00,131.399
2022-07-14 05:00:00,388.623
2022-07-14 06:00:00,680.851
2022-07-14 07:00:00,1003.927
2022-07-14 08:00:00,1287.186
2022-07-14 09:00:00,1347.909
2022-07-14 10:00:00,1300.924
2022-07-14 11:00:00,1314.265
2022-07-14 12:00:00,1252.7179999999998
2022-07-14 13:00:00,1103.962
2022-07-14 14:00:00,819.954
2022-07-14 15:00:00,508.52
2022-07-14 16:00:00,180.715
2022-07-14 17:00:00,28.098
2022-07-14 18:00:00,5.577999999999999
2022-07-14 19:00:00,0.39
2022-07-14 20:00:00,0.801
2022-07-14 21:00:00,0.778
2022-07-14 22:00:00,0.374
2022-07-14 23:00:00,0.388
2022-07-15 00:00:00,0.443
2022-07-15 01:00:00,0.382
2022-07-15 02:00:00,10.315
2022-07-15 03:00:00,58.56100000000001
2022-07-15 04:00:00,91.251
2022-07-15 05:00:00,208.778
2022-07-15 06:00:00,260.6
2022-07-15 07:00:00,549.494
2022-07-15 08:00:00,395.24
2022-07-15 09:00:00,804.576
2022-07-15 10:00:00,799.6590000000001
2022-07-15 11:00:00,862.194
2022-07-15 12:00:00,911.477
2022-07-15 13:00:00,845.732
2022-07-15 14:00:00,433.0990000000001
2022-07-15 15:00:00,204.296
2022-07-15 16:00:00,123.861
2022-07-15 17:00:00,43.317
2022-07-15 18:00:00,11.692
2022-07-15 19:00:00,2.596
2022-07-15 20:00:00,2.673
2022-07-15 21:00:00,1.061
2022-07-15 22:00:00,0.548
2022-07-15 23:00:00,0.903
2022-07-16 00:00:00,0.635
2022-07-16 01:00:00,0.539
2022-07-16 02:00:00,11.565
2022-07-16 03:00:00,35.48
2022-07-16 04:00:00,140.821
2022-07-16 05:00:00,309.481
2022-07-16 06:00:00,664.068
2022-07-16 07:00:00,940.845
2022-07-16 08:00:00,551.94
2022-07-16 09:00:00,639.405
2022-07-16 10:00:00,697.86
2022-07-16 11:00:00,920.649
2022-07-16 12:00:00,942.373
2022-07-16 13:00:00,607.936
2022-07-16 14:00:00,427.246
2022-07-16 15:00:00,428.003
2022-07-16 16:00:00,206.147
2022-07-16 17:00:00,40.966
2022-07-16 18:00:00,6.66
2022-07-16 19:00:00,0.531
2022-07-16 20:00:00,1.162
2022-07-16 21:00:00,0.763
2022-07-16 22:00:00,1.051
2022-07-16 23:00:00,0.833
2022-07-17 00:00:00,0.601
2022-07-17 01:00:00,1.146
2022-07-17 02:00:00,3.204
2022-07-17 03:00:00,41.147
2022-07-17 04:00:00,133.882
2022-07-17 05:00:00,294.91499999999996
2022-07-17 06:00:00,454.611
2022-07-17 07:00:00,448.249
2022-07-17 08:00:00,514.9739999999999
2022-07-17 09:00:00,847.011
2022-07-17 10:00:00,1033.218
2022-07-17 11:00:00,865.765
2022-07-17 12:00:00,734.443
2022-07-17 13:00:00,840.732
2022-07-17 14:00:00,648.5550000000001
2022-07-17 15:00:00,459.28
2022-07-17 16:00:00,192.90499999999997
2022-07-17 17:00:00,45.319
2022-07-17 18:00:00,13.971
2022-07-17 19:00:00,1.716
2022-07-17 20:00:00,1.34
2022-07-17 21:00:00,0.398
2022-07-17 22:00:00,0.347
2022-07-17 23:00:00,0.235
2022-07-18 00:00:00,0.212
2022-07-18 01:00:00,0.337
2022-07-18 02:00:00,2.74
2022-07-18 03:00:00,29.882
2022-07-18 04:00:00,126.738
2022-07-18 05:00:00,282.82
2022-07-18 06:00:00,636.4069999999999
2022-07-18 07:00:00,1039.019
2022-07-18 08:00:00,1302.006
2022-07-18 09:00:00,1376.104
2022-07-18 10:00:00,1333.649
2022-07-18 11:00:00,1289.719
2022-07-18 12:00:00,1118.096
2022-07-18 13:00:00,505.51
2022-07-18 14:00:00,395.737
2022-07-18 15:00:00,280.082
2022-07-18 16:00:00,93.394
2022-07-18 17:00:00,29.038
2022-07-18 18:00:00,4.104
2022-07-18 19:00:00,0.617
2022-07-18 20:00:00,0.596
2022-07-18 21:00:00,0.425
2022-07-18 22:00:00,0.607
2022-07-18 23:00:00,0.372
2022-07-19 00:00:00,0.338
2022-07-19 01:00:00,0.375
2022-07-19 02:00:00,3.667
2022-07-19 03:00:00,41.886
2022-07-19 04:00:00,123.074
2022-07-19 05:00:00,281.67
2022-07-19 06:00:00,454.723
2022-07-19 07:00:00,621.123
2022-07-19 08:00:00,951.141
2022-07-19 09:00:00,896.323
2022-07-19 10:00:00,1111.544
2022-07-19 11:00:00,1205.558
2022-07-19 12:00:00,1276.359
2022-07-19 13:00:00,1095.932
2022-07-19 14:00:00,809.202
2022-07-19 15:00:00,476.6230000000001
2022-07-19 16:00:00,182.893
2022-07-19 17:00:00,48.43
2022-07-19 18:00:00,6.125
2022-07-19 19:00:00,0.39
2022-07-19 20:00:00,0.336
2022-07-19 21:00:00,0.372
2022-07-19 22:00:00,0.756
2022-07-19 23:00:00,0.422
2022-07-20 00:00:00,0.334
2022-07-20 01:00:00,0.304
2022-07-20 02:00:00,4.918
2022-07-20 03:00:00,34.4
2022-07-20 04:00:00,126.899
2022-07-20 05:00:00,377.681
2022-07-20 06:00:00,744.071
2022-07-20 07:00:00,1006.503
2022-07-20 08:00:00,1275.664
2022-07-20 09:00:00,1423.961
2022-07-20 10:00:00,1460.466
2022-07-20 11:00:00,1435.899
2022-07-20 12:00:00,1353.573
2022-07-20 13:00:00,1131.615
2022-07-20 14:00:00,813.063
2022-07-20 15:00:00,474.105
2022-07-20 16:00:00,184.509
2022-07-20 17:00:00,51.144
2022-07-20 18:00:00,7.773
2022-07-20 19:00:00,0.924
2022-07-20 20:00:00,0.509
2022-07-20 21:00:00,0.435
2022-07-20 22:00:00,0.342
2022-07-20 23:00:00,0.401
2022-07-21 00:00:00,0.343
2022-07-21 01:00:00,0.321
2022-07-21 02:00:00,4.279999999999999
2022-07-21 03:00:00,41.668
2022-07-21 04:00:00,129.998
2022-07-21 05:00:00,357.984
2022-07-21 06:00:00,692.36
2022-07-21 07:00:00,986.251
2022-07-21 08:00:00,1226.909
2022-07-21 09:00:00,1350.1819999999998
2022-07-21 10:00:00,1450.1819999999998
2022-07-21 11:00:00,1431.019
2022-07-21 12:00:00,1343.75
2022-07-21 13:00:00,1126.884
2022-07-21 14:00:00,816.777
2022-07-21 15:00:00,465.753
2022-07-21 16:00:00,174.208
2022-07-21 17:00:00,46.553
2022-07-21 18:00:00,7.786
2022-07-21 19:00:00,1.986
2022-07-21 20:00:00,1.074
2022-07-21 21:00:00,0.849
2022-07-21 22:00:00,0.245
2022-07-21 23:00:00,0.232
2022-07-22 00:00:00,0.169
2022-07-22 01:00:00,0.186
2022-07-22 02:00:00,3.923
2022-07-22 03:00:00,36.328
2022-07-22 04:00:00,124.616
2022-07-22 05:00:00,345.951
2022-07-22 06:00:00,665.132
2022-07-22 07:00:00,982.03
2022-07-22 08:00:00,1224.877
2022-07-22 09:00:00,1361.633
2022-07-22 10:00:00,1432.426
2022-07-22 11:00:00,1397.558
2022-07-22 12:00:00,1289.726
2022-07-22 13:00:00,1081.207
2022-07-22 14:00:00,791.732
2022-07-22 15:00:00,434.761
2022-07-22 16:00:00,121.833
2022-07-22 17:00:00,21.363
2022-07-22 18:00:00,1.378
2022-07-22 19:00:00,0.988
2022-07-22 20:00:00,1.351
2022-07-22 21:00:00,0.648
2022-07-22 22:00:00,0.366
2022-07-22 23:00:00,0.165
2022-07-23 00:00:00,0.142
2022-07-23 01:00:00,0.096
2022-07-23 02:00:00,1.788
2022-07-23 03:00:00,31.991
2022-07-23 04:00:00,74.994
2022-07-23 05:00:00,197.808
2022-07-23 06:00:00,435.115
2022-07-23 07:00:00,696.5269999999999
2022-07-23 08:00:00,683.1419999999999
2022-07-23 09:00:00,804.75
2022-07-23 10:00:00,595.5730000000001
2022-07-23 11:00:00,666.982
2022-07-23 12:00:00,525.283
2022-07-23 13:00:00,294.113
2022-07-23 14:00:00,190.467
2022-07-23 15:00:00,69.283
2022-07-23 16:00:00,22.521
2022-07-23 17:00:00,4.876
2022-07-23 18:00:00,0.745
2022-07-23 19:00:00,0.928
2022-07-23 20:00:00,0.978
2022-07-23 21:00:00,0.66
2022-07-23 22:00:00,0.616
2022-07-23 23:00:00,0.21
2022-07-24 00:00:00,0.176
2022-07-24 01:00:00,0.15
2022-07-24 02:00:00,0.372
2022-07-24 03:00:00,7.239
2022-07-24 04:00:00,86.768
2022-07-24 05:00:00,214.852
2022-07-24 06:00:00,240.81
2022-07-24 07:00:00,286.883
2022-07-24 08:00:00,295.87
2022-07-24 09:00:00,352.69100000000003
2022-07-24 10:00:00,396.839
2022-07-24 11:00:00,432.712
2022-07-24 12:00:00,275.602
2022-07-24 13:00:00,445.126
2022-07-24 14:00:00,525.323
2022-07-24 15:00:00,390.9
2022-07-24 16:00:00,170.10799999999998
2022-07-24 17:00:00,40.239
2022-07-24 18:00:00,2.891
2022-07-24 19:00:00,0.963
2022-07-24 20:00:00,1.007
2022-07-24 21:00:00,1.143
2022-07-24 22:00:00,0.389
2022-07-24 23:00:00,0.38
2022-07-25 00:00:00,0.366
2022-07-25 01:00:00,0.305
2022-07-25 02:00:00,2.461
2022-07-25 03:00:00,24.407000000000004
2022-07-25 04:00:00,108.352
2022-07-25 05:00:00,361.482
2022-07-25 06:00:00,736.658
2022-07-25 07:00:00,971.647
2022-07-25 08:00:00,1224.458
2022-07-25 09:00:00,1364.964
2022-07-25 10:00:00,1379.363
2022-07-25 11:00:00,1301.243
2022-07-25 12:00:00,866.429
2022-07-25 13:00:00,599.504
2022-07-25 14:00:00,335.932
2022-07-25 15:00:00,154.34699999999998
2022-07-25 16:00:00,97.703
2022-07-25 17:00:00,45.69499999999999
2022-07-25 18:00:00,7.128
2022-07-25 19:00:00,1.02
2022-07-25 20:00:00,1.729
2022-07-25 21:00:00,0.238
2022-07-25 22:00:00,0.227
2022-07-25 23:00:00,0.166
2022-07-26 00:00:00,0.192
2022-07-26 01:00:00,0.187
2022-07-26 02:00:00,3.177
2022-07-26 03:00:00,55.368
2022-07-26 04:00:00,154.298
2022-07-26 05:00:00,197.868
2022-07-26 06:00:00,283.547
2022-07-26 07:00:00,256.06
2022-07-26 08:00:00,248.439
2022-07-26 09:00:00,241.801
2022-07-26 10:00:00,148.153
2022-07-26 11:00:00,111.002
2022-07-26 12:00:00,175.52700000000002
2022-07-26 13:00:00,466.072
2022-07-26 14:00:00,615.424
2022-07-26 15:00:00,397.78
2022-07-26 16:00:00,161.839
2022-07-26 17:00:00,42.081
2022-07-26 18:00:00,6.561999999999999
2022-07-26 19:00:00,2.547
2022-07-26 20:00:00,0.774
2022-07-26 21:00:00,0.394
2022-07-26 22:00:00,0.271
2022-07-26 23:00:00,0.304
2022-07-27 00:00:00,0.373
2022-07-27 01:00:00,0.381
2022-07-27 02:00:00,1.766
2022-07-27 03:00:00,27.073
2022-07-27 04:00:00,126.559
2022-07-27 05:00:00,320.701
2022-07-27 06:00:00,446.2039999999999
2022-07-27 07:00:00,602.912
2022-07-27 08:00:00,563.167
2022-07-27 09:00:00,503.202
2022-07-27 10:00:00,421.334
2022-07-27 11:00:00,479.259
2022-07-27 12:00:00,375.693
2022-07-27 13:00:00,375.41
2022-07-27 14:00:00,266.61199999999997
2022-07-27 15:00:00,294.916
2022-07-27 16:00:00,165.225
2022-07-27 17:00:00,37.655
2022-07-27 18:00:00,3.389
2022-07-27 19:00:00,0.8180000000000001
2022-07-27 20:00:00,0.99
2022-07-27 21:00:00,1.089
2022-07-27 22:00:00,0.625
2022-07-27 23:00:00,0.693
2022-07-28 00:00:00,0.53
2022-07-28 01:00:00,0.425
2022-07-28 02:00:00,0.421
2022-07-28 03:00:00,13.171
2022-07-28 04:00:00,77.608
2022-07-28 05:00:00,213.616
2022-07-28 06:00:00,468.116
2022-07-28 07:00:00,627.212
2022-07-28 08:00:00,720.545
2022-07-28 09:00:00,819.0989999999999
2022-07-28 10:00:00,779.926
2022-07-28 11:00:00,936.815
2022-07-28 12:00:00,941.89
2022-07-28 13:00:00,661.8050000000001
2022-07-28 14:00:00,539.891
2022-07-28 15:00:00,403.433
2022-07-28 16:00:00,191.031
2022-07-28 17:00:00,42.699
2022-07-28 18:00:00,4.161
2022-07-28 19:00:00,0.8
2022-07-28 20:00:00,0.744
2022-07-28 21:00:00,0.382
2022-07-28 22:00:00,0.405
2022-07-28 23:00:00,0.411
2022-07-29 00:00:00,0.311
2022-07-29 01:00:00,0.821
2022-07-29 02:00:00,1.788
2022-07-29 03:00:00,23.034
2022-07-29 04:00:00,108.78900000000002
2022-07-29 05:00:00,330.31399999999996
2022-07-29 06:00:00,556.511
2022-07-29 07:00:00,796.681
2022-07-29 08:00:00,1056.94
2022-07-29 09:00:00,1140.076
2022-07-29 10:00:00,1144.385
2022-07-29 11:00:00,1180.018
2022-07-29 12:00:00,1121.755
2022-07-29 13:00:00,1018.044
2022-07-29 14:00:00,821.726
2022-07-29 15:00:00,436.763
2022-07-29 16:00:00,170.35899999999998
2022-07-29 17:00:00,36.834
2022-07-29 18:00:00,2.668
2022-07-29 19:00:00,0.522
2022-07-29 20:00:00,0.488
2022-07-29 21:00:00,0.483
2022-07-29 22:00:00,0.396
2022-07-29 23:00:00,0.527
2022-07-30 00:00:00,0.332
2022-07-30 01:00:00,0.554
2022-07-30 02:00:00,1.875
2022-07-30 03:00:00,30.896
2022-07-30 04:00:00,114.473
2022-07-30 05:00:00,188.508
2022-07-30 06:00:00,219.961
2022-07-30 07:00:00,409.313
2022-07-30 08:00:00,688.748
2022-07-30 09:00:00,1072.689
2022-07-30 10:00:00,1204.203
2022-07-30 11:00:00,1206.884
2022-07-30 12:00:00,1277.907
2022-07-30 13:00:00,1192.305
2022-07-30 14:00:00,885.3910000000001
2022-07-30 15:00:00,479.513
2022-07-30 16:00:00,158.494
2022-07-30 17:00:00,35.222
2022-07-30 18:00:00,3.365
2022-07-30 19:00:00,1.128
2022-07-30 20:00:00,0.969
2022-07-30 21:00:00,0.898
2022-07-30 22:00:00,0.421
2022-07-30 23:00:00,0.342
2022-07-31 00:00:00,0.305
2022-07-31 01:00:00,0.197
2022-07-31 02:00:00,1.425
2022-07-31 03:00:00,21.202
2022-07-31 04:00:00,100.631
2022-07-31 05:00:00,352.21000000000004
2022-07-31 06:00:00,733.392
2022-07-31 07:00:00,1052.08
2022-07-31 08:00:00,1292.46
2022-07-31 09:00:00,1332.338
2022-07-31 10:00:00,1121.051
2022-07-31 11:00:00,800.693
2022-07-31 12:00:00,843.561
2022-07-31 13:00:00,1035.742
2022-07-31 14:00:00,902.587
2022-07-31 15:00:00,509.939
2022-07-31 16:00:00,221.897
2022-07-31 17:00:00,59.14
2022-07-31 18:00:00,6.653
2022-07-31 19:00:00,1.125
2022-07-31 20:00:00,1.707
2022-07-31 21:00:00,0.311
2022-07-31 22:00:00,0.346
2022-07-31 23:00:00,0.386
2022-08-01 00:00:00,0.352
2022-08-01 01:00:00,0.291
2022-08-01 02:00:00,0.358
2022-08-01 03:00:00,9.701
2022-08-01 04:00:00,97.831
2022-08-01 05:00:00,330.57099999999997
2022-08-01 06:00:00,602.327
2022-08-01 07:00:00,683.337
2022-08-01 08:00:00,987.648
2022-08-01 09:00:00,1139.38
2022-08-01 10:00:00,647.4359999999999
2022-08-01 11:00:00,352.01
2022-08-01 12:00:00,432.036
2022-08-01 13:00:00,443.576
2022-08-01 14:00:00,443.801
2022-08-01 15:00:00,340.73900000000003
2022-08-01 16:00:00,153.036
2022-08-01 17:00:00,28.804
2022-08-01 18:00:00,2.269
2022-08-01 19:00:00,1.107
2022-08-01 20:00:00,0.465
2022-08-01 21:00:00,0.292
2022-08-01 22:00:00,0.925
2022-08-01 23:00:00,0.373
2022-08-02 00:00:00,0.298
2022-08-02 01:00:00,0.298
2022-08-02 02:00:00,0.895
2022-08-02 03:00:00,17.141
2022-08-02 04:00:00,99.661
2022-08-02 05:00:00,351.873
2022-08-02 06:00:00,717.943
2022-08-02 07:00:00,1067.907
2022-08-02 08:00:00,1225.971
2022-08-02 09:00:00,1232.566
2022-08-02 10:00:00,1248.518
2022-08-02 11:00:00,1281.607
2022-08-02 12:00:00,1081.032
2022-08-02 13:00:00,867.921
2022-08-02 14:00:00,425.005
2022-08-02 15:00:00,290.24
2022-08-02 16:00:00,132.41
2022-08-02 17:00:00,51.518
2022-08-02 18:00:00,2.5279999999999996
2022-08-02 19:00:00,1.164
2022-08-02 20:00:00,0.8350000000000001
2022-08-02 21:00:00,0.41
2022-08-02 22:00:00,0.403
2022-08-02 23:00:00,0.446
2022-08-03 00:00:00,0.475
2022-08-03 01:00:00,0.4579999999999999
2022-08-03 02:00:00,0.381
2022-08-03 03:00:00,7.961
2022-08-03 04:00:00,77.042
2022-08-03 05:00:00,234.869
2022-08-03 06:00:00,608.117
2022-08-03 07:00:00,1044.2
2022-08-03 08:00:00,1261.588
2022-08-03 09:00:00,1416.148
2022-08-03 10:00:00,1524.869
2022-08-03 11:00:00,1537.842
2022-08-03 12:00:00,1398.577
2022-08-03 13:00:00,1141.63
2022-08-03 14:00:00,793.981
2022-08-03 15:00:00,430.072
2022-08-03 16:00:00,159.917
2022-08-03 17:00:00,39.067
2022-08-03 18:00:00,3.987
2022-08-03 19:00:00,0.956
2022-08-03 20:00:00,0.719
2022-08-03 21:00:00,1.155
2022-08-03 22:00:00,0.5900000000000001
2022-08-03 23:00:00,0.497
2022-08-04 00:00:00,0.24
2022-08-04 01:00:00,0.292
2022-08-04 02:00:00,0.999
2022-08-04 03:00:00,26.233
2022-08-04 04:00:00,105.306
2022-08-04 05:00:00,208.772
2022-08-04 06:00:00,631.1320000000001
2022-08-04 07:00:00,1030.089
2022-08-04 08:00:00,1285.754
2022-08-04 09:00:00,1439.185
2022-08-04 10:00:00,1510.352
2022-08-04 11:00:00,1495.454
2022-08-04 12:00:00,1389.0030000000002
2022-08-04 13:00:00,1130.577
2022-08-04 14:00:00,788.702
2022-08-04 15:00:00,431.898
2022-08-04 16:00:00,142.118
2022-08-04 17:00:00,26.22
2022-08-04 18:00:00,1.783
2022-08-04 19:00:00,1.808
2022-08-04 20:00:00,2.708
2022-08-04 21:00:00,1.137
2022-08-04 22:00:00,0.743
2022-08-04 23:00:00,0.4
2022-08-05 00:00:00,0.745
2022-08-05 01:00:00,0.379
2022-08-05 02:00:00,0.669
2022-08-05 03:00:00,16.066
2022-08-05 04:00:00,88.307
2022-08-05 05:00:00,325.431
2022-08-05 06:00:00,680.0360000000001
2022-08-05 07:00:00,991.275
2022-08-05 08:00:00,1246.4589999999998
2022-08-05 09:00:00,1427.742
2022-08-05 10:00:00,1477.351
2022-08-05 11:00:00,1318.9299999999998
2022-08-05 12:00:00,1322.606
2022-08-05 13:00:00,1096.191
2022-08-05 14:00:00,779.951
2022-08-05 15:00:00,409.648
2022-08-05 16:00:00,123.519
2022-08-05 17:00:00,24.84
2022-08-05 18:00:00,2.883
2022-08-05 19:00:00,1.716
2022-08-05 20:00:00,1.248
2022-08-05 21:00:00,0.495
2022-08-05 22:00:00,0.8270000000000001
2022-08-05 23:00:00,0.346
2022-08-06 00:00:00,0.379
2022-08-06 01:00:00,0.6539999999999999
2022-08-06 02:00:00,1.013
2022-08-06 03:00:00,5.112
2022-08-06 04:00:00,5.808999999999999
2022-08-06 05:00:00,75.938
2022-08-06 06:00:00,454.662
2022-08-06 07:00:00,922.78
2022-08-06 08:00:00,1004.303
2022-08-06 09:00:00,1075.274
2022-08-06 10:00:00,1133.549
2022-08-06 11:00:00,826.217
2022-08-06 12:00:00,954.601
2022-08-06 13:00:00,912.625
2022-08-06 14:00:00,734.612
2022-08-06 15:00:00,433.231
2022-08-06 16:00:00,140.945
2022-08-06 17:00:00,26.171999999999997
2022-08-06 18:00:00,1.494
2022-08-06 19:00:00,1.135
2022-08-06 20:00:00,1.334
2022-08-06 21:00:00,0.851
2022-08-06 22:00:00,1.3070000000000002
2022-08-06 23:00:00,0.565
2022-08-07 00:00:00,0.973
2022-08-07 01:00:00,0.428
2022-08-07 02:00:00,0.7550000000000001
2022-08-07 03:00:00,14.358
2022-08-07 04:00:00,95.912
2022-08-07 05:00:00,343.096
2022-08-07 06:00:00,675.9060000000001
2022-08-07 07:00:00,929.333
2022-08-07 08:00:00,959.425
2022-08-07 09:00:00,951.258
2022-08-07 10:00:00,833.732
2022-08-07 11:00:00,810.488
2022-08-07 12:00:00,856.789
2022-08-07 13:00:00,807.6110000000001
2022-08-07 14:00:00,541.275
2022-08-07 15:00:00,286.956
2022-08-07 16:00:00,138.526
2022-08-07 17:00:00,25.88
2022-08-07 18:00:00,2.088
2022-08-07 19:00:00,2.397
2022-08-07 20:00:00,1.974
2022-08-07 21:00:00,0.78
2022-08-07 22:00:00,1.326
2022-08-07 23:00:00,0.608
2022-08-08 00:00:00,0.54
2022-08-08 01:00:00,0.304
2022-08-08 02:00:00,0.456
2022-08-08 03:00:00,8.318
2022-08-08 04:00:00,54.056999999999995
2022-08-08 05:00:00,209.282
2022-08-08 06:00:00,354.853
2022-08-08 07:00:00,626.242
2022-08-08 08:00:00,608.753
2022-08-08 09:00:00,441.402
2022-08-08 10:00:00,555.135
2022-08-08 11:00:00,680.6089999999999
2022-08-08 12:00:00,663.6009999999999
2022-08-08 13:00:00,382.574
2022-08-08 14:00:00,328.285
2022-08-08 15:00:00,229.13099999999997
2022-08-08 16:00:00,124.46
2022-08-08 17:00:00,40.2
2022-08-08 18:00:00,1.772
2022-08-08 19:00:00,1.88
2022-08-08 20:00:00,0.941
2022-08-08 21:00:00,0.6799999999999999
2022-08-08 22:00:00,0.897
2022-08-08 23:00:00,0.4449999999999999
2022-08-09 00:00:00,0.394
2022-08-09 01:00:00,0.582
2022-08-09 02:00:00,0.555
2022-08-09 03:00:00,13.095
2022-08-09 04:00:00,84.20500000000001
2022-08-09 05:00:00,329.075
2022-08-09 06:00:00,711.715
2022-08-09 07:00:00,932.033
2022-08-09 08:00:00,1091.544
2022-08-09 09:00:00,987.816
2022-08-09 10:00:00,1013.421
2022-08-09 11:00:00,1044.612
2022-08-09 12:00:00,1064.13
2022-08-09 13:00:00,801.1999999999999
2022-08-09 14:00:00,582.8810000000001
2022-08-09 15:00:00,416.6869999999999
2022-08-09 16:00:00,140.375
2022-08-09 17:00:00,20.514
2022-08-09 18:00:00,2.509
2022-08-09 19:00:00,1.651
2022-08-09 20:00:00,0.929
2022-08-09 21:00:00,0.516
2022-08-09 22:00:00,0.809
2022-08-09 23:00:00,0.4329999999999999
2022-08-10 00:00:00,0.929
2022-08-10 01:00:00,0.376
2022-08-10 02:00:00,0.758
2022-08-10 03:00:00,12.101
2022-08-10 04:00:00,80.604
2022-08-10 05:00:00,329.27500000000003
2022-08-10 06:00:00,718.459
2022-08-10 07:00:00,1064.731
2022-08-10 08:00:00,1262.069
2022-08-10 09:00:00,1347.261
2022-08-10 10:00:00,1292.242
2022-08-10 11:00:00,1306.187
2022-08-10 12:00:00,1179.14
2022-08-10 13:00:00,1102.808
2022-08-10 14:00:00,575.793
2022-08-10 15:00:00,351.799
2022-08-10 16:00:00,155.143
2022-08-10 17:00:00,25.153
2022-08-10 18:00:00,2.091
2022-08-10 19:00:00,1.201
2022-08-10 20:00:00,1.079
2022-08-10 21:00:00,0.591
2022-08-10 22:00:00,1.04
2022-08-10 23:00:00,0.643
2022-08-11 00:00:00,0.358
2022-08-11 01:00:00,0.907
2022-08-11 02:00:00,0.343
2022-08-11 03:00:00,7.524
2022-08-11 04:00:00,76.723
2022-08-11 05:00:00,291.626
2022-08-11 06:00:00,559.874
2022-08-11 07:00:00,828.646
2022-08-11 08:00:00,983.723
2022-08-11 09:00:00,1303.859
2022-08-11 10:00:00,1475.351
2022-08-11 11:00:00,1486.013
2022-08-11 12:00:00,1433.811
2022-08-11 13:00:00,1203.643
2022-08-11 14:00:00,852.366
2022-08-11 15:00:00,424.34
2022-08-11 16:00:00,120.94
2022-08-11 17:00:00,20.137
2022-08-11 18:00:00,1.594
2022-08-11 19:00:00,1.253
2022-08-11 20:00:00,1.727
2022-08-11 21:00:00,0.735
2022-08-11 22:00:00,0.663
2022-08-11 23:00:00,0.719
2022-08-12 00:00:00,0.301
2022-08-12 01:00:00,0.272
2022-08-12 02:00:00,0.796
2022-08-12 03:00:00,11.884
2022-08-12 04:00:00,78.517
2022-08-12 05:00:00,296.723
2022-08-12 06:00:00,679.188
2022-08-12 07:00:00,1065.511
2022-08-12 08:00:00,1320.82
2022-08-12 09:00:00,1454.091
2022-08-12 10:00:00,1507.919
2022-08-12 11:00:00,1495.581
2022-08-12 12:00:00,1373.569
2022-08-12 13:00:00,1144.507
2022-08-12 14:00:00,828.8789999999999
2022-08-12 15:00:00,410.415
2022-08-12 16:00:00,112.252
2022-08-12 17:00:00,14.513
2022-08-12 18:00:00,1.242
2022-08-12 19:00:00,2.165
2022-08-12 20:00:00,0.809
2022-08-12 21:00:00,0.995
2022-08-12 22:00:00,0.5740000000000001
2022-08-12 23:00:00,0.5529999999999999
2022-08-13 00:00:00,0.744
2022-08-13 01:00:00,0.386
2022-08-13 02:00:00,0.718
2022-08-13 03:00:00,11.914
2022-08-13 04:00:00,90.172
2022-08-13 05:00:00,240.792
2022-08-13 06:00:00,505.174
2022-08-13 07:00:00,963.19
2022-08-13 08:00:00,1294.437
2022-08-13 09:00:00,1443.393
2022-08-13 10:00:00,1487.486
2022-08-13 11:00:00,1470.238
2022-08-13 12:00:00,1360.83
2022-08-13 13:00:00,1126.034
2022-08-13 14:00:00,776.418
2022-08-13 15:00:00,384.767
2022-08-13 16:00:00,96.481
2022-08-13 17:00:00,11.194
2022-08-13 18:00:00,0.927
2022-08-13 19:00:00,1.196
2022-08-13 20:00:00,1.218
2022-08-13 21:00:00,0.618
2022-08-13 22:00:00,0.603
2022-08-13 23:00:00,0.592
2022-08-14 00:00:00,0.576
2022-08-14 01:00:00,0.425
2022-08-14 02:00:00,0.284
2022-08-14 03:00:00,9.486
2022-08-14 04:00:00,69.859
2022-08-14 05:00:00,292.933
2022-08-14 06:00:00,662.156
2022-08-14 07:00:00,1019.805
2022-08-14 08:00:00,1279.697
2022-08-14 09:00:00,1432.435
2022-08-14 10:00:00,1489.689
2022-08-14 11:00:00,1462.901
2022-08-14 12:00:00,1359.084
2022-08-14 13:00:00,1113.915
2022-08-14 14:00:00,778.495
2022-08-14 15:00:00,383.063
2022-08-14 16:00:00,110.028
2022-08-14 17:00:00,18.703
2022-08-14 18:00:00,1.35
2022-08-14 19:00:00,0.571
2022-08-14 20:00:00,0.337
2022-08-14 21:00:00,0.314
2022-08-14 22:00:00,0.257
2022-08-14 23:00:00,0.287
2022-08-15 00:00:00,0.25
2022-08-15 01:00:00,0.259
2022-08-15 02:00:00,0.297
2022-08-15 03:00:00,18.898
2022-08-15 04:00:00,81.093
2022-08-15 05:00:00,251.403
2022-08-15 06:00:00,409.1269999999999
2022-08-15 07:00:00,768.221
2022-08-15 08:00:00,1082.556
2022-08-15 09:00:00,1278.447
2022-08-15 10:00:00,1346.3829999999998
2022-08-15 11:00:00,1214.918
2022-08-15 12:00:00,960.713
2022-08-15 13:00:00,698.135
2022-08-15 14:00:00,618.85
2022-08-15 15:00:00,345.404
2022-08-15 16:00:00,104.848
2022-08-15 17:00:00,12.797
2022-08-15 18:00:00,0.819
2022-08-15 19:00:00,0.512
2022-08-15 20:00:00,0.579
2022-08-15 21:00:00,0.674
2022-08-15 22:00:00,0.424
2022-08-15 23:00:00,0.359
2022-08-16 00:00:00,0.268
2022-08-16 01:00:00,0.284
2022-08-16 02:00:00,0.356
2022-08-16 03:00:00,9.043
2022-08-16 04:00:00,74.047
2022-08-16 05:00:00,258.69399999999996
2022-08-16 06:00:00,593.409
2022-08-16 07:00:00,947.591
2022-08-16 08:00:00,1165.79
2022-08-16 09:00:00,1130.456
2022-08-16 10:00:00,1095.47
2022-08-16 11:00:00,571.0319999999999
2022-08-16 12:00:00,352.555
2022-08-16 13:00:00,343.567
2022-08-16 14:00:00,243.24
2022-08-16 15:00:00,209.175
2022-08-16 16:00:00,119.013
2022-08-16 17:00:00,19.342
2022-08-16 18:00:00,0.8140000000000001
2022-08-16 19:00:00,0.606
2022-08-16 20:00:00,0.571
2022-08-16 21:00:00,0.407
2022-08-16 22:00:00,0.4299999999999999
2022-08-16 23:00:00,0.3389999999999999
2022-08-17 00:00:00,0.42
2022-08-17 01:00:00,0.312
2022-08-17 02:00:00,0.384
2022-08-17 03:00:00,8.69
2022-08-17 04:00:00,72.898
2022-08-17 05:00:00,189.049
2022-08-17 06:00:00,183.48
2022-08-17 07:00:00,94.162
2022-08-17 08:00:00,95.866
2022-08-17 09:00:00,163.057
2022-08-17 10:00:00,180.352
2022-08-17 11:00:00,270.353
2022-08-17 12:00:00,484.477
2022-08-17 13:00:00,490.797
2022-08-17 14:00:00,359.368
2022-08-17 15:00:00,228.447
2022-08-17 16:00:00,84.461
2022-08-17 17:00:00,16.089
2022-08-17 18:00:00,1.4049999999999998
2022-08-17 19:00:00,1.219
2022-08-17 20:00:00,0.733
2022-08-17 21:00:00,0.303
2022-08-17 22:00:00,0.28
2022-08-17 23:00:00,0.244
2022-08-18 00:00:00,0.277
2022-08-18 01:00:00,0.269
2022-08-18 02:00:00,0.307
2022-08-18 03:00:00,21.071
2022-08-18 04:00:00,69.918
2022-08-18 05:00:00,250.487
2022-08-18 06:00:00,555.9870000000001
2022-08-18 07:00:00,865.49
2022-08-18 08:00:00,1044.2379999999998
2022-08-18 09:00:00,1196.578
2022-08-18 10:00:00,1434.625
2022-08-18 11:00:00,1432.329
2022-08-18 12:00:00,1288.213
2022-08-18 13:00:00,1010.172
2022-08-18 14:00:00,650.391
2022-08-18 15:00:00,252.391
2022-08-18 16:00:00,76.187
2022-08-18 17:00:00,14.123
2022-08-18 18:00:00,1.136
2022-08-18 19:00:00,0.5569999999999999
2022-08-18 20:00:00,1.169
2022-08-18 21:00:00,1.4640000000000002
2022-08-18 22:00:00,0.553
2022-08-18 23:00:00,0.867
2022-08-19 00:00:00,0.522
2022-08-19 01:00:00,0.328
2022-08-19 02:00:00,0.259
2022-08-19 03:00:00,11.77
2022-08-19 04:00:00,98.282
2022-08-19 05:00:00,244.507
2022-08-19 06:00:00,549.015
2022-08-19 07:00:00,931.688
2022-08-19 08:00:00,1228.602
2022-08-19 09:00:00,1375.049
2022-08-19 10:00:00,1318.2379999999998
2022-08-19 11:00:00,1028.321
2022-08-19 12:00:00,753.4290000000001
2022-08-19 13:00:00,582.576
2022-08-19 14:00:00,420.425
2022-08-19 15:00:00,232.806
2022-08-19 16:00:00,58.368
2022-08-19 17:00:00,8.722999999999999
2022-08-19 18:00:00,2.647
2022-08-19 19:00:00,3.026
2022-08-19 20:00:00,0.695
2022-08-19 21:00:00,0.194
2022-08-19 22:00:00,0.159
2022-08-19 23:00:00,0.156
2022-08-20 00:00:00,0.19
2022-08-20 01:00:00,0.153
2022-08-20 02:00:00,0.175
2022-08-20 03:00:00,6.785
2022-08-20 04:00:00,62.882
2022-08-20 05:00:00,261.638
2022-08-20 06:00:00,612.751
2022-08-20 07:00:00,968.182
2022-08-20 08:00:00,1276.201
2022-08-20 09:00:00,1410.017
2022-08-20 10:00:00,1369.914
2022-08-20 11:00:00,1341.292
2022-08-20 12:00:00,1222.633
2022-08-20 13:00:00,978.406
2022-08-20 14:00:00,578.141
2022-08-20 15:00:00,188.334
2022-08-20 16:00:00,30.135
2022-08-20 17:00:00,2.125
2022-08-20 18:00:00,1.432
2022-08-20 19:00:00,1.402
2022-08-20 20:00:00,1.093
2022-08-20 21:00:00,0.861
2022-08-20 22:00:00,0.205
2022-08-20 23:00:00,0.164
2022-08-21 00:00:00,0.166
2022-08-21 01:00:00,0.167
2022-08-21 02:00:00,0.152
2022-08-21 03:00:00,12.396
2022-08-21 04:00:00,79.541
2022-08-21 05:00:00,260.712
2022-08-21 06:00:00,516.707
2022-08-21 07:00:00,686.759
2022-08-21 08:00:00,710.684
2022-08-21 09:00:00,610.739
2022-08-21 10:00:00,492.965
2022-08-21 11:00:00,320.459
2022-08-21 12:00:00,232.438
2022-08-21 13:00:00,128.368
2022-08-21 14:00:00,55.476
2022-08-21 15:00:00,23.381
2022-08-21 16:00:00,5.263
2022-08-21 17:00:00,1.107
2022-08-21 18:00:00,0.389
2022-08-21 19:00:00,0.738
2022-08-21 20:00:00,0.279
2022-08-21 21:00:00,0.362
2022-08-21 22:00:00,0.381
2022-08-21 23:00:00,0.373
2022-08-22 00:00:00,0.346
2022-08-22 01:00:00,0.321
2022-08-22 02:00:00,0.325
2022-08-22 03:00:00,6.513
2022-08-22 04:00:00,48.510000000000005
2022-08-22 05:00:00,142.628
2022-08-22 06:00:00,309.62
2022-08-22 07:00:00,426.197
2022-08-22 08:00:00,501.056
2022-08-22 09:00:00,626.613
2022-08-22 10:00:00,1038.458
2022-08-22 11:00:00,1235.887
2022-08-22 12:00:00,1054.353
2022-08-22 13:00:00,818.9259999999999
2022-08-22 14:00:00,482.996
2022-08-22 15:00:00,135.626
2022-08-22 16:00:00,41.386
2022-08-22 17:00:00,6.1259999999999994
2022-08-22 18:00:00,1.164
2022-08-22 19:00:00,0.323
2022-08-22 20:00:00,0.286
2022-08-22 21:00:00,0.287
2022-08-22 22:00:00,0.265
2022-08-22 23:00:00,0.654
2022-08-23 00:00:00,0.279
2022-08-23 01:00:00,0.288
2022-08-23 02:00:00,0.192
2022-08-23 03:00:00,1.331
2022-08-23 04:00:00,13.889
2022-08-23 05:00:00,34.178
2022-08-23 06:00:00,212.85
2022-08-23 07:00:00,601.313
2022-08-23 08:00:00,1164.864
2022-08-23 09:00:00,1420.6419999999998
2022-08-23 10:00:00,1493.193
2022-08-23 11:00:00,1409.775
2022-08-23 12:00:00,1090.787
2022-08-23 13:00:00,947.93
2022-08-23 14:00:00,631.341
2022-08-23 15:00:00,302.231
2022-08-23 16:00:00,79.43299999999999
2022-08-23 17:00:00,4.362
2022-08-23 18:00:00,1.515
2022-08-23 19:00:00,0.621
2022-08-23 20:00:00,0.44
2022-08-23 21:00:00,0.337
2022-08-23 22:00:00,0.335
2022-08-23 23:00:00,0.271
2022-08-24 00:00:00,0.257
2022-08-24 01:00:00,0.35
2022-08-24 02:00:00,0.521
2022-08-24 03:00:00,7.914
2022-08-24 04:00:00,66.986
2022-08-24 05:00:00,75.273
2022-08-24 06:00:00,105.569
2022-08-24 07:00:00,185.053
2022-08-24 08:00:00,249.043
2022-08-24 09:00:00,258.79200000000003
2022-08-24 10:00:00,212.671
2022-08-24 11:00:00,185.237
2022-08-24 12:00:00,193.42
2022-08-24 13:00:00,252.619
2022-08-24 14:00:00,189.017
2022-08-24 15:00:00,133.321
2022-08-24 16:00:00,77.8
2022-08-24 17:00:00,7.367
2022-08-24 18:00:00,1.308
2022-08-24 19:00:00,0.872
2022-08-24 20:00:00,0.482
2022-08-24 21:00:00,0.269
2022-08-24 22:00:00,0.24
2022-08-24 23:00:00,0.293
2022-08-25 00:00:00,0.249
2022-08-25 01:00:00,0.28
2022-08-25 02:00:00,0.333
2022-08-25 03:00:00,1.853
2022-08-25 04:00:00,24.534
2022-08-25 05:00:00,73.96000000000001
2022-08-25 06:00:00,162.51600000000002
2022-08-25 07:00:00,255.476
2022-08-25 08:00:00,405.013
2022-08-25 09:00:00,633.823
2022-08-25 10:00:00,934.413
2022-08-25 11:00:00,1151.272
2022-08-25 12:00:00,1141.551
2022-08-25 13:00:00,1032.633
2022-08-25 14:00:00,708.528
2022-08-25 15:00:00,344.36299999999994
2022-08-25 16:00:00,79.528
2022-08-25 17:00:00,4.127
2022-08-25 18:00:00,1.624
2022-08-25 19:00:00,2.636
2022-08-25 20:00:00,1.11
2022-08-25 21:00:00,0.723
2022-08-25 22:00:00,0.379
2022-08-25 23:00:00,0.835
2022-08-26 00:00:00,0.367
2022-08-26 01:00:00,0.476
2022-08-26 02:00:00,0.643
2022-08-26 03:00:00,1.7320000000000002
2022-08-26 04:00:00,29.348
2022-08-26 05:00:00,80.824
2022-08-26 06:00:00,182.831
2022-08-26 07:00:00,362.509
2022-08-26 08:00:00,388.511
2022-08-26 09:00:00,601.619
2022-08-26 10:00:00,754.775
2022-08-26 11:00:00,793.3860000000001
2022-08-26 12:00:00,882.816
2022-08-26 13:00:00,815.018
2022-08-26 14:00:00,627.107
2022-08-26 15:00:00,293.3
2022-08-26 16:00:00,66.99799999999999
2022-08-26 17:00:00,4.97
2022-08-26 18:00:00,0.7849999999999999
2022-08-26 19:00:00,1.469
2022-08-26 20:00:00,0.697
2022-08-26 21:00:00,0.6960000000000001
2022-08-26 22:00:00,0.413
2022-08-26 23:00:00,0.475
2022-08-27 00:00:00,0.493
2022-08-27 01:00:00,0.303
2022-08-27 02:00:00,0.549
2022-08-27 03:00:00,3.209
2022-08-27 04:00:00,51.697
2022-08-27 05:00:00,228.32100000000003
2022-08-27 06:00:00,551.707
2022-08-27 07:00:00,955.857
2022-08-27 08:00:00,1266.087
2022-08-27 09:00:00,1424.69
2022-08-27 10:00:00,1470.485
2022-08-27 11:00:00,1446.973
2022-08-27 12:00:00,1329.506
2022-08-27 13:00:00,1090.397
2022-08-27 14:00:00,714.548
2022-08-27 15:00:00,298.10900000000004
2022-08-27 16:00:00,62.742
2022-08-27 17:00:00,4.168
2022-08-27 18:00:00,0.597
2022-08-27 19:00:00,1.644
2022-08-27 20:00:00,1.011
2022-08-27 21:00:00,0.532
2022-08-27 22:00:00,0.889
2022-08-27 23:00:00,0.522
2022-08-28 00:00:00,0.394
2022-08-28 01:00:00,0.756
2022-08-28 02:00:00,0.27
2022-08-28 03:00:00,2.218
2022-08-28 04:00:00,50.558
2022-08-28 05:00:00,229.335
2022-08-28 06:00:00,555.609
2022-08-28 07:00:00,903.358
2022-08-28 08:00:00,1143.774
2022-08-28 09:00:00,1233.187
2022-08-28 10:00:00,1166.148
2022-08-28 11:00:00,1225.806
2022-08-28 12:00:00,1146.508
2022-08-28 13:00:00,947.716
2022-08-28 14:00:00,617.12
2022-08-28 15:00:00,258.549
2022-08-28 16:00:00,39.199
2022-08-28 17:00:00,1.699
2022-08-28 18:00:00,0.532
2022-08-28 19:00:00,0.385
2022-08-28 20:00:00,0.569
2022-08-28 21:00:00,0.298
2022-08-28 22:00:00,0.292
2022-08-28 23:00:00,0.288
2022-08-29 00:00:00,0.272
2022-08-29 01:00:00,0.285
2022-08-29 02:00:00,0.342
2022-08-29 03:00:00,3.608
2022-08-29 04:00:00,33.902
2022-08-29 05:00:00,154.925
2022-08-29 06:00:00,209.358
2022-08-29 07:00:00,305.27
2022-08-29 08:00:00,402.217
2022-08-29 09:00:00,661.5830000000001
2022-08-29 10:00:00,860.73
2022-08-29 11:00:00,569.831
2022-08-29 12:00:00,306.77
2022-08-29 13:00:00,204.586
2022-08-29 14:00:00,110.869
2022-08-29 15:00:00,23.25
2022-08-29 16:00:00,2.573
2022-08-29 17:00:00,1.154
2022-08-29 18:00:00,0.552
2022-08-29 19:00:00,0.351
2022-08-29 20:00:00,0.474
2022-08-29 21:00:00,0.287
2022-08-29 22:00:00,0.305
2022-08-29 23:00:00,0.297
2022-08-30 00:00:00,0.195
2022-08-30 01:00:00,0.204
2022-08-30 02:00:00,0.568
2022-08-30 03:00:00,0.309
2022-08-30 04:00:00,2.157
2022-08-30 05:00:00,16.854
2022-08-30 06:00:00,73.358
2022-08-30 07:00:00,257.58500000000004
2022-08-30 08:00:00,716.258
2022-08-30 09:00:00,821.354
2022-08-30 10:00:00,925.252
2022-08-30 11:00:00,1072.396
2022-08-30 12:00:00,1156.882
2022-08-30 13:00:00,1010.544
2022-08-30 14:00:00,613.4300000000001
2022-08-30 15:00:00,267.356
2022-08-30 16:00:00,37.105
2022-08-30 17:00:00,1.217
2022-08-30 18:00:00,0.5
2022-08-30 19:00:00,0.41
2022-08-30 20:00:00,0.796
2022-08-30 21:00:00,0.289
2022-08-30 22:00:00,0.326
2022-08-30 23:00:00,0.27
2022-08-31 00:00:00,0.264
2022-08-31 01:00:00,0.304
2022-08-31 02:00:00,0.292
2022-08-31 03:00:00,1.665
2022-08-31 04:00:00,38.063
2022-08-31 05:00:00,205.206
2022-08-31 06:00:00,437.515
2022-08-31 07:00:00,945.942
2022-08-31 08:00:00,1161.093
2022-08-31 09:00:00,1234.799
2022-08-31 10:00:00,1163.765
2022-08-31 11:00:00,799.7249999999999
2022-08-31 12:00:00,1022.984
2022-08-31 13:00:00,316.856
2022-08-31 14:00:00,115.499
2022-08-31 15:00:00,77.021
2022-08-31 16:00:00,25.439
2022-08-31 17:00:00,1.392
2022-08-31 18:00:00,2.3000000000000003
2022-08-31 19:00:00,0.8600000000000001
2022-08-31 20:00:00,0.4469999999999999
2022-08-31 21:00:00,0.369
2022-08-31 22:00:00,0.421
2022-08-31 23:00:00,0.417
2022-09-01 00:00:00,0.385
2022-09-01 01:00:00,0.372
2022-09-01 02:00:00,0.418
2022-09-01 03:00:00,0.638
2022-09-01 04:00:00,36.117
2022-09-01 05:00:00,248.213
2022-09-01 06:00:00,624.313
2022-09-01 07:00:00,870.021
2022-09-01 08:00:00,1163.649
2022-09-01 09:00:00,1327.271
2022-09-01 10:00:00,1523.212
2022-09-01 11:00:00,1565.174
2022-09-01 12:00:00,1422.101
2022-09-01 13:00:00,1117.278
2022-09-01 14:00:00,682.429
2022-09-01 15:00:00,267.377
2022-09-01 16:00:00,49.692
2022-09-01 17:00:00,1.978
2022-09-01 18:00:00,0.904
2022-09-01 19:00:00,0.5910000000000001
2022-09-01 20:00:00,0.519
2022-09-01 21:00:00,0.8099999999999999
2022-09-01 22:00:00,0.957
2022-09-01 23:00:00,0.3319999999999999
2022-09-02 00:00:00,0.334
2022-09-02 01:00:00,0.246
2022-09-02 02:00:00,0.2269999999999999
2022-09-02 03:00:00,1.196
2022-09-02 04:00:00,39.073
2022-09-02 05:00:00,203.567
2022-09-02 06:00:00,473.409
2022-09-02 07:00:00,686.734
2022-09-02 08:00:00,1028.287
2022-09-02 09:00:00,1187.276
2022-09-02 10:00:00,1272.194
2022-09-02 11:00:00,1333.83
2022-09-02 12:00:00,1174.008
2022-09-02 13:00:00,972.863
2022-09-02 14:00:00,678.591
2022-09-02 15:00:00,267.982
2022-09-02 16:00:00,45.574
2022-09-02 17:00:00,2.605
2022-09-02 18:00:00,0.822
2022-09-02 19:00:00,0.6799999999999999
2022-09-02 20:00:00,0.673
2022-09-02 21:00:00,0.522
2022-09-02 22:00:00,0.606
2022-09-02 23:00:00,0.5509999999999999
2022-09-03 00:00:00,0.556
2022-09-03 01:00:00,0.493
2022-09-03 02:00:00,0.522
2022-09-03 03:00:00,1.841
2022-09-03 04:00:00,48.125
2022-09-03 05:00:00,194.707
2022-09-03 06:00:00,461.564
2022-09-03 07:00:00,743.899
2022-09-03 08:00:00,1051.248
2022-09-03 09:00:00,1121.249
2022-09-03 10:00:00,1216.983
2022-09-03 11:00:00,1166.323
2022-09-03 12:00:00,1170.539
2022-09-03 13:00:00,1061.422
2022-09-03 14:00:00,696.464
2022-09-03 15:00:00,267.214
2022-09-03 16:00:00,42.247
2022-09-03 17:00:00,1.419
2022-09-03 18:00:00,0.704
2022-09-03 19:00:00,1.377
2022-09-03 20:00:00,0.859
2022-09-03 21:00:00,0.647
2022-09-03 22:00:00,0.581
2022-09-03 23:00:00,0.611
2022-09-04 00:00:00,0.571
2022-09-04 01:00:00,0.603
2022-09-04 02:00:00,0.644
2022-09-04 03:00:00,1.253
2022-09-04 04:00:00,41.463
2022-09-04 05:00:00,247.697
2022-09-04 06:00:00,628.722
2022-09-04 07:00:00,1006.452
2022-09-04 08:00:00,1171.735
2022-09-04 09:00:00,1326.054
2022-09-04 10:00:00,1434.72
2022-09-04 11:00:00,1505.514
2022-09-04 12:00:00,1386.312
2022-09-04 13:00:00,1067.362
2022-09-04 14:00:00,626.4580000000001
2022-09-04 15:00:00,222.258
2022-09-04 16:00:00,38.722
2022-09-04 17:00:00,1.783
2022-09-04 18:00:00,1.375
2022-09-04 19:00:00,0.677
2022-09-04 20:00:00,0.556
2022-09-04 21:00:00,0.516
2022-09-04 22:00:00,0.643
2022-09-04 23:00:00,0.5489999999999999
2022-09-05 00:00:00,0.552
2022-09-05 01:00:00,0.5609999999999999
2022-09-05 02:00:00,0.482
2022-09-05 03:00:00,0.972
2022-09-05 04:00:00,36.012
2022-09-05 05:00:00,203.729
2022-09-05 06:00:00,431.0990000000001
2022-09-05 07:00:00,904.064
2022-09-05 08:00:00,1048.033
2022-09-05 09:00:00,1093.955
2022-09-05 10:00:00,1264.823
2022-09-05 11:00:00,1268.627
2022-09-05 12:00:00,1106.04
2022-09-05 13:00:00,725.807
2022-09-05 14:00:00,447.316
2022-09-05 15:00:00,177.685
2022-09-05 16:00:00,17.908
2022-09-05 17:00:00,1.341
2022-09-05 18:00:00,1.461
2022-09-05 19:00:00,0.901
2022-09-05 20:00:00,0.54
2022-09-05 21:00:00,0.601
2022-09-05 22:00:00,0.393
2022-09-05 23:00:00,0.4489999999999999
2022-09-06 00:00:00,0.344
2022-09-06 01:00:00,0.371
2022-09-06 02:00:00,0.412
2022-09-06 03:00:00,1.105
2022-09-06 04:00:00,29.363999999999997
2022-09-06 05:00:00,160.989
2022-09-06 06:00:00,613.041
2022-09-06 07:00:00,1132.883
2022-09-06 08:00:00,1380.134
2022-09-06 09:00:00,1380.02
2022-09-06 10:00:00,1280.171
2022-09-06 11:00:00,1111.177
2022-09-06 12:00:00,934.897
2022-09-06 13:00:00,733.1759999999999
2022-09-06 14:00:00,500.175
2022-09-06 15:00:00,203.825
2022-09-06 16:00:00,50.43
2022-09-06 17:00:00,1.787
2022-09-06 18:00:00,1.201
2022-09-06 19:00:00,0.638
2022-09-06 20:00:00,0.471
2022-09-06 21:00:00,0.506
2022-09-06 22:00:00,0.486
2022-09-06 23:00:00,0.475
2022-09-07 00:00:00,0.366
2022-09-07 01:00:00,0.3849999999999999
2022-09-07 02:00:00,0.4049999999999999
2022-09-07 03:00:00,0.783
2022-09-07 04:00:00,27.368
2022-09-07 05:00:00,164.83499999999998
2022-09-07 06:00:00,420.468
2022-09-07 07:00:00,716.2529999999999
2022-09-07 08:00:00,1004.056
2022-09-07 09:00:00,1072.491
2022-09-07 10:00:00,1035.058
2022-09-07 11:00:00,1122.054
2022-09-07 12:00:00,850.287
2022-09-07 13:00:00,593.565
2022-09-07 14:00:00,330.352
2022-09-07 15:00:00,124.029
2022-09-07 16:00:00,19.909
2022-09-07 17:00:00,1.81
2022-09-07 18:00:00,1.079
2022-09-07 19:00:00,1.367
2022-09-07 20:00:00,0.525
2022-09-07 21:00:00,0.456
2022-09-07 22:00:00,0.529
2022-09-07 23:00:00,0.544
2022-09-08 00:00:00,0.474
2022-09-08 01:00:00,0.513
2022-09-08 02:00:00,0.4479999999999999
2022-09-08 03:00:00,0.732
2022-09-08 04:00:00,27.651
2022-09-08 05:00:00,230.984
2022-09-08 06:00:00,645.201
2022-09-08 07:00:00,917.182
2022-09-08 08:00:00,1037.073
2022-09-08 09:00:00,1071.64
2022-09-08 10:00:00,1238.203
2022-09-08 11:00:00,1280.099
2022-09-08 12:00:00,1245.876
2022-09-08 13:00:00,1067.916
2022-09-08 14:00:00,653.924
2022-09-08 15:00:00,239.842
2022-09-08 16:00:00,28.924
2022-09-08 17:00:00,1.528
2022-09-08 18:00:00,1.53
2022-09-08 19:00:00,0.652
2022-09-08 20:00:00,0.498
2022-09-08 21:00:00,0.515
2022-09-08 22:00:00,0.484
2022-09-08 23:00:00,0.591
2022-09-09 00:00:00,0.506
2022-09-09 01:00:00,0.421
2022-09-09 02:00:00,0.473
2022-09-09 03:00:00,0.644
2022-09-09 04:00:00,18.727
2022-09-09 05:00:00,142.338
2022-09-09 06:00:00,395.096
2022-09-09 07:00:00,819.112
2022-09-09 08:00:00,997.579
2022-09-09 09:00:00,1216.279
2022-09-09 10:00:00,1496.822
2022-09-09 11:00:00,1658.236
2022-09-09 12:00:00,1502.132
2022-09-09 13:00:00,1176.666
2022-09-09 14:00:00,679.235
2022-09-09 15:00:00,226.714
2022-09-09 16:00:00,21.387
2022-09-09 17:00:00,1.816
2022-09-09 18:00:00,1.226
2022-09-09 19:00:00,0.7290000000000001
2022-09-09 20:00:00,0.5980000000000001
2022-09-09 21:00:00,0.419
2022-09-09 22:00:00,0.402
2022-09-09 23:00:00,0.318
2022-09-10 00:00:00,0.3239999999999999
2022-09-10 01:00:00,0.218
2022-09-10 02:00:00,0.21
2022-09-10 03:00:00,0.67
2022-09-10 04:00:00,25.382
2022-09-10 05:00:00,189.052
2022-09-10 06:00:00,549.153
2022-09-10 07:00:00,924.818
2022-09-10 08:00:00,1219.126
2022-09-10 09:00:00,1496.873
2022-09-10 10:00:00,1556.664
2022-09-10 11:00:00,1580.1
2022-09-10 12:00:00,1443.098
2022-09-10 13:00:00,1121.5839999999998
2022-09-10 14:00:00,632.086
2022-09-10 15:00:00,205.519
2022-09-10 16:00:00,18.664
2022-09-10 17:00:00,2.11
2022-09-10 18:00:00,1.53
2022-09-10 19:00:00,0.586
2022-09-10 20:00:00,0.363
2022-09-10 21:00:00,0.374
2022-09-10 22:00:00,0.3349999999999999
2022-09-10 23:00:00,0.359
2022-09-11 00:00:00,0.414
2022-09-11 01:00:00,0.498
2022-09-11 02:00:00,0.326
2022-09-11 03:00:00,0.416
2022-09-11 04:00:00,18.686
2022-09-11 05:00:00,188.668
2022-09-11 06:00:00,608.664
2022-09-11 07:00:00,1064.003
2022-09-11 08:00:00,1401.645
2022-09-11 09:00:00,1592.555
2022-09-11 10:00:00,1633.589
2022-09-11 11:00:00,1580.076
2022-09-11 12:00:00,1431.172
2022-09-11 13:00:00,1101.388
2022-09-11 14:00:00,635.2909999999999
2022-09-11 15:00:00,204.846
2022-09-11 16:00:00,16.649
2022-09-11 17:00:00,0.5740000000000001
2022-09-11 18:00:00,0.638
2022-09-11 19:00:00,0.635
2022-09-11 20:00:00,0.327
2022-09-11 21:00:00,0.428
2022-09-11 22:00:00,0.248
2022-09-11 23:00:00,0.302
2022-09-12 00:00:00,0.299
2022-09-12 01:00:00,0.297
2022-09-12 02:00:00,1.047
2022-09-12 03:00:00,0.828
2022-09-12 04:00:00,19.574
2022-09-12 05:00:00,196.649
2022-09-12 06:00:00,604.35
2022-09-12 07:00:00,1054.709
2022-09-12 08:00:00,1348.959
2022-09-12 09:00:00,1436.356
2022-09-12 10:00:00,1520.601
2022-09-12 11:00:00,1516.225
2022-09-12 12:00:00,1354.25
2022-09-12 13:00:00,1059.4679999999998
2022-09-12 14:00:00,557.999
2022-09-12 15:00:00,167.201
2022-09-12 16:00:00,12.262
2022-09-12 17:00:00,1.065
2022-09-12 18:00:00,0.668
2022-09-12 19:00:00,0.384
2022-09-12 20:00:00,0.322
2022-09-12 21:00:00,0.359
2022-09-12 22:00:00,0.329
2022-09-12 23:00:00,0.335
2022-09-13 00:00:00,0.292
2022-09-13 01:00:00,0.2199999999999999
2022-09-13 02:00:00,0.282
2022-09-13 03:00:00,0.259
2022-09-13 04:00:00,2.6340000000000003
2022-09-13 05:00:00,34.63
2022-09-13 06:00:00,110.923
2022-09-13 07:00:00,213.581
2022-09-13 08:00:00,451.8970000000001
2022-09-13 09:00:00,456.2190000000001
2022-09-13 10:00:00,429.689
2022-09-13 11:00:00,428.611
2022-09-13 12:00:00,336.626
2022-09-13 13:00:00,188.515
2022-09-13 14:00:00,97.062
2022-09-13 15:00:00,56.639
2022-09-13 16:00:00,3.962
2022-09-13 17:00:00,1.28
2022-09-13 18:00:00,2.854
2022-09-13 19:00:00,0.588
2022-09-13 20:00:00,0.4029999999999999
2022-09-13 21:00:00,0.37
2022-09-13 22:00:00,0.41
2022-09-13 23:00:00,0.298
2022-09-14 00:00:00,0.351
2022-09-14 01:00:00,0.286
2022-09-14 02:00:00,0.205
2022-09-14 03:00:00,0.374
2022-09-14 04:00:00,6.995
2022-09-14 05:00:00,42.385000000000005
2022-09-14 06:00:00,89.568
2022-09-14 07:00:00,276.986
2022-09-14 08:00:00,573.97
2022-09-14 09:00:00,621.998
2022-09-14 10:00:00,546.173
2022-09-14 11:00:00,828.979
2022-09-14 12:00:00,992.219
2022-09-14 13:00:00,804.636
2022-09-14 14:00:00,476.716
2022-09-14 15:00:00,146.31400000000002
2022-09-14 16:00:00,9.048
2022-09-14 17:00:00,1.234
2022-09-14 18:00:00,0.506
2022-09-14 19:00:00,0.851
2022-09-14 20:00:00,0.378
2022-09-14 21:00:00,0.317
2022-09-14 22:00:00,0.385
2022-09-14 23:00:00,0.348
2022-09-15 00:00:00,0.311
2022-09-15 01:00:00,0.417
2022-09-15 02:00:00,0.327
2022-09-15 03:00:00,0.636
2022-09-15 04:00:00,5.824
2022-09-15 05:00:00,79.679
2022-09-15 06:00:00,373.063
2022-09-15 07:00:00,678.616
2022-09-15 08:00:00,595.966
2022-09-15 09:00:00,601.331
2022-09-15 10:00:00,784.679
2022-09-15 11:00:00,760.3679999999999
2022-09-15 12:00:00,779.343
2022-09-15 13:00:00,727.674
2022-09-15 14:00:00,286.882
2022-09-15 15:00:00,55.407
2022-09-15 16:00:00,9.309
2022-09-15 17:00:00,1.074
2022-09-15 18:00:00,1.364
2022-09-15 19:00:00,0.7040000000000001
2022-09-15 20:00:00,0.539
2022-09-15 21:00:00,0.321
2022-09-15 22:00:00,0.377
2022-09-15 23:00:00,0.293
2022-09-16 00:00:00,0.267
2022-09-16 01:00:00,0.321
2022-09-16 02:00:00,0.2289999999999999
2022-09-16 03:00:00,0.528
2022-09-16 04:00:00,7.862
2022-09-16 05:00:00,61.332
2022-09-16 06:00:00,257.57
2022-09-16 07:00:00,251.9
2022-09-16 08:00:00,306.185
2022-09-16 09:00:00,285.24199999999996
2022-09-16 10:00:00,626.071
2022-09-16 11:00:00,851.469
2022-09-16 12:00:00,914.321
2022-09-16 13:00:00,536.6170000000001
2022-09-16 14:00:00,229.348
2022-09-16 15:00:00,46.032
2022-09-16 16:00:00,5.132
2022-09-16 17:00:00,0.648
2022-09-16 18:00:00,0.561
2022-09-16 19:00:00,0.8069999999999999
2022-09-16 20:00:00,1.359
2022-09-16 21:00:00,1.128
2022-09-16 22:00:00,1.573
2022-09-16 23:00:00,1.008
2022-09-17 00:00:00,0.6779999999999999
2022-09-17 01:00:00,0.265
2022-09-17 02:00:00,0.242
2022-09-17 03:00:00,0.355
2022-09-17 04:00:00,22.798
2022-09-17 05:00:00,119.586
2022-09-17 06:00:00,248.064
2022-09-17 07:00:00,169.913
2022-09-17 08:00:00,327.162
2022-09-17 09:00:00,607.547
2022-09-17 10:00:00,955.394
2022-09-17 11:00:00,918.669
2022-09-17 12:00:00,587.422
2022-09-17 13:00:00,306.091
2022-09-17 14:00:00,172.228
2022-09-17 15:00:00,70.021
2022-09-17 16:00:00,2.636
2022-09-17 17:00:00,1.253
2022-09-17 18:00:00,0.771
2022-09-17 19:00:00,0.962
2022-09-17 20:00:00,0.448
2022-09-17 21:00:00,0.25
2022-09-17 22:00:00,0.317
2022-09-17 23:00:00,0.404
2022-09-18 00:00:00,0.32
2022-09-18 01:00:00,0.34
2022-09-18 02:00:00,0.3279999999999999
2022-09-18 03:00:00,0.206
2022-09-18 04:00:00,8.44
2022-09-18 05:00:00,132.189
2022-09-18 06:00:00,501.332
2022-09-18 07:00:00,843.784
2022-09-18 08:00:00,981.429
2022-09-18 09:00:00,891.576
2022-09-18 10:00:00,987.402
2022-09-18 11:00:00,857.9929999999999
2022-09-18 12:00:00,670.5930000000001
2022-09-18 13:00:00,581.107
2022-09-18 14:00:00,401.626
2022-09-18 15:00:00,90.627
2022-09-18 16:00:00,6.456
2022-09-18 17:00:00,1.41
2022-09-18 18:00:00,1.637
2022-09-18 19:00:00,0.624
2022-09-18 20:00:00,0.39
2022-09-18 21:00:00,0.427
2022-09-18 22:00:00,0.414
2022-09-18 23:00:00,0.424
2022-09-19 00:00:00,0.365
2022-09-19 01:00:00,0.193
2022-09-19 02:00:00,0.197
2022-09-19 03:00:00,0.356
2022-09-19 04:00:00,4.635
2022-09-19 05:00:00,50.519000000000005
2022-09-19 06:00:00,211.37
2022-09-19 07:00:00,506.815
2022-09-19 08:00:00,598.764
2022-09-19 09:00:00,566.1089999999999
2022-09-19 10:00:00,898.5909999999999
2022-09-19 11:00:00,733.447
2022-09-19 12:00:00,625.011
2022-09-19 13:00:00,563.967
2022-09-19 14:00:00,344.415
2022-09-19 15:00:00,84.596
2022-09-19 16:00:00,2.642
2022-09-19 17:00:00,0.758
2022-09-19 18:00:00,0.625
2022-09-19 19:00:00,1.1800000000000002
2022-09-19 20:00:00,0.5609999999999999
2022-09-19 21:00:00,0.447
2022-09-19 22:00:00,0.3879999999999999
2022-09-19 23:00:00,0.385
2022-09-20 00:00:00,0.252
2022-09-20 01:00:00,0.368
2022-09-20 02:00:00,0.272
2022-09-20 03:00:00,0.429
2022-09-20 04:00:00,12.28
2022-09-20 05:00:00,93.308
2022-09-20 06:00:00,238.322
2022-09-20 07:00:00,524.788
2022-09-20 08:00:00,648.107
2022-09-20 09:00:00,916.649
2022-09-20 10:00:00,925.302
2022-09-20 11:00:00,714.982
2022-09-20 12:00:00,518.789
2022-09-20 13:00:00,372.057
2022-09-20 14:00:00,123.252
2022-09-20 15:00:00,34.309
2022-09-20 16:00:00,1.901
2022-09-20 17:00:00,0.62
2022-09-20 18:00:00,0.957
2022-09-20 19:00:00,1.737
2022-09-20 20:00:00,0.353
2022-09-20 21:00:00,0.408
2022-09-20 22:00:00,0.345
2022-09-20 23:00:00,0.313
2022-09-21 00:00:00,0.372
2022-09-21 01:00:00,0.29
2022-09-21 02:00:00,0.299
2022-09-21 03:00:00,0.368
2022-09-21 04:00:00,3.463
2022-09-21 05:00:00,37.451
2022-09-21 06:00:00,114.897
2022-09-21 07:00:00,264.27500000000003
2022-09-21 08:00:00,429.48799999999994
2022-09-21 09:00:00,457.714
2022-09-21 10:00:00,489.965
2022-09-21 11:00:00,489.881
2022-09-21 12:00:00,509.383
2022-09-21 13:00:00,606.539
2022-09-21 14:00:00,340.115
2022-09-21 15:00:00,86.81700000000001
2022-09-21 16:00:00,2.359
2022-09-21 17:00:00,0.8009999999999999
2022-09-21 18:00:00,0.602
2022-09-21 19:00:00,0.4439999999999999
2022-09-21 20:00:00,0.4609999999999999
2022-09-21 21:00:00,0.497
2022-09-21 22:00:00,0.423
2022-09-21 23:00:00,0.4499999999999999
2022-09-22 00:00:00,0.438
2022-09-22 01:00:00,0.3919999999999999
2022-09-22 02:00:00,0.366
2022-09-22 03:00:00,0.549
2022-09-22 04:00:00,7.414999999999999
2022-09-22 05:00:00,134.769
2022-09-22 06:00:00,498.106
2022-09-22 07:00:00,875.05
2022-09-22 08:00:00,988.48
2022-09-22 09:00:00,989.147
2022-09-22 10:00:00,1029.918
2022-09-22 11:00:00,1010.563
2022-09-22 12:00:00,913.483
2022-09-22 13:00:00,734.009
2022-09-22 14:00:00,315.613
2022-09-22 15:00:00,80.497
2022-09-22 16:00:00,2.592
2022-09-22 17:00:00,1.142
2022-09-22 18:00:00,0.579
2022-09-22 19:00:00,1.445
2022-09-22 20:00:00,0.625
2022-09-22 21:00:00,0.5539999999999999
2022-09-22 22:00:00,0.554
2022-09-22 23:00:00,0.556
2022-09-23 00:00:00,0.43
2022-09-23 01:00:00,0.385
2022-09-23 02:00:00,0.929
2022-09-23 03:00:00,0.373
2022-09-23 04:00:00,1.681
2022-09-23 05:00:00,30.351
2022-09-23 06:00:00,82.106
2022-09-23 07:00:00,138.747
2022-09-23 08:00:00,355.45500000000004
2022-09-23 09:00:00,430.601
2022-09-23 10:00:00,347.458
2022-09-23 11:00:00,299.453
2022-09-23 12:00:00,245.382
2022-09-23 13:00:00,185.316
2022-09-23 14:00:00,72.402
2022-09-23 15:00:00,20.768
2022-09-23 16:00:00,1.419
2022-09-23 17:00:00,0.687
2022-09-23 18:00:00,0.629
2022-09-23 19:00:00,1.147
2022-09-23 20:00:00,1.09
2022-09-23 21:00:00,0.409
2022-09-23 22:00:00,0.562
2022-09-23 23:00:00,0.352
2022-09-24 00:00:00,0.347
2022-09-24 01:00:00,0.342
2022-09-24 02:00:00,0.307
2022-09-24 03:00:00,0.354
2022-09-24 04:00:00,1.581
2022-09-24 05:00:00,28.316
2022-09-24 06:00:00,90.639
2022-09-24 07:00:00,205.203
2022-09-24 08:00:00,395.857
2022-09-24 09:00:00,533.912
2022-09-24 10:00:00,580.419
2022-09-24 11:00:00,561.1279999999999
2022-09-24 12:00:00,523.879
2022-09-24 13:00:00,395.089
2022-09-24 14:00:00,207.108
2022-09-24 15:00:00,54.42
2022-09-24 16:00:00,1.888
2022-09-24 17:00:00,0.803
2022-09-24 18:00:00,0.497
2022-09-24 19:00:00,0.472
2022-09-24 20:00:00,0.936
2022-09-24 21:00:00,0.536
2022-09-24 22:00:00,0.489
2022-09-24 23:00:00,1.214
2022-09-25 00:00:00,0.56
2022-09-25 01:00:00,0.559
2022-09-25 02:00:00,0.5780000000000001
2022-09-25 03:00:00,0.296
2022-09-25 04:00:00,3.113
2022-09-25 05:00:00,105.13
2022-09-25 06:00:00,430.904
2022-09-25 07:00:00,824.292
2022-09-25 08:00:00,1172.401
2022-09-25 09:00:00,1342.574
2022-09-25 10:00:00,1231.206
2022-09-25 11:00:00,997.373
2022-09-25 12:00:00,997.167
2022-09-25 13:00:00,605.956
2022-09-25 14:00:00,236.137
2022-09-25 15:00:00,27.659
2022-09-25 16:00:00,0.604
2022-09-25 17:00:00,0.539
2022-09-25 18:00:00,0.402
2022-09-25 19:00:00,0.921
2022-09-25 20:00:00,0.394
2022-09-25 21:00:00,0.428
2022-09-25 22:00:00,0.365
2022-09-25 23:00:00,0.422
2022-09-26 00:00:00,0.362
2022-09-26 01:00:00,0.299
2022-09-26 02:00:00,0.321
2022-09-26 03:00:00,0.303
2022-09-26 04:00:00,2.7159999999999997
2022-09-26 05:00:00,73.476
2022-09-26 06:00:00,353.242
2022-09-26 07:00:00,690.3430000000001
2022-09-26 08:00:00,949.766
2022-09-26 09:00:00,1221.604
2022-09-26 10:00:00,1185.618
2022-09-26 11:00:00,1038.491
2022-09-26 12:00:00,959.003
2022-09-26 13:00:00,400.553
2022-09-26 14:00:00,132.55100000000002
2022-09-26 15:00:00,13.806
2022-09-26 16:00:00,1.069
2022-09-26 17:00:00,1.555
2022-09-26 18:00:00,0.494
2022-09-26 19:00:00,0.4009999999999999
2022-09-26 20:00:00,0.562
2022-09-26 21:00:00,0.429
2022-09-26 22:00:00,0.4529999999999999
2022-09-26 23:00:00,0.359
2022-09-27 00:00:00,0.346
2022-09-27 01:00:00,0.317
2022-09-27 02:00:00,0.264
2022-09-27 03:00:00,0.249
2022-09-27 04:00:00,1.136
2022-09-27 05:00:00,31.807
2022-09-27 06:00:00,265.518
2022-09-27 07:00:00,637.373
2022-09-27 08:00:00,995.084
2022-09-27 09:00:00,1315.575
2022-09-27 10:00:00,1446.739
2022-09-27 11:00:00,1350.982
2022-09-27 12:00:00,1136.527
2022-09-27 13:00:00,746.211
2022-09-27 14:00:00,272.159
2022-09-27 15:00:00,23.513
2022-09-27 16:00:00,0.513
2022-09-27 17:00:00,1.941
2022-09-27 18:00:00,1.584
2022-09-27 19:00:00,0.392
2022-09-27 20:00:00,0.448
2022-09-27 21:00:00,0.368
2022-09-27 22:00:00,0.3899999999999999
2022-09-27 23:00:00,0.368
2022-09-28 00:00:00,0.303
2022-09-28 01:00:00,0.312
2022-09-28 02:00:00,0.367
2022-09-28 03:00:00,0.309
2022-09-28 04:00:00,2.595
2022-09-28 05:00:00,89.709
2022-09-28 06:00:00,429.405
2022-09-28 07:00:00,886.68
2022-09-28 08:00:00,1255.084
2022-09-28 09:00:00,1352.657
2022-09-28 10:00:00,1327.537
2022-09-28 11:00:00,1343.42
2022-09-28 12:00:00,1193.429
2022-09-28 13:00:00,780.386
2022-09-28 14:00:00,301.18
2022-09-28 15:00:00,28.08
2022-09-28 16:00:00,1.39
2022-09-28 17:00:00,1.705
2022-09-28 18:00:00,0.573
2022-09-28 19:00:00,0.512
2022-09-28 20:00:00,0.4
2022-09-28 21:00:00,0.414
2022-09-28 22:00:00,0.878
2022-09-28 23:00:00,0.29
2022-09-29 00:00:00,0.298
2022-09-29 01:00:00,0.327
2022-09-29 02:00:00,0.292
2022-09-29 03:00:00,0.292
2022-09-29 04:00:00,1.128
2022-09-29 05:00:00,41.505
2022-09-29 06:00:00,147.286
2022-09-29 07:00:00,307.902
2022-09-29 08:00:00,419.502
2022-09-29 09:00:00,284.113
2022-09-29 10:00:00,311.521
2022-09-29 11:00:00,236.204
2022-09-29 12:00:00,244.984
2022-09-29 13:00:00,153.01600000000002
2022-09-29 14:00:00,56.804
2022-09-29 15:00:00,7.056
2022-09-29 16:00:00,0.534
2022-09-29 17:00:00,0.562
2022-09-29 18:00:00,0.539
2022-09-29 19:00:00,0.861
2022-09-29 20:00:00,0.768
2022-09-29 21:00:00,0.484
2022-09-29 22:00:00,0.509
2022-09-29 23:00:00,0.415
2022-09-30 00:00:00,0.4559999999999999
2022-09-30 01:00:00,0.472
2022-09-30 02:00:00,0.476
2022-09-30 03:00:00,0.434
2022-09-30 04:00:00,1.87
2022-09-30 05:00:00,78.014
2022-09-30 06:00:00,339.89500000000004
2022-09-30 07:00:00,642.0840000000001
2022-09-30 08:00:00,933.69
2022-09-30 09:00:00,721.212
2022-09-30 10:00:00,743.985
2022-09-30 11:00:00,735.874
2022-09-30 12:00:00,721.283
2022-09-30 13:00:00,536.9499999999999
2022-09-30 14:00:00,268.093
2022-09-30 15:00:00,31.17
2022-09-30 16:00:00,0.742
2022-09-30 17:00:00,1.611
2022-09-30 18:00:00,2.248
2022-09-30 19:00:00,0.8480000000000001
2022-09-30 20:00:00,0.652
2022-09-30 21:00:00,0.759
2022-09-30 22:00:00,0.972
2022-09-30 23:00:00,0.534
2022-10-01 00:00:00,0.504
2022-10-01 01:00:00,0.304
2022-10-01 02:00:00,0.346
2022-10-01 03:00:00,0.444
2022-10-01 04:00:00,1.08
2022-10-01 05:00:00,63.134
2022-10-01 06:00:00,330.996
2022-10-01 07:00:00,537.64
2022-10-01 08:00:00,393.403
2022-10-01 09:00:00,675.94
2022-10-01 10:00:00,843.126
2022-10-01 11:00:00,791.033
2022-10-01 12:00:00,644.299
2022-10-01 13:00:00,479.568
2022-10-01 14:00:00,189.996
2022-10-01 15:00:00,19.881
2022-10-01 16:00:00,1.02
2022-10-01 17:00:00,0.786
2022-10-01 18:00:00,0.909
2022-10-01 19:00:00,0.476
2022-10-01 20:00:00,0.474
2022-10-01 21:00:00,0.62
2022-10-01 22:00:00,0.533
2022-10-01 23:00:00,0.303
2022-10-02 00:00:00,0.269
2022-10-02 01:00:00,0.315
2022-10-02 02:00:00,0.276
2022-10-02 03:00:00,0.279
2022-10-02 04:00:00,0.515
2022-10-02 05:00:00,15.868
2022-10-02 06:00:00,89.15
2022-10-02 07:00:00,173.834
2022-10-02 08:00:00,175.891
2022-10-02 09:00:00,300.91200000000003
2022-10-02 10:00:00,334.74199999999996
2022-10-02 11:00:00,303.30400000000003
2022-10-02 12:00:00,267.365
2022-10-02 13:00:00,155.527
2022-10-02 14:00:00,55.684
2022-10-02 15:00:00,6.91
2022-10-02 16:00:00,1.786
2022-10-02 17:00:00,0.208
2022-10-02 18:00:00,0.259
2022-10-02 19:00:00,0.238
2022-10-02 20:00:00,0.191
2022-10-02 21:00:00,0.102
2022-10-02 22:00:00,0.068
2022-10-02 23:00:00,0.087
2022-10-03 00:00:00,0.054
2022-10-03 01:00:00,0.066
2022-10-03 02:00:00,0.101
2022-10-03 03:00:00,0.101
2022-10-03 04:00:00,0.292
2022-10-03 05:00:00,13.764
2022-10-03 06:00:00,118.984
2022-10-03 07:00:00,520.121
2022-10-03 08:00:00,985.721
2022-10-03 09:00:00,1119.339
2022-10-03 10:00:00,1250.936
2022-10-03 11:00:00,1128.627
2022-10-03 12:00:00,935.893
2022-10-03 13:00:00,551.986
2022-10-03 14:00:00,209.649
2022-10-03 15:00:00,33.836999999999996
2022-10-03 16:00:00,0.909
2022-10-03 17:00:00,0.8560000000000001
2022-10-03 18:00:00,0.855
2022-10-03 19:00:00,0.576
2022-10-03 20:00:00,0.4609999999999999
2022-10-03 21:00:00,0.7939999999999999
2022-10-03 22:00:00,0.507
2022-10-03 23:00:00,0.433
2022-10-04 00:00:00,0.31
2022-10-04 01:00:00,0.34
2022-10-04 02:00:00,0.302
2022-10-04 03:00:00,0.286
2022-10-04 04:00:00,0.596
2022-10-04 05:00:00,29.495
2022-10-04 06:00:00,298.846
2022-10-04 07:00:00,784.094
2022-10-04 08:00:00,1255.683
2022-10-04 09:00:00,1473.319
2022-10-04 10:00:00,1511.144
2022-10-04 11:00:00,1404.558
2022-10-04 12:00:00,1144.337
2022-10-04 13:00:00,685.326
2022-10-04 14:00:00,222.935
2022-10-04 15:00:00,15.045
2022-10-04 16:00:00,0.636
2022-10-04 17:00:00,0.743
2022-10-04 18:00:00,1.285
2022-10-04 19:00:00,1.429
2022-10-04 20:00:00,0.452
2022-10-04 21:00:00,0.438
2022-10-04 22:00:00,0.487
2022-10-04 23:00:00,0.344
2022-10-05 00:00:00,0.414
2022-10-05 01:00:00,0.6020000000000001
2022-10-05 02:00:00,0.266
2022-10-05 03:00:00,0.297
2022-10-05 04:00:00,0.333
2022-10-05 05:00:00,4.229
2022-10-05 06:00:00,26.217
2022-10-05 07:00:00,56.120000000000005
2022-10-05 08:00:00,94.713
2022-10-05 09:00:00,83.121
2022-10-05 10:00:00,64.304
2022-10-05 11:00:00,74.948
2022-10-05 12:00:00,46.231
2022-10-05 13:00:00,33.662
2022-10-05 14:00:00,13.36
2022-10-05 15:00:00,1.414
2022-10-05 16:00:00,0.241
2022-10-05 17:00:00,0.246
2022-10-05 18:00:00,0.2319999999999999
2022-10-05 19:00:00,0.397
2022-10-05 20:00:00,0.02
2022-10-05 21:00:00,0.028
2022-10-05 22:00:00,0.097
2022-10-05 23:00:00,0.089
2022-10-06 00:00:00,0.073
2022-10-06 01:00:00,0.021
2022-10-06 02:00:00,0.019
2022-10-06 03:00:00,0.022
2022-10-06 04:00:00,0.074
2022-10-06 05:00:00,2.74
2022-10-06 06:00:00,9.434
2022-10-06 07:00:00,29.351999999999997
2022-10-06 08:00:00,113.152
2022-10-06 09:00:00,422.979
2022-10-06 10:00:00,819.5809999999999
2022-10-06 11:00:00,782.374
2022-10-06 12:00:00,427.953
2022-10-06 13:00:00,297.205
2022-10-06 14:00:00,144.679
2022-10-06 15:00:00,13.242
2022-10-06 16:00:00,1.802
2022-10-06 17:00:00,1.176
2022-10-06 18:00:00,1.983
2022-10-06 19:00:00,0.94
2022-10-06 20:00:00,0.545
2022-10-06 21:00:00,0.392
2022-10-06 22:00:00,0.403
2022-10-06 23:00:00,0.349
2022-10-07 00:00:00,0.388
2022-10-07 01:00:00,0.373
2022-10-07 02:00:00,0.318
2022-10-07 03:00:00,0.325
2022-10-07 04:00:00,1.047
2022-10-07 05:00:00,44.125
2022-10-07 06:00:00,283.812
2022-10-07 07:00:00,705.813
2022-10-07 08:00:00,1030.906
2022-10-07 09:00:00,1224.91
2022-10-07 10:00:00,1134.532
2022-10-07 11:00:00,588.614
2022-10-07 12:00:00,165.114
2022-10-07 13:00:00,68.404
2022-10-07 14:00:00,60.865
2022-10-07 15:00:00,4.42
2022-10-07 16:00:00,0.629
2022-10-07 17:00:00,0.631
2022-10-07 18:00:00,0.628
2022-10-07 19:00:00,0.685
2022-10-07 20:00:00,0.856
2022-10-07 21:00:00,0.364
2022-10-07 22:00:00,0.463
2022-10-07 23:00:00,0.38
2022-10-08 00:00:00,0.412
2022-10-08 01:00:00,0.306
2022-10-08 02:00:00,0.313
2022-10-08 03:00:00,0.32
2022-10-08 04:00:00,0.31
2022-10-08 05:00:00,14.462
2022-10-08 06:00:00,48.687999999999995
2022-10-08 07:00:00,212.445
2022-10-08 08:00:00,191.802
2022-10-08 09:00:00,268.707
2022-10-08 10:00:00,148.067
2022-10-08 11:00:00,72.164
2022-10-08 12:00:00,155.592
2022-10-08 13:00:00,122.885
2022-10-08 14:00:00,23.979
2022-10-08 15:00:00,7.715
2022-10-08 16:00:00,0.546
2022-10-08 17:00:00,0.185
2022-10-08 18:00:00,0.199
2022-10-08 19:00:00,0.217
2022-10-08 20:00:00,0.082
2022-10-08 21:00:00,0.134
2022-10-08 22:00:00,0.123
2022-10-08 23:00:00,0.147
2022-10-09 00:00:00,0.131
2022-10-09 01:00:00,0.085
2022-10-09 02:00:00,0.103
2022-10-09 03:00:00,0.324
2022-10-09 04:00:00,0.503
2022-10-09 05:00:00,43.064
2022-10-09 06:00:00,302.538
2022-10-09 07:00:00,748.002
2022-10-09 08:00:00,1108.788
2022-10-09 09:00:00,1298.602
2022-10-09 10:00:00,1269.795
2022-10-09 11:00:00,1246.393
2022-10-09 12:00:00,1028.503
2022-10-09 13:00:00,627.362
2022-10-09 14:00:00,178.748
2022-10-09 15:00:00,5.346
2022-10-09 16:00:00,1.045
2022-10-09 17:00:00,1.421
2022-10-09 18:00:00,0.734
2022-10-09 19:00:00,0.697
2022-10-09 20:00:00,0.647
2022-10-09 21:00:00,0.968
2022-10-09 22:00:00,0.625
2022-10-09 23:00:00,0.432
2022-10-10 00:00:00,0.45
2022-10-10 01:00:00,0.37
2022-10-10 02:00:00,0.3389999999999999
2022-10-10 03:00:00,0.494
2022-10-10 04:00:00,0.5660000000000001
2022-10-10 05:00:00,9.374
2022-10-10 06:00:00,166.58100000000002
2022-10-10 07:00:00,544.145
2022-10-10 08:00:00,660.6
2022-10-10 09:00:00,572.686
2022-10-10 10:00:00,783.2
2022-10-10 11:00:00,780.064
2022-10-10 12:00:00,822.735
2022-10-10 13:00:00,563.26
2022-10-10 14:00:00,154.001
2022-10-10 15:00:00,6.722
2022-10-10 16:00:00,1.1720000000000002
2022-10-10 17:00:00,0.644
2022-10-10 18:00:00,0.847
2022-10-10 19:00:00,1.019
2022-10-10 20:00:00,0.504
2022-10-10 21:00:00,0.591
2022-10-10 22:00:00,0.487
2022-10-10 23:00:00,0.435
2022-10-11 00:00:00,0.474
2022-10-11 01:00:00,0.366
2022-10-11 02:00:00,1.006
2022-10-11 03:00:00,0.437
2022-10-11 04:00:00,0.577
2022-10-11 05:00:00,2.426
2022-10-11 06:00:00,10.372
2022-10-11 07:00:00,69.886
2022-10-11 08:00:00,325.868
2022-10-11 09:00:00,851.9649999999999
2022-10-11 10:00:00,886.2139999999999
2022-10-11 11:00:00,775.933
2022-10-11 12:00:00,501.214
2022-10-11 13:00:00,269.65999999999997
2022-10-11 14:00:00,86.17099999999999
2022-10-11 15:00:00,4.444
2022-10-11 16:00:00,0.599
2022-10-11 17:00:00,0.769
2022-10-11 18:00:00,1.168
2022-10-11 19:00:00,0.629
2022-10-11 20:00:00,0.5700000000000001
2022-10-11 21:00:00,0.62
2022-10-11 22:00:00,0.52
2022-10-11 23:00:00,0.635
2022-10-12 00:00:00,0.5990000000000001
2022-10-12 01:00:00,0.798
2022-10-12 02:00:00,1.1740000000000002
2022-10-12 03:00:00,1.35
2022-10-12 04:00:00,0.844
2022-10-12 05:00:00,32.966
2022-10-12 06:00:00,293.391
2022-10-12 07:00:00,749.598
2022-10-12 08:00:00,1137.189
2022-10-12 09:00:00,1351.19
2022-10-12 10:00:00,1274.082
2022-10-12 11:00:00,1070.964
2022-10-12 12:00:00,839.1320000000001
2022-10-12 13:00:00,548.8050000000001
2022-10-12 14:00:00,147.767
2022-10-12 15:00:00,4.590999999999999
2022-10-12 16:00:00,1.966
2022-10-12 17:00:00,2.536
2022-10-12 18:00:00,2.145
2022-10-12 19:00:00,1.379
2022-10-12 20:00:00,0.655
2022-10-12 21:00:00,0.638
2022-10-12 22:00:00,0.538
2022-10-12 23:00:00,0.604
2022-10-13 00:00:00,0.975
2022-10-13 01:00:00,0.547
2022-10-13 02:00:00,0.686
2022-10-13 03:00:00,0.676
2022-10-13 04:00:00,0.355
2022-10-13 05:00:00,5.675000000000001
2022-10-13 06:00:00,35.266999999999996
2022-10-13 07:00:00,84.955
2022-10-13 08:00:00,155.381
2022-10-13 09:00:00,210.396
2022-10-13 10:00:00,206.314
2022-10-13 11:00:00,156.776
2022-10-13 12:00:00,135.233
2022-10-13 13:00:00,64.572
2022-10-13 14:00:00,11.843
2022-10-13 15:00:00,1.653
2022-10-13 16:00:00,2.241
2022-10-13 17:00:00,1.912
2022-10-13 18:00:00,1.042
2022-10-13 19:00:00,0.243
2022-10-13 20:00:00,0.247
2022-10-13 21:00:00,0.235
2022-10-13 22:00:00,0.21
2022-10-13 23:00:00,0.106
2022-10-14 00:00:00,0.051
2022-10-14 01:00:00,0.145
2022-10-14 02:00:00,0.084
2022-10-14 03:00:00,0.07
2022-10-14 04:00:00,0.1629999999999999
2022-10-14 05:00:00,2.357
2022-10-14 06:00:00,16.134999999999998
2022-10-14 07:00:00,32.046
2022-10-14 08:00:00,49.242
2022-10-14 09:00:00,78.831
2022-10-14 10:00:00,61.937000000000005
2022-10-14 11:00:00,35.43
2022-10-14 12:00:00,31.16
2022-10-14 13:00:00,10.307
2022-10-14 14:00:00,2.06
2022-10-14 15:00:00,0.392
2022-10-14 16:00:00,0.305
2022-10-14 17:00:00,0.137
2022-10-14 18:00:00,0.269
2022-10-14 19:00:00,0.11
2022-10-14 20:00:00,0.062
2022-10-14 21:00:00,0.021
2022-10-14 22:00:00,0.022
2022-10-14 23:00:00,0.019
2022-10-15 00:00:00,0.047
2022-10-15 01:00:00,0.106
2022-10-15 02:00:00,0.095
2022-10-15 03:00:00,0.023
2022-10-15 04:00:00,0.021
2022-10-15 05:00:00,7.211
2022-10-15 06:00:00,34.911
2022-10-15 07:00:00,118.769
2022-10-15 08:00:00,243.297
2022-10-15 09:00:00,216.868
2022-10-15 10:00:00,242.574
2022-10-15 11:00:00,193.445
2022-10-15 12:00:00,177.142
2022-10-15 13:00:00,143.704
2022-10-15 14:00:00,21.157
2022-10-15 15:00:00,2.136
2022-10-15 16:00:00,2.419
2022-10-15 17:00:00,0.907
2022-10-15 18:00:00,0.914
2022-10-15 19:00:00,0.589
2022-10-15 20:00:00,0.365
2022-10-15 21:00:00,0.319
2022-10-15 22:00:00,0.0829999999999999
2022-10-15 23:00:00,0.151
2022-10-16 00:00:00,0.134
2022-10-16 01:00:00,0.0839999999999999
2022-10-16 02:00:00,0.22
2022-10-16 03:00:00,0.175
2022-10-16 04:00:00,0.142
2022-10-16 05:00:00,0.7
2022-10-16 06:00:00,12.281
2022-10-16 07:00:00,54.319
2022-10-16 08:00:00,70.346
2022-10-16 09:00:00,70.735
2022-10-16 10:00:00,47.678
2022-10-16 11:00:00,36.087
2022-10-16 12:00:00,65.866
2022-10-16 13:00:00,51.718999999999994
2022-10-16 14:00:00,8.737
2022-10-16 15:00:00,0.861
2022-10-16 16:00:00,0.459
2022-10-16 17:00:00,0.196
2022-10-16 18:00:00,0.049
2022-10-16 19:00:00,0.022
2022-10-16 20:00:00,0.022
2022-10-16 21:00:00,0.02
2022-10-16 22:00:00,0.022
2022-10-16 23:00:00,0.284
2022-10-17 00:00:00,0.173
2022-10-17 01:00:00,0.019
2022-10-17 02:00:00,0.02
2022-10-17 03:00:00,0.022
2022-10-17 04:00:00,0.023
2022-10-17 05:00:00,3.189
2022-10-17 06:00:00,82.968
2022-10-17 07:00:00,354.418
2022-10-17 08:00:00,824.279
2022-10-17 09:00:00,1144.023
2022-10-17 10:00:00,1246.275
2022-10-17 11:00:00,1158.609
2022-10-17 12:00:00,917.343
2022-10-17 13:00:00,283.704
2022-10-17 14:00:00,24.331000000000003
2022-10-17 15:00:00,1.042
2022-10-17 16:00:00,1.01
2022-10-17 17:00:00,0.891
2022-10-17 18:00:00,0.939
2022-10-17 19:00:00,0.538
2022-10-17 20:00:00,0.607
2022-10-17 21:00:00,0.483
2022-10-17 22:00:00,0.52
2022-10-17 23:00:00,1.092
2022-10-18 00:00:00,0.448
2022-10-18 01:00:00,0.436
2022-10-18 02:00:00,0.519
2022-10-18 03:00:00,1.013
2022-10-18 04:00:00,0.57
2022-10-18 05:00:00,1.442
2022-10-18 06:00:00,24.556
2022-10-18 07:00:00,190.98
2022-10-18 08:00:00,337.942
2022-10-18 09:00:00,345.73799999999994
2022-10-18 10:00:00,434.167
2022-10-18 11:00:00,324.291
2022-10-18 12:00:00,286.847
2022-10-18 13:00:00,158.96699999999998
2022-10-18 14:00:00,14.885
2022-10-18 15:00:00,1.278
2022-10-18 16:00:00,1.208
2022-10-18 17:00:00,1.702
2022-10-18 18:00:00,1.576
2022-10-18 19:00:00,1.495
2022-10-18 20:00:00,0.643
2022-10-18 21:00:00,1.124
2022-10-18 22:00:00,0.493
2022-10-18 23:00:00,0.562
2022-10-19 00:00:00,0.598
2022-10-19 01:00:00,0.6709999999999999
2022-10-19 02:00:00,0.7859999999999999
2022-10-19 03:00:00,0.813
2022-10-19 04:00:00,0.71
2022-10-19 05:00:00,10.995
2022-10-19 06:00:00,173.184
2022-10-19 07:00:00,487.961
2022-10-19 08:00:00,797.108
2022-10-19 09:00:00,972.847
2022-10-19 10:00:00,984.472
2022-10-19 11:00:00,1111.053
2022-10-19 12:00:00,883.548
2022-10-19 13:00:00,429.487
2022-10-19 14:00:00,82.832
2022-10-19 15:00:00,2.351
2022-10-19 16:00:00,1.1929999999999998
2022-10-19 17:00:00,1.306
2022-10-19 18:00:00,1.884
2022-10-19 19:00:00,0.919
2022-10-19 20:00:00,0.937
2022-10-19 21:00:00,0.902
2022-10-19 22:00:00,0.53
2022-10-19 23:00:00,0.567
2022-10-20 00:00:00,0.484
2022-10-20 01:00:00,0.887
2022-10-20 02:00:00,0.593
2022-10-20 03:00:00,0.733
2022-10-20 04:00:00,0.274
2022-10-20 05:00:00,6.006
2022-10-20 06:00:00,89.138
2022-10-20 07:00:00,254.934
2022-10-20 08:00:00,638.4390000000001
2022-10-20 09:00:00,701.27
2022-10-20 10:00:00,574.321
2022-10-20 11:00:00,410.381
2022-10-20 12:00:00,252.746
2022-10-20 13:00:00,119.406
2022-10-20 14:00:00,23.118
2022-10-20 15:00:00,1.29
2022-10-20 16:00:00,1.129
2022-10-20 17:00:00,0.937
2022-10-20 18:00:00,1.042
2022-10-20 19:00:00,1.1760000000000002
2022-10-20 20:00:00,1.279
2022-10-20 21:00:00,0.698
2022-10-20 22:00:00,0.497
2022-10-20 23:00:00,0.522
2022-10-21 00:00:00,0.626
2022-10-21 01:00:00,0.537
2022-10-21 02:00:00,0.493
2022-10-21 03:00:00,0.056
2022-10-21 04:00:00,0.026
2022-10-21 05:00:00,0.434
2022-10-21 06:00:00,7.982
2022-10-21 07:00:00,41.836
2022-10-21 08:00:00,188.878
2022-10-21 09:00:00,506.587
2022-10-21 10:00:00,529.26
2022-10-21 11:00:00,430.047
2022-10-21 12:00:00,374.083
2022-10-21 13:00:00,259.117
2022-10-21 14:00:00,35.802
2022-10-21 15:00:00,2.348
2022-10-21 16:00:00,1.269
2022-10-21 17:00:00,1.181
2022-10-21 18:00:00,1.035
2022-10-21 19:00:00,0.846
2022-10-21 20:00:00,0.409
2022-10-21 21:00:00,0.38
2022-10-21 22:00:00,0.361
2022-10-21 23:00:00,0.346
2022-10-22 00:00:00,0.392
2022-10-22 01:00:00,0.783
2022-10-22 02:00:00,0.383
2022-10-22 03:00:00,0.41
2022-10-22 04:00:00,0.456
2022-10-22 05:00:00,3.991
2022-10-22 06:00:00,87.85900000000001
2022-10-22 07:00:00,324.875
2022-10-22 08:00:00,481.779
2022-10-22 09:00:00,786.9
2022-10-22 10:00:00,973.039
2022-10-22 11:00:00,858.002
2022-10-22 12:00:00,399.063
2022-10-22 13:00:00,135.572
2022-10-22 14:00:00,15.416
2022-10-22 15:00:00,0.996
2022-10-22 16:00:00,1.132
2022-10-22 17:00:00,0.988
2022-10-22 18:00:00,0.77
2022-10-22 19:00:00,0.5650000000000001
2022-10-22 20:00:00,0.451
2022-10-22 21:00:00,0.46
2022-10-22 22:00:00,0.365
2022-10-22 23:00:00,0.792
2022-10-23 00:00:00,0.284
2022-10-23 01:00:00,0.283
2022-10-23 02:00:00,0.315
2022-10-23 03:00:00,0.311
2022-10-23 04:00:00,0.34
2022-10-23 05:00:00,0.404
2022-10-23 06:00:00,7.3
2022-10-23 07:00:00,33.4
2022-10-23 08:00:00,53.447
2022-10-23 09:00:00,100.449
2022-10-23 10:00:00,144.594
2022-10-23 11:00:00,145.886
2022-10-23 12:00:00,120.403
2022-10-23 13:00:00,41.466
2022-10-23 14:00:00,6.122
2022-10-23 15:00:00,0.603
2022-10-23 16:00:00,0.2209999999999999
2022-10-23 17:00:00,0.489
2022-10-23 18:00:00,0.68
2022-10-23 19:00:00,0.15
2022-10-23 20:00:00,0.079
2022-10-23 21:00:00,0.05
2022-10-23 22:00:00,0.08
2022-10-23 23:00:00,0.053
2022-10-24 00:00:00,0.023
2022-10-24 01:00:00,0.426
2022-10-24 02:00:00,0.017
2022-10-24 03:00:00,0.017
2022-10-24 04:00:00,0.017
2022-10-24 05:00:00,0.416
2022-10-24 06:00:00,10.388000000000002
2022-10-24 07:00:00,50.967
2022-10-24 08:00:00,112.527
2022-10-24 09:00:00,139.764
2022-10-24 10:00:00,196.432
2022-10-24 11:00:00,216.813
2022-10-24 12:00:00,77.051
2022-10-24 13:00:00,24.593
2022-10-24 14:00:00,3.828
2022-10-24 15:00:00,0.607
2022-10-24 16:00:00,0.497
2022-10-24 17:00:00,0.273
2022-10-24 18:00:00,0.148
2022-10-24 19:00:00,0.097
2022-10-24 20:00:00,0.422
2022-10-24 21:00:00,0.239
2022-10-24 22:00:00,0.048
2022-10-24 23:00:00,0.057
2022-10-25 00:00:00,0.066
2022-10-25 01:00:00,0.021
2022-10-25 02:00:00,0.02
2022-10-25 03:00:00,0.447
2022-10-25 04:00:00,0.09
2022-10-25 05:00:00,0.036
2022-10-25 06:00:00,1.802
2022-10-25 07:00:00,10.92
2022-10-25 08:00:00,18.099
2022-10-25 09:00:00,45.403
2022-10-25 10:00:00,35.248
2022-10-25 11:00:00,75.762
2022-10-25 12:00:00,46.408
2022-10-25 13:00:00,26.451
2022-10-25 14:00:00,2.717
2022-10-25 15:00:00,0.481
2022-10-25 16:00:00,0.3369999999999999
2022-10-25 17:00:00,0.212
2022-10-25 18:00:00,0.39
2022-10-25 19:00:00,0.017
2022-10-25 20:00:00,0.016
2022-10-25 21:00:00,0.016
2022-10-25 22:00:00,0.017
2022-10-25 23:00:00,0.016
2022-10-26 00:00:00,0.063
2022-10-26 01:00:00,0.113
2022-10-26 02:00:00,0.112
2022-10-26 03:00:00,0.034
2022-10-26 04:00:00,0.019
2022-10-26 05:00:00,0.033
2022-10-26 06:00:00,3.372
2022-10-26 07:00:00,24.463
2022-10-26 08:00:00,53.76
2022-10-26 09:00:00,95.978
2022-10-26 10:00:00,89.995
2022-10-26 11:00:00,60.402
2022-10-26 12:00:00,43.257
2022-10-26 13:00:00,22.663
2022-10-26 14:00:00,0.832
2022-10-26 15:00:00,0.228
2022-10-26 16:00:00,0.211
2022-10-26 17:00:00,0.239
2022-10-26 18:00:00,0.273
2022-10-26 19:00:00,0.16
2022-10-26 20:00:00,0.111
2022-10-26 21:00:00,0.104
2022-10-26 22:00:00,0.074
2022-10-26 23:00:00,0.036
2022-10-27 00:00:00,0.131
2022-10-27 01:00:00,0.113
2022-10-27 02:00:00,0.016
2022-10-27 03:00:00,0.017
2022-10-27 04:00:00,0.02
2022-10-27 05:00:00,1.191
2022-10-27 06:00:00,20.422
2022-10-27 07:00:00,103.73
2022-10-27 08:00:00,227.083
2022-10-27 09:00:00,191.532
2022-10-27 10:00:00,153.946
2022-10-27 11:00:00,78.712
2022-10-27 12:00:00,18.264
2022-10-27 13:00:00,3.358
2022-10-27 14:00:00,0.995
2022-10-27 15:00:00,0.628
2022-10-27 16:00:00,0.546
2022-10-27 17:00:00,0.519
2022-10-27 18:00:00,0.272
2022-10-27 19:00:00,0.071
2022-10-27 20:00:00,0.137
2022-10-27 21:00:00,0.097
2022-10-27 22:00:00,0.063
2022-10-27 23:00:00,0.128
2022-10-28 00:00:00,0.159
2022-10-28 01:00:00,0.4019999999999999
2022-10-28 02:00:00,0.141
2022-10-28 03:00:00,0.064
2022-10-28 04:00:00,0.07
2022-10-28 05:00:00,0.0569999999999999
2022-10-28 06:00:00,3.247
2022-10-28 07:00:00,12.826999999999998
2022-10-28 08:00:00,34.768
2022-10-28 09:00:00,62.299
2022-10-28 10:00:00,65.893
2022-10-28 11:00:00,90.344
2022-10-28 12:00:00,45.974
2022-10-28 13:00:00,7.355
2022-10-28 14:00:00,0.225
2022-10-28 15:00:00,0.216
2022-10-28 16:00:00,0.195
2022-10-28 17:00:00,0.08
2022-10-28 18:00:00,0.038
2022-10-28 19:00:00,0.022
2022-10-28 20:00:00,0.018
2022-10-28 21:00:00,0.017
2022-10-28 22:00:00,0.018
2022-10-28 23:00:00,0.0419999999999999
2022-10-29 00:00:00,0.121
2022-10-29 01:00:00,0.138
2022-10-29 02:00:00,0.021
2022-10-29 03:00:00,0.016
2022-10-29 04:00:00,0.019
2022-10-29 05:00:00,0.026
2022-10-29 06:00:00,0.361
2022-10-29 07:00:00,3.508
2022-10-29 08:00:00,21.67
2022-10-29 09:00:00,110.992
2022-10-29 10:00:00,625.893
2022-10-29 11:00:00,795.034
2022-10-29 12:00:00,469.487
2022-10-29 13:00:00,121.784
2022-10-29 14:00:00,5.393
2022-10-29 15:00:00,1.826
2022-10-29 16:00:00,1.958
2022-10-29 17:00:00,0.779
2022-10-29 18:00:00,0.77
2022-10-29 19:00:00,0.479
2022-10-29 20:00:00,0.371
2022-10-29 21:00:00,0.434
2022-10-29 22:00:00,0.457
2022-10-29 23:00:00,0.369
2022-10-30 00:00:00,0.0
2022-10-30 01:00:00,0.108
2022-10-30 02:00:00,0.108
2022-10-30 03:00:00,0.034
2022-10-30 04:00:00,0.032
2022-10-30 05:00:00,0.767
2022-10-30 06:00:00,21.238
2022-10-30 07:00:00,218.234
2022-10-30 08:00:00,375.009
2022-10-30 09:00:00,423.427
2022-10-30 10:00:00,540.376
2022-10-30 11:00:00,416.288
2022-10-30 12:00:00,420.028
2022-10-30 13:00:00,215.297
2022-10-30 14:00:00,27.924999999999997
2022-10-30 15:00:00,1.448
2022-10-30 16:00:00,1.593
2022-10-30 17:00:00,1.422
2022-10-30 18:00:00,1.107
2022-10-30 19:00:00,1.552
2022-10-30 20:00:00,0.594
2022-10-30 21:00:00,0.263
2022-10-30 22:00:00,0.309
2022-10-30 23:00:00,0.356
2022-10-31 00:00:00,0.2199999999999999
2022-10-31 01:00:00,0.305
2022-10-31 02:00:00,0.271
2022-10-31 03:00:00,0.155
2022-10-31 04:00:00,0.083
2022-10-31 05:00:00,0.599
2022-10-31 06:00:00,83.767
2022-10-31 07:00:00,415.971
2022-10-31 08:00:00,791.9010000000001
2022-10-31 09:00:00,988.877
2022-10-31 10:00:00,675.847
2022-10-31 11:00:00,262.54
2022-10-31 12:00:00,122.381
2022-10-31 13:00:00,29.8
2022-10-31 14:00:00,2.966
2022-10-31 15:00:00,1.499
2022-10-31 16:00:00,0.7000000000000001
2022-10-31 17:00:00,0.719
2022-10-31 18:00:00,0.652
2022-10-31 19:00:00,0.672
2022-10-31 20:00:00,0.5569999999999999
2022-10-31 21:00:00,0.826
2022-10-31 22:00:00,0.304
2022-10-31 23:00:00,0.319
2022-11-01 00:00:00,0.356
2022-11-01 01:00:00,0.2259999999999999
2022-11-01 02:00:00,0.1159999999999999
2022-11-01 03:00:00,0.128
2022-11-01 04:00:00,0.263
2022-11-01 05:00:00,0.476
2022-11-01 06:00:00,4.213
2022-11-01 07:00:00,26.328
2022-11-01 08:00:00,58.736
2022-11-01 09:00:00,78.769
2022-11-01 10:00:00,73.59
2022-11-01 11:00:00,65.699
2022-11-01 12:00:00,44.385000000000005
2022-11-01 13:00:00,9.853
2022-11-01 14:00:00,0.573
2022-11-01 15:00:00,0.308
2022-11-01 16:00:00,0.3419999999999999
2022-11-01 17:00:00,0.321
2022-11-01 18:00:00,0.255
2022-11-01 19:00:00,0.208
2022-11-01 20:00:00,0.239
2022-11-01 21:00:00,0.321
2022-11-01 22:00:00,0.085
2022-11-01 23:00:00,0.062
2022-11-02 00:00:00,0.086
2022-11-02 01:00:00,0.057
2022-11-02 02:00:00,0.086
2022-11-02 03:00:00,0.455
2022-11-02 04:00:00,0.354
2022-11-02 05:00:00,0.189
2022-11-02 06:00:00,1.348
2022-11-02 07:00:00,13.31
2022-11-02 08:00:00,35.629
2022-11-02 09:00:00,54.855
2022-11-02 10:00:00,47.922
2022-11-02 11:00:00,30.599
2022-11-02 12:00:00,37.319
2022-11-02 13:00:00,20.630000000000003
2022-11-02 14:00:00,1.965
2022-11-02 15:00:00,0.356
2022-11-02 16:00:00,0.212
2022-11-02 17:00:00,0.176
2022-11-02 18:00:00,0.027
2022-11-02 19:00:00,0.023
2022-11-02 20:00:00,0.023
2022-11-02 21:00:00,0.022
2022-11-02 22:00:00,0.076
2022-11-02 23:00:00,0.119
2022-11-03 00:00:00,0.064
2022-11-03 01:00:00,0.021
2022-11-03 02:00:00,0.021
2022-11-03 03:00:00,0.021
2022-11-03 04:00:00,0.022
2022-11-03 05:00:00,0.033
2022-11-03 06:00:00,10.003
2022-11-03 07:00:00,72.609
2022-11-03 08:00:00,231.161
2022-11-03 09:00:00,356.946
2022-11-03 10:00:00,442.951
2022-11-03 11:00:00,336.407
2022-11-03 12:00:00,239.952
2022-11-03 13:00:00,72.54
2022-11-03 14:00:00,2.615
2022-11-03 15:00:00,1.529
2022-11-03 16:00:00,1.656
2022-11-03 17:00:00,1.496
2022-11-03 18:00:00,1.44
2022-11-03 19:00:00,1.009
2022-11-03 20:00:00,0.823
2022-11-03 21:00:00,0.854
2022-11-03 22:00:00,0.722
2022-11-03 23:00:00,0.619
2022-11-04 00:00:00,0.609
2022-11-04 01:00:00,0.669
2022-11-04 02:00:00,0.187
2022-11-04 03:00:00,0.122
2022-11-04 04:00:00,0.169
2022-11-04 05:00:00,0.091
2022-11-04 06:00:00,20.125
2022-11-04 07:00:00,96.931
2022-11-04 08:00:00,259.75
2022-11-04 09:00:00,393.752
2022-11-04 10:00:00,328.41100000000006
2022-11-04 11:00:00,185.861
2022-11-04 12:00:00,76.205
2022-11-04 13:00:00,21.83
2022-11-04 14:00:00,1.783
2022-11-04 15:00:00,1.146
2022-11-04 16:00:00,1.04
2022-11-04 17:00:00,1.4320000000000002
2022-11-04 18:00:00,0.505
2022-11-04 19:00:00,0.503
2022-11-04 20:00:00,0.493
2022-11-04 21:00:00,0.1169999999999999
2022-11-04 22:00:00,0.138
2022-11-04 23:00:00,0.194
2022-11-05 00:00:00,0.155
2022-11-05 01:00:00,0.207
2022-11-05 02:00:00,0.146
2022-11-05 03:00:00,0.077
2022-11-05 04:00:00,0.105
2022-11-05 05:00:00,0.189
2022-11-05 06:00:00,0.423
2022-11-05 07:00:00,2.503
2022-11-05 08:00:00,7.083
2022-11-05 09:00:00,11.606
2022-11-05 10:00:00,12.049
2022-11-05 11:00:00,8.259
2022-11-05 12:00:00,3.303
2022-11-05 13:00:00,0.516
2022-11-05 14:00:00,0.06
2022-11-05 15:00:00,0.061
2022-11-05 16:00:00,0.1569999999999999
2022-11-05 17:00:00,0.236
2022-11-05 18:00:00,0.066
2022-11-05 19:00:00,0.471
2022-11-05 20:00:00,0.1709999999999999
2022-11-05 21:00:00,0.117
2022-11-05 22:00:00,0.076
2022-11-05 23:00:00,0.017
2022-11-06 00:00:00,0.052
2022-11-06 01:00:00,0.088
2022-11-06 02:00:00,0.068
2022-11-06 03:00:00,0.015
2022-11-06 04:00:00,0.018
2022-11-06 05:00:00,0.027
2022-11-06 06:00:00,30.305999999999997
2022-11-06 07:00:00,256.09999999999997
2022-11-06 08:00:00,473.581
2022-11-06 09:00:00,438.282
2022-11-06 10:00:00,436.913
2022-11-06 11:00:00,335.271
2022-11-06 12:00:00,124.031
2022-11-06 13:00:00,31.079
2022-11-06 14:00:00,4.507
2022-11-06 15:00:00,1.279
2022-11-06 16:00:00,0.463
2022-11-06 17:00:00,0.864
2022-11-06 18:00:00,0.398
2022-11-06 19:00:00,0.32
2022-11-06 20:00:00,0.189
2022-11-06 21:00:00,0.148
2022-11-06 22:00:00,0.064
2022-11-06 23:00:00,0.083
2022-11-07 00:00:00,0.058
2022-11-07 01:00:00,0.061
2022-11-07 02:00:00,0.04
2022-11-07 03:00:00,0.046
2022-11-07 04:00:00,0.102
2022-11-07 05:00:00,0.054
2022-11-07 06:00:00,2.218
2022-11-07 07:00:00,13.509
2022-11-07 08:00:00,134.339
2022-11-07 09:00:00,280.341
2022-11-07 10:00:00,196.573
2022-11-07 11:00:00,87.7
2022-11-07 12:00:00,19.937
2022-11-07 13:00:00,3.543
2022-11-07 14:00:00,1.616
2022-11-07 15:00:00,0.626
2022-11-07 16:00:00,0.299
2022-11-07 17:00:00,0.309
2022-11-07 18:00:00,0.317
2022-11-07 19:00:00,0.401
2022-11-07 20:00:00,0.368
2022-11-07 21:00:00,0.147
2022-11-07 22:00:00,0.081
2022-11-07 23:00:00,0.122
2022-11-08 00:00:00,0.089
2022-11-08 01:00:00,0.036
2022-11-08 02:00:00,0.033
2022-11-08 03:00:00,0.185
2022-11-08 04:00:00,0.1709999999999999
2022-11-08 05:00:00,0.036
2022-11-08 06:00:00,1.426
2022-11-08 07:00:00,26.155
2022-11-08 08:00:00,107.587
2022-11-08 09:00:00,245.309
2022-11-08 10:00:00,204.217
2022-11-08 11:00:00,200.526
2022-11-08 12:00:00,158.09699999999998
2022-11-08 13:00:00,23.275999999999996
2022-11-08 14:00:00,1.006
2022-11-08 15:00:00,0.936
2022-11-08 16:00:00,0.8560000000000001
2022-11-08 17:00:00,0.432
2022-11-08 18:00:00,0.569
2022-11-08 19:00:00,0.384
2022-11-08 20:00:00,0.1699999999999999
2022-11-08 21:00:00,0.181
2022-11-08 22:00:00,0.183
2022-11-08 23:00:00,0.142
2022-11-09 00:00:00,0.104
2022-11-09 01:00:00,0.223
2022-11-09 02:00:00,0.1929999999999999
2022-11-09 03:00:00,0.1609999999999999
2022-11-09 04:00:00,0.024
2022-11-09 05:00:00,0.027
2022-11-09 06:00:00,0.209
2022-11-09 07:00:00,5.383
2022-11-09 08:00:00,45.983
2022-11-09 09:00:00,107.326
2022-11-09 10:00:00,87.437
2022-11-09 11:00:00,136.891
2022-11-09 12:00:00,95.84
2022-11-09 13:00:00,29.226
2022-11-09 14:00:00,1.118
2022-11-09 15:00:00,0.607
2022-11-09 16:00:00,0.422
2022-11-09 17:00:00,0.4339999999999999
2022-11-09 18:00:00,0.487
2022-11-09 19:00:00,0.363
2022-11-09 20:00:00,0.1659999999999999
2022-11-09 21:00:00,0.2219999999999999
2022-11-09 22:00:00,0.143
2022-11-09 23:00:00,0.0819999999999999
2022-11-10 00:00:00,0.126
2022-11-10 01:00:00,0.102
2022-11-10 02:00:00,0.316
2022-11-10 03:00:00,0.226
2022-11-10 04:00:00,0.1939999999999999
2022-11-10 05:00:00,0.037
2022-11-10 06:00:00,0.276
2022-11-10 07:00:00,11.125
2022-11-10 08:00:00,53.784000000000006
2022-11-10 09:00:00,111.079
2022-11-10 10:00:00,131.796
2022-11-10 11:00:00,132.441
2022-11-10 12:00:00,32.289
2022-11-10 13:00:00,5.729
2022-11-10 14:00:00,0.612
2022-11-10 15:00:00,0.397
2022-11-10 16:00:00,0.1669999999999999
2022-11-10 17:00:00,0.328
2022-11-10 18:00:00,0.266
2022-11-10 19:00:00,0.183
2022-11-10 20:00:00,0.079
2022-11-10 21:00:00,0.067
2022-11-10 22:00:00,0.183
2022-11-10 23:00:00,0.216
2022-11-11 00:00:00,0.086
2022-11-11 01:00:00,0.053
2022-11-11 02:00:00,0.267
2022-11-11 03:00:00,0.017
2022-11-11 04:00:00,0.0199999999999999
2022-11-11 05:00:00,0.0209999999999999
2022-11-11 06:00:00,1.831
2022-11-11 07:00:00,23.469
2022-11-11 08:00:00,39.426
2022-11-11 09:00:00,104.801
2022-11-11 10:00:00,114.266
2022-11-11 11:00:00,15.675
2022-11-11 12:00:00,6.171
2022-11-11 13:00:00,0.683
2022-11-11 14:00:00,0.09
2022-11-11 15:00:00,0.254
2022-11-11 16:00:00,0.126
2022-11-11 17:00:00,0.2289999999999999
2022-11-11 18:00:00,0.1369999999999999
2022-11-11 19:00:00,0.081
2022-11-11 20:00:00,0.053
2022-11-11 21:00:00,0.082
2022-11-11 22:00:00,0.034
2022-11-11 23:00:00,0.019
2022-11-12 00:00:00,0.0209999999999999
2022-11-12 01:00:00,0.183
2022-11-12 02:00:00,0.1679999999999999
2022-11-12 03:00:00,0.017
2022-11-12 04:00:00,0.0199999999999999
2022-11-12 05:00:00,0.022
2022-11-12 06:00:00,5.232
2022-11-12 07:00:00,140.014
2022-11-12 08:00:00,436.649
2022-11-12 09:00:00,699.1279999999999
2022-11-12 10:00:00,794.561
2022-11-12 11:00:00,634.108
2022-11-12 12:00:00,314.019
2022-11-12 13:00:00,91.786
2022-11-12 14:00:00,2.307
2022-11-12 15:00:00,1.418
2022-11-12 16:00:00,1.313
2022-11-12 17:00:00,0.89
2022-11-12 18:00:00,0.981
2022-11-12 19:00:00,1.246
2022-11-12 20:00:00,0.68
2022-11-12 21:00:00,0.217
2022-11-12 22:00:00,0.142
2022-11-12 23:00:00,0.189
2022-11-13 00:00:00,0.292
2022-11-13 01:00:00,0.133
2022-11-13 02:00:00,0.102
2022-11-13 03:00:00,0.114
2022-11-13 04:00:00,0.051
2022-11-13 05:00:00,0.038
2022-11-13 06:00:00,12.05
2022-11-13 07:00:00,97.879
2022-11-13 08:00:00,206.103
2022-11-13 09:00:00,296.856
2022-11-13 10:00:00,296.416
2022-11-13 11:00:00,379.1269999999999
2022-11-13 12:00:00,273.175
2022-11-13 13:00:00,65.922
2022-11-13 14:00:00,1.94
2022-11-13 15:00:00,1.978
2022-11-13 16:00:00,0.904
2022-11-13 17:00:00,0.502
2022-11-13 18:00:00,0.366
2022-11-13 19:00:00,0.309
2022-11-13 20:00:00,0.338
2022-11-13 21:00:00,0.174
2022-11-13 22:00:00,0.478
2022-11-13 23:00:00,0.5740000000000001
2022-11-14 00:00:00,0.316
2022-11-14 01:00:00,0.112
2022-11-14 02:00:00,0.02
2022-11-14 03:00:00,0.02
2022-11-14 04:00:00,0.021
2022-11-14 05:00:00,0.1589999999999999
2022-11-14 06:00:00,5.367
2022-11-14 07:00:00,47.128
2022-11-14 08:00:00,93.918
2022-11-14 09:00:00,118.389
2022-11-14 10:00:00,147.71800000000002
2022-11-14 11:00:00,98.658
2022-11-14 12:00:00,47.332
2022-11-14 13:00:00,10.922
2022-11-14 14:00:00,0.1919999999999999
2022-11-14 15:00:00,0.188
2022-11-14 16:00:00,0.324
2022-11-14 17:00:00,0.194
2022-11-14 18:00:00,0.123
2022-11-14 19:00:00,0.617
2022-11-14 20:00:00,0.115
2022-11-14 21:00:00,0.135
2022-11-14 22:00:00,0.021
2022-11-14 23:00:00,0.095
2022-11-15 00:00:00,0.27
2022-11-15 01:00:00,0.02
2022-11-15 02:00:00,0.02
2022-11-15 03:00:00,0.02
2022-11-15 04:00:00,0.179
2022-11-15 05:00:00,0.134
2022-11-15 06:00:00,0.102
2022-11-15 07:00:00,4.9399999999999995
2022-11-15 08:00:00,20.485
2022-11-15 09:00:00,35.539
2022-11-15 10:00:00,23.152
2022-11-15 11:00:00,20.861
2022-11-15 12:00:00,13.538
2022-11-15 13:00:00,2.144
2022-11-15 14:00:00,0.316
2022-11-15 15:00:00,0.026
2022-11-15 16:00:00,0.039
2022-11-15 17:00:00,0.024
2022-11-15 18:00:00,0.093
2022-11-15 19:00:00,0.185
2022-11-15 20:00:00,0.078
2022-11-15 21:00:00,0.35
2022-11-15 22:00:00,0.024
2022-11-15 23:00:00,0.023
2022-11-16 00:00:00,0.022
2022-11-16 01:00:00,0.024
2022-11-16 02:00:00,0.051
2022-11-16 03:00:00,0.151
2022-11-16 04:00:00,0.024
2022-11-16 05:00:00,0.022
2022-11-16 06:00:00,0.669
2022-11-16 07:00:00,16.905
2022-11-16 08:00:00,55.71
2022-11-16 09:00:00,110.262
2022-11-16 10:00:00,177.89600000000002
2022-11-16 11:00:00,180.532
2022-11-16 12:00:00,95.818
2022-11-16 13:00:00,17.024
2022-11-16 14:00:00,1.783
2022-11-16 15:00:00,0.884
2022-11-16 16:00:00,0.448
2022-11-16 17:00:00,0.32
2022-11-16 18:00:00,0.294
2022-11-16 19:00:00,0.352
2022-11-16 20:00:00,0.286
2022-11-16 21:00:00,0.6759999999999999
2022-11-16 22:00:00,0.68
2022-11-16 23:00:00,0.08
2022-11-17 00:00:00,0.033
2022-11-17 01:00:00,0.017
2022-11-17 02:00:00,0.015
2022-11-17 03:00:00,0.023
2022-11-17 04:00:00,0.147
2022-11-17 05:00:00,0.019
2022-11-17 06:00:00,0.602
2022-11-17 07:00:00,41.022
2022-11-17 08:00:00,139.203
2022-11-17 09:00:00,116.494
2022-11-17 10:00:00,125.768
2022-11-17 11:00:00,57.777
2022-11-17 12:00:00,26.364
2022-11-17 13:00:00,4.291
2022-11-17 14:00:00,0.659
2022-11-17 15:00:00,0.2199999999999999
2022-11-17 16:00:00,0.192
2022-11-17 17:00:00,0.114
2022-11-17 18:00:00,0.197
2022-11-17 19:00:00,0.203
2022-11-17 20:00:00,0.148
2022-11-17 21:00:00,0.08
2022-11-17 22:00:00,0.094
2022-11-17 23:00:00,0.025
2022-11-18 00:00:00,0.0
2022-11-18 01:00:00,0.001
2022-11-18 02:00:00,0.057
2022-11-18 03:00:00,0.153
2022-11-18 04:00:00,0.001
2022-11-18 05:00:00,0.002
2022-11-18 06:00:00,1.279
2022-11-18 07:00:00,64.10000000000001
2022-11-18 08:00:00,241.723
2022-11-18 09:00:00,535.008
2022-11-18 10:00:00,420.319
2022-11-18 11:00:00,151.927
2022-11-18 12:00:00,127.38
2022-11-18 13:00:00,22.394
2022-11-18 14:00:00,1.96
2022-11-18 15:00:00,0.8009999999999999
2022-11-18 16:00:00,0.225
2022-11-18 17:00:00,0.096
2022-11-18 18:00:00,0.48
2022-11-18 19:00:00,0.236
2022-11-18 20:00:00,0.069
2022-11-18 21:00:00,0.133
2022-11-18 22:00:00,0.206
2022-11-18 23:00:00,0.051
2022-11-19 00:00:00,0.117
2022-11-19 01:00:00,0.047
2022-11-19 02:00:00,0.05
2022-11-19 03:00:00,0.101
2022-11-19 04:00:00,0.112
2022-11-19 05:00:00,0.172
2022-11-19 06:00:00,0.059
2022-11-19 07:00:00,0.962
2022-11-19 08:00:00,3.298
2022-11-19 09:00:00,8.188
2022-11-19 10:00:00,4.043
2022-11-19 11:00:00,1.394
2022-11-19 12:00:00,0.558
2022-11-19 13:00:00,0.03
2022-11-19 14:00:00,0.0
2022-11-19 15:00:00,0.0
2022-11-19 16:00:00,0.0
2022-11-19 17:00:00,0.001
2022-11-19 18:00:00,0.0
2022-11-19 19:00:00,0.0
2022-11-19 20:00:00,0.0
2022-11-19 21:00:00,0.03
2022-11-19 22:00:00,0.354
2022-11-19 23:00:00,0.819
2022-11-20 00:00:00,0.086
2022-11-20 01:00:00,0.0
2022-11-20 02:00:00,0.0
2022-11-20 03:00:00,0.0
2022-11-20 04:00:00,0.001
2022-11-20 05:00:00,0.0
2022-11-20 06:00:00,0.0
2022-11-20 07:00:00,0.075
2022-11-20 08:00:00,0.918
2022-11-20 09:00:00,2.236
2022-11-20 10:00:00,2.8009999999999997
2022-11-20 11:00:00,1.896
2022-11-20 12:00:00,1.12
2022-11-20 13:00:00,0.323
2022-11-20 14:00:00,0.001
2022-11-20 15:00:00,0.004
2022-11-20 16:00:00,0.0
2022-11-20 17:00:00,0.009
2022-11-20 18:00:00,0.0
2022-11-20 19:00:00,0.033
2022-11-20 20:00:00,0.072
2022-11-20 21:00:00,0.0
2022-11-20 22:00:00,0.0
2022-11-20 23:00:00,0.0
2022-11-21 00:00:00,0.0
2022-11-21 01:00:00,0.0
2022-11-21 02:00:00,0.001
2022-11-21 03:00:00,0.0
2022-11-21 04:00:00,0.0
2022-11-21 05:00:00,0.001
2022-11-21 06:00:00,0.469
2022-11-21 07:00:00,1.912
2022-11-21 08:00:00,5.625
2022-11-21 09:00:00,14.04
2022-11-21 10:00:00,18.876
2022-11-21 11:00:00,4.862
2022-11-21 12:00:00,1.865
2022-11-21 13:00:00,0.342
2022-11-21 14:00:00,0.0
2022-11-21 15:00:00,0.0
2022-11-21 16:00:00,0.0
2022-11-21 17:00:00,0.072
2022-11-21 18:00:00,0.143
2022-11-21 19:00:00,0.0
2022-11-21 20:00:00,0.001
2022-11-21 21:00:00,0.0
2022-11-21 22:00:00,0.0
2022-11-21 23:00:00,0.0
2022-11-22 00:00:00,0.0
2022-11-22 01:00:00,0.0
2022-11-22 02:00:00,0.0
2022-11-22 03:00:00,0.001
2022-11-22 04:00:00,0.002
2022-11-22 05:00:00,0.051
2022-11-22 06:00:00,0.008
2022-11-22 07:00:00,0.996
2022-11-22 08:00:00,8.573
2022-11-22 09:00:00,12.466
2022-11-22 10:00:00,13.003
2022-11-22 11:00:00,11.156
2022-11-22 12:00:00,6.062
2022-11-22 13:00:00,0.622
2022-11-22 14:00:00,0.052
2022-11-22 15:00:00,0.142
2022-11-22 16:00:00,0.383
2022-11-22 17:00:00,0.212
2022-11-22 18:00:00,0.173
2022-11-22 19:00:00,0.041
2022-11-22 20:00:00,0.026
2022-11-22 21:00:00,0.008
2022-11-22 22:00:00,0.002
2022-11-22 23:00:00,0.002
2022-11-23 00:00:00,0.0
2022-11-23 01:00:00,0.591
2022-11-23 02:00:00,0.912
2022-11-23 03:00:00,0.0
2022-11-23 04:00:00,0.015
2022-11-23 05:00:00,0.128
2022-11-23 06:00:00,0.079
2022-11-23 07:00:00,2.043
2022-11-23 08:00:00,8.326
2022-11-23 09:00:00,16.141
2022-11-23 10:00:00,12.982
2022-11-23 11:00:00,5.9510000000000005
2022-11-23 12:00:00,1.626
2022-11-23 13:00:00,0.1139999999999999
2022-11-23 14:00:00,0.0
2022-11-23 15:00:00,0.0
2022-11-23 16:00:00,0.0
2022-11-23 17:00:00,0.0
2022-11-23 18:00:00,0.0
2022-11-23 19:00:00,0.043
2022-11-23 20:00:00,0.033
2022-11-23 21:00:00,0.0
2022-11-23 22:00:00,0.001
2022-11-23 23:00:00,0.001
2022-11-24 00:00:00,0.0
2022-11-24 01:00:00,0.0
2022-11-24 02:00:00,0.0
2022-11-24 03:00:00,0.0
2022-11-24 04:00:00,0.0
2022-11-24 05:00:00,0.0
2022-11-24 06:00:00,0.413
2022-11-24 07:00:00,0.261
2022-11-24 08:00:00,1.582
2022-11-24 09:00:00,2.427
2022-11-24 10:00:00,2.3009999999999997
2022-11-24 11:00:00,1.107
2022-11-24 12:00:00,0.5389999999999999
2022-11-24 13:00:00,0.023
2022-11-24 14:00:00,0.0
2022-11-24 15:00:00,0.0
2022-11-24 16:00:00,0.0
2022-11-24 17:00:00,0.005
2022-11-24 18:00:00,0.099
2022-11-24 19:00:00,0.032
2022-11-24 20:00:00,0.0
2022-11-24 21:00:00,0.0
2022-11-24 22:00:00,0.001
2022-11-24 23:00:00,0.0
2022-11-25 00:00:00,0.0
2022-11-25 01:00:00,0.0
2022-11-25 02:00:00,0.0
2022-11-25 03:00:00,0.0
2022-11-25 04:00:00,0.0
2022-11-25 05:00:00,0.062
2022-11-25 06:00:00,0.013
2022-11-25 07:00:00,0.744
2022-11-25 08:00:00,3.399
2022-11-25 09:00:00,6.840000000000001
2022-11-25 10:00:00,8.551
2022-11-25 11:00:00,4.335
2022-11-25 12:00:00,2.857
2022-11-25 13:00:00,0.414
2022-11-25 14:00:00,0.0
2022-11-25 15:00:00,0.0
2022-11-25 16:00:00,0.202
2022-11-25 17:00:00,0.061
2022-11-25 18:00:00,0.0
2022-11-25 19:00:00,0.001
2022-11-25 20:00:00,0.0
2022-11-25 21:00:00,0.0
2022-11-25 22:00:00,0.0
2022-11-25 23:00:00,0.003
2022-11-26 00:00:00,0.309
2022-11-26 01:00:00,0.001
2022-11-26 02:00:00,0.001
2022-11-26 03:00:00,0.081
2022-11-26 04:00:00,0.098
2022-11-26 05:00:00,0.001
2022-11-26 06:00:00,0.508
2022-11-26 07:00:00,0.746
2022-11-26 08:00:00,0.893
2022-11-26 09:00:00,4.313
2022-11-26 10:00:00,7.129
2022-11-26 11:00:00,7.549
2022-11-26 12:00:00,2.944
2022-11-26 13:00:00,0.348
2022-11-26 14:00:00,0.189
2022-11-26 15:00:00,0.016
2022-11-26 16:00:00,0.019
2022-11-26 17:00:00,0.113
2022-11-26 18:00:00,0.064
2022-11-26 19:00:00,0.023
2022-11-26 20:00:00,0.002
2022-11-26 21:00:00,0.0
2022-11-26 22:00:00,0.0
2022-11-26 23:00:00,0.0
2022-11-27 00:00:00,0.0
2022-11-27 01:00:00,0.0
2022-11-27 02:00:00,0.0
2022-11-27 03:00:00,0.0
2022-11-27 04:00:00,0.117
2022-11-27 05:00:00,0.017
2022-11-27 06:00:00,0.479
2022-11-27 07:00:00,0.735
2022-11-27 08:00:00,2.608
2022-11-27 09:00:00,1.649
2022-11-27 10:00:00,1.238
2022-11-27 11:00:00,1.01
2022-11-27 12:00:00,0.243
2022-11-27 13:00:00,0.846
2022-11-27 14:00:00,0.321
2022-11-27 15:00:00,0.0
2022-11-27 16:00:00,0.0
2022-11-27 17:00:00,0.034
2022-11-27 18:00:00,0.404
2022-11-27 19:00:00,0.0
2022-11-27 20:00:00,0.0
2022-11-27 21:00:00,0.0
2022-11-27 22:00:00,0.0
2022-11-27 23:00:00,0.0
2022-11-28 00:00:00,0.0
2022-11-28 01:00:00,0.0
2022-11-28 02:00:00,0.0
2022-11-28 03:00:00,0.0
2022-11-28 04:00:00,0.035
2022-11-28 05:00:00,0.065
2022-11-28 06:00:00,0.083
2022-11-28 07:00:00,0.263
2022-11-28 08:00:00,0.946
2022-11-28 09:00:00,1.73
2022-11-28 10:00:00,2.861
2022-11-28 11:00:00,2.987
2022-11-28 12:00:00,1.26
2022-11-28 13:00:00,0.131
2022-11-28 14:00:00,0.0
2022-11-28 15:00:00,0.001
2022-11-28 16:00:00,0.109
2022-11-28 17:00:00,0.041
2022-11-28 18:00:00,0.0
2022-11-28 19:00:00,0.0
2022-11-28 20:00:00,0.0
2022-11-28 21:00:00,0.0
2022-11-28 22:00:00,0.0
2022-11-28 23:00:00,0.0
2022-11-29 00:00:00,0.0
2022-11-29 01:00:00,0.0
2022-11-29 02:00:00,0.022
2022-11-29 03:00:00,0.104
2022-11-29 04:00:00,0.041
2022-11-29 05:00:00,0.0
2022-11-29 06:00:00,0.485
2022-11-29 07:00:00,3.208
2022-11-29 08:00:00,5.464
2022-11-29 09:00:00,7.783
2022-11-29 10:00:00,11.259
2022-11-29 11:00:00,9.127
2022-11-29 12:00:00,2.404
2022-11-29 13:00:00,0.306
2022-11-29 14:00:00,0.624
2022-11-29 15:00:00,0.041
2022-11-29 16:00:00,0.043
2022-11-29 17:00:00,0.043
2022-11-29 18:00:00,0.04
2022-11-29 19:00:00,0.041
2022-11-29 20:00:00,0.003
2022-11-29 21:00:00,0.12
2022-11-29 22:00:00,0.086
2022-11-29 23:00:00,0.0
2022-11-30 00:00:00,0.0
2022-11-30 01:00:00,0.0
2022-11-30 02:00:00,0.0
2022-11-30 03:00:00,0.038
2022-11-30 04:00:00,0.181
2022-11-30 05:00:00,0.0
2022-11-30 06:00:00,0.547
2022-11-30 07:00:00,0.661
2022-11-30 08:00:00,2.407
2022-11-30 09:00:00,3.839
2022-11-30 10:00:00,5.672
2022-11-30 11:00:00,4.879
2022-11-30 12:00:00,1.958
2022-11-30 13:00:00,0.142
2022-11-30 14:00:00,0.0
2022-11-30 15:00:00,0.0
2022-11-30 16:00:00,0.041
2022-11-30 17:00:00,0.151
2022-11-30 18:00:00,0.001
2022-11-30 19:00:00,0.0
2022-11-30 20:00:00,0.0
2022-11-30 21:00:00,0.0
2022-11-30 22:00:00,0.0
2022-11-30 23:00:00,0.0
2022-12-01 00:00:00,0.157
2022-12-01 01:00:00,0.061
2022-12-01 02:00:00,0.0
2022-12-01 03:00:00,0.002
2022-12-01 04:00:00,0.0
2022-12-01 05:00:00,0.0
2022-12-01 06:00:00,0.35
2022-12-01 07:00:00,1.488
2022-12-01 08:00:00,4.194
2022-12-01 09:00:00,3.463
2022-12-01 10:00:00,5.805
2022-12-01 11:00:00,8.931
2022-12-01 12:00:00,5.039000000000001
2022-12-01 13:00:00,0.418
2022-12-01 14:00:00,0.003
2022-12-01 15:00:00,0.0
2022-12-01 16:00:00,0.0
2022-12-01 17:00:00,0.0
2022-12-01 18:00:00,0.009
2022-12-01 19:00:00,0.12
2022-12-01 20:00:00,0.0
2022-12-01 21:00:00,0.001
2022-12-01 22:00:00,0.0
2022-12-01 23:00:00,0.0
2022-12-02 00:00:00,0.0
2022-12-02 01:00:00,0.0
2022-12-02 02:00:00,0.0
2022-12-02 03:00:00,0.001
2022-12-02 04:00:00,0.001
2022-12-02 05:00:00,0.081
2022-12-02 06:00:00,0.475
2022-12-02 07:00:00,4.918
2022-12-02 08:00:00,20.62
2022-12-02 09:00:00,74.214
2022-12-02 10:00:00,106.405
2022-12-02 11:00:00,88.899
2022-12-02 12:00:00,30.311
2022-12-02 13:00:00,1.6150000000000002
2022-12-02 14:00:00,0.557
2022-12-02 15:00:00,0.062
2022-12-02 16:00:00,0.078
2022-12-02 17:00:00,0.162
2022-12-02 18:00:00,0.189
2022-12-02 19:00:00,0.105
2022-12-02 20:00:00,0.025
2022-12-02 21:00:00,0.022
2022-12-02 22:00:00,0.011
2022-12-02 23:00:00,0.024
2022-12-03 00:00:00,0.004
2022-12-03 01:00:00,0.0
2022-12-03 02:00:00,0.0
2022-12-03 03:00:00,0.343
2022-12-03 04:00:00,0.001
2022-12-03 05:00:00,0.0
2022-12-03 06:00:00,0.653
2022-12-03 07:00:00,1.547
2022-12-03 08:00:00,4.457
2022-12-03 09:00:00,7.241
2022-12-03 10:00:00,7.144
2022-12-03 11:00:00,4.949
2022-12-03 12:00:00,1.832
2022-12-03 13:00:00,0.071
2022-12-03 14:00:00,0.0
2022-12-03 15:00:00,0.0
2022-12-03 16:00:00,0.0
2022-12-03 17:00:00,0.0
2022-12-03 18:00:00,0.0
2022-12-03 19:00:00,0.001
2022-12-03 20:00:00,0.0
2022-12-03 21:00:00,0.04
2022-12-03 22:00:00,0.091
2022-12-03 23:00:00,0.004
2022-12-04 00:00:00,0.001
2022-12-04 01:00:00,0.0
2022-12-04 02:00:00,0.0
2022-12-04 03:00:00,0.001
2022-12-04 04:00:00,0.002
2022-12-04 05:00:00,0.0
2022-12-04 06:00:00,0.608
2022-12-04 07:00:00,0.945
2022-12-04 08:00:00,0.675
2022-12-04 09:00:00,0.741
2022-12-04 10:00:00,0.748
2022-12-04 11:00:00,0.461
2022-12-04 12:00:00,0.114
2022-12-04 13:00:00,0.011
2022-12-04 14:00:00,0.001
2022-12-04 15:00:00,0.0
2022-12-04 16:00:00,0.0
2022-12-04 17:00:00,0.0
2022-12-04 18:00:00,0.0
2022-12-04 19:00:00,0.0
2022-12-04 20:00:00,0.063
2022-12-04 21:00:00,0.073
2022-12-04 22:00:00,0.0
2022-12-04 23:00:00,0.0
2022-12-05 00:00:00,0.0
2022-12-05 01:00:00,0.0
2022-12-05 02:00:00,0.0
2022-12-05 03:00:00,0.0
2022-12-05 04:00:00,0.001
2022-12-05 05:00:00,0.0
2022-12-05 06:00:00,0.539
2022-12-05 07:00:00,0.638
2022-12-05 08:00:00,0.925
2022-12-05 09:00:00,0.367
2022-12-05 10:00:00,0.388
2022-12-05 11:00:00,0.222
2022-12-05 12:00:00,0.107
2022-12-05 13:00:00,0.007
2022-12-05 14:00:00,0.0
2022-12-05 15:00:00,0.0
2022-12-05 16:00:00,0.0
2022-12-05 17:00:00,0.0
2022-12-05 18:00:00,0.011
2022-12-05 19:00:00,0.063
2022-12-05 20:00:00,0.009
2022-12-05 21:00:00,0.0
2022-12-05 22:00:00,0.001
2022-12-05 23:00:00,0.442
2022-12-06 00:00:00,0.053
2022-12-06 01:00:00,0.0
2022-12-06 02:00:00,0.0
2022-12-06 03:00:00,0.0
2022-12-06 04:00:00,0.0
2022-12-06 05:00:00,0.042
2022-12-06 06:00:00,0.5890000000000001
2022-12-06 07:00:00,0.713
2022-12-06 08:00:00,0.402
2022-12-06 09:00:00,0.44
2022-12-06 10:00:00,0.267
2022-12-06 11:00:00,0.286
2022-12-06 12:00:00,0.141
2022-12-06 13:00:00,0.007
2022-12-06 14:00:00,0.0
2022-12-06 15:00:00,0.001
2022-12-06 16:00:00,0.046
2022-12-06 17:00:00,0.074
2022-12-06 18:00:00,0.0
2022-12-06 19:00:00,0.001
2022-12-06 20:00:00,0.0
2022-12-06 21:00:00,0.0
2022-12-06 22:00:00,0.0
2022-12-06 23:00:00,0.0
2022-12-07 00:00:00,0.0
2022-12-07 01:00:00,0.0
2022-12-07 02:00:00,0.0
2022-12-07 03:00:00,0.094
2022-12-07 04:00:00,0.044
2022-12-07 05:00:00,0.001
2022-12-07 06:00:00,0.389
2022-12-07 07:00:00,0.599
2022-12-07 08:00:00,0.885
2022-12-07 09:00:00,0.912
2022-12-07 10:00:00,1.048
2022-12-07 11:00:00,0.914
2022-12-07 12:00:00,0.259
2022-12-07 13:00:00,0.004
2022-12-07 14:00:00,0.272
2022-12-07 15:00:00,0.014
2022-12-07 16:00:00,0.019
2022-12-07 17:00:00,0.019
2022-12-07 18:00:00,0.043
2022-12-07 19:00:00,0.2
2022-12-07 20:00:00,0.001
2022-12-07 21:00:00,0.0
2022-12-07 22:00:00,0.0
2022-12-07 23:00:00,0.001
2022-12-08 00:00:00,0.0
2022-12-08 01:00:00,0.263
2022-12-08 02:00:00,0.172
2022-12-08 03:00:00,0.002
2022-12-08 04:00:00,0.001
2022-12-08 05:00:00,0.002
2022-12-08 06:00:00,0.467
2022-12-08 07:00:00,0.547
2022-12-08 08:00:00,0.624
2022-12-08 09:00:00,0.681
2022-12-08 10:00:00,1.024
2022-12-08 11:00:00,1.941
2022-12-08 12:00:00,1.229
2022-12-08 13:00:00,0.064
2022-12-08 14:00:00,0.001
2022-12-08 15:00:00,0.001
2022-12-08 16:00:00,0.149
2022-12-08 17:00:00,0.351
2022-12-08 18:00:00,0.001
2022-12-08 19:00:00,0.0
2022-12-08 20:00:00,0.0
2022-12-08 21:00:00,0.0
2022-12-08 22:00:00,0.002
2022-12-08 23:00:00,0.0
2022-12-09 00:00:00,0.001
2022-12-09 01:00:00,0.0
2022-12-09 02:00:00,0.027
2022-12-09 03:00:00,0.073
2022-12-09 04:00:00,0.001
2022-12-09 05:00:00,0.0
2022-12-09 06:00:00,0.683
2022-12-09 07:00:00,0.732
2022-12-09 08:00:00,1.817
2022-12-09 09:00:00,3.987
2022-12-09 10:00:00,5.625
2022-12-09 11:00:00,3.3030000000000004
2022-12-09 12:00:00,1.491
2022-12-09 13:00:00,0.052
2022-12-09 14:00:00,0.0
2022-12-09 15:00:00,0.0
2022-12-09 16:00:00,0.0
2022-12-09 17:00:00,0.0
2022-12-09 18:00:00,0.0
2022-12-09 19:00:00,0.0
2022-12-09 20:00:00,0.0
2022-12-09 21:00:00,0.0
2022-12-09 22:00:00,0.0
2022-12-09 23:00:00,0.0
2022-12-10 00:00:00,0.072
2022-12-10 01:00:00,0.059
2022-12-10 02:00:00,0.001
2022-12-10 03:00:00,0.001
2022-12-10 04:00:00,0.002
2022-12-10 05:00:00,0.001
2022-12-10 06:00:00,0.455
2022-12-10 07:00:00,1.149
2022-12-10 08:00:00,3.2969999999999997
2022-12-10 09:00:00,1.005
2022-12-10 10:00:00,0.664
2022-12-10 11:00:00,0.2769999999999999
2022-12-10 12:00:00,0.0409999999999999
2022-12-10 13:00:00,0.005
2022-12-10 14:00:00,0.002
2022-12-10 15:00:00,0.003
2022-12-10 16:00:00,0.002
2022-12-10 17:00:00,0.003
2022-12-10 18:00:00,0.002
2022-12-10 19:00:00,0.002
2022-12-10 20:00:00,0.0
2022-12-10 21:00:00,0.0
2022-12-10 22:00:00,0.004
2022-12-10 23:00:00,0.113
2022-12-11 00:00:00,0.102
2022-12-11 01:00:00,0.0
2022-12-11 02:00:00,0.001
2022-12-11 03:00:00,0.0
2022-12-11 04:00:00,0.001
2022-12-11 05:00:00,0.0
2022-12-11 06:00:00,0.581
2022-12-11 07:00:00,0.715
2022-12-11 08:00:00,0.307
2022-12-11 09:00:00,0.027
2022-12-11 10:00:00,0.102
2022-12-11 11:00:00,0.02
2022-12-11 12:00:00,0.002
2022-12-11 13:00:00,0.004
2022-12-11 14:00:00,0.006
2022-12-11 15:00:00,0.004
2022-12-11 16:00:00,0.006
2022-12-11 17:00:00,0.005
2022-12-11 18:00:00,0.003
2022-12-11 19:00:00,0.002
2022-12-11 20:00:00,0.002
2022-12-11 21:00:00,0.0
2022-12-11 22:00:00,0.0
2022-12-11 23:00:00,0.0
2022-12-12 00:00:00,0.0
2022-12-12 01:00:00,0.001
2022-12-12 02:00:00,0.0
2022-12-12 03:00:00,0.002
2022-12-12 04:00:00,0.001
2022-12-12 05:00:00,0.006
2022-12-12 06:00:00,0.486
2022-12-12 07:00:00,0.654
2022-12-12 08:00:00,0.82
2022-12-12 09:00:00,0.003
2022-12-12 10:00:00,0.006
2022-12-12 11:00:00,0.003
2022-12-12 12:00:00,0.0
2022-12-12 13:00:00,0.0
2022-12-12 14:00:00,0.0
2022-12-12 15:00:00,0.002
2022-12-12 16:00:00,0.003
2022-12-12 17:00:00,0.003
2022-12-12 18:00:00,0.002
2022-12-12 19:00:00,0.002
2022-12-12 20:00:00,0.0
2022-12-12 21:00:00,0.0
2022-12-12 22:00:00,0.0
2022-12-12 23:00:00,0.0
2022-12-13 00:00:00,0.0
2022-12-13 01:00:00,0.0
2022-12-13 02:00:00,0.0
2022-12-13 03:00:00,0.002
2022-12-13 04:00:00,0.0
2022-12-13 05:00:00,0.005
2022-12-13 06:00:00,0.547
2022-12-13 07:00:00,0.8
2022-12-13 08:00:00,0.393
2022-12-13 09:00:00,0.1009999999999999
2022-12-13 10:00:00,0.173
2022-12-13 11:00:00,0.1169999999999999
2022-12-13 12:00:00,0.011
2022-12-13 13:00:00,0.0
2022-12-13 14:00:00,0.001
2022-12-13 15:00:00,0.002
2022-12-13 16:00:00,0.003
2022-12-13 17:00:00,0.004
2022-12-13 18:00:00,0.003
2022-12-13 19:00:00,0.003
2022-12-13 20:00:00,0.001
2022-12-13 21:00:00,0.0
2022-12-13 22:00:00,0.0
2022-12-13 23:00:00,0.0
2022-12-14 00:00:00,0.0
2022-12-14 01:00:00,0.0
2022-12-14 02:00:00,0.0
2022-12-14 03:00:00,0.002
2022-12-14 04:00:00,0.001
2022-12-14 05:00:00,0.002
2022-12-14 06:00:00,0.525
2022-12-14 07:00:00,0.834
2022-12-14 08:00:00,0.486
2022-12-14 09:00:00,0.09
2022-12-14 10:00:00,0.064
2022-12-14 11:00:00,0.023
2022-12-14 12:00:00,0.003
2022-12-14 13:00:00,0.0
2022-12-14 14:00:00,0.0
2022-12-14 15:00:00,0.0
2022-12-14 16:00:00,0.0
2022-12-14 17:00:00,0.0
2022-12-14 18:00:00,0.0
2022-12-14 19:00:00,0.0
2022-12-14 20:00:00,0.0
2022-12-14 21:00:00,0.0
2022-12-14 22:00:00,0.0
2022-12-14 23:00:00,0.0
2022-12-15 00:00:00,0.0
2022-12-15 01:00:00,0.0
2022-12-15 02:00:00,0.0
2022-12-15 03:00:00,0.001
2022-12-15 04:00:00,0.002
2022-12-15 05:00:00,0.003
2022-12-15 06:00:00,0.477
2022-12-15 07:00:00,0.682
2022-12-15 08:00:00,0.424
2022-12-15 09:00:00,0.276
2022-12-15 10:00:00,0.147
2022-12-15 11:00:00,0.435
2022-12-15 12:00:00,0.231
2022-12-15 13:00:00,0.012
2022-12-15 14:00:00,0.0
2022-12-15 15:00:00,0.0
2022-12-15 16:00:00,0.0
2022-12-15 17:00:00,0.001
2022-12-15 18:00:00,0.0
2022-12-15 19:00:00,0.0
2022-12-15 20:00:00,0.0
2022-12-15 21:00:00,0.0
2022-12-15 22:00:00,0.0
2022-12-15 23:00:00,0.0
2022-12-16 00:00:00,0.0
2022-12-16 01:00:00,0.0
2022-12-16 02:00:00,0.0
2022-12-16 03:00:00,0.002
2022-12-16 04:00:00,0.001
2022-12-16 05:00:00,0.001
2022-12-16 06:00:00,0.603
2022-12-16 07:00:00,0.689
2022-12-16 08:00:00,0.572
2022-12-16 09:00:00,1.203
2022-12-16 10:00:00,1.609
2022-12-16 11:00:00,0.821
2022-12-16 12:00:00,0.076
2022-12-16 13:00:00,0.0
2022-12-16 14:00:00,0.001
2022-12-16 15:00:00,0.0
2022-12-16 16:00:00,0.0
2022-12-16 17:00:00,0.0
2022-12-16 18:00:00,0.0
2022-12-16 19:00:00,0.0
2022-12-16 20:00:00,0.0
2022-12-16 21:00:00,0.0
2022-12-16 22:00:00,0.0
2022-12-16 23:00:00,0.0
2022-12-17 00:00:00,0.0
2022-12-17 01:00:00,0.0
2022-12-17 02:00:00,0.0
2022-12-17 03:00:00,0.0
2022-12-17 04:00:00,0.0
2022-12-17 05:00:00,0.0
2022-12-17 06:00:00,0.713
2022-12-17 07:00:00,0.78
2022-12-17 08:00:00,0.9
2022-12-17 09:00:00,1.977
2022-12-17 10:00:00,3.916
2022-12-17 11:00:00,2.426
2022-12-17 12:00:00,0.181
2022-12-17 13:00:00,0.004
2022-12-17 14:00:00,0.0
2022-12-17 15:00:00,0.0
2022-12-17 16:00:00,0.002
2022-12-17 17:00:00,0.0
2022-12-17 18:00:00,0.0
2022-12-17 19:00:00,0.0
2022-12-17 20:00:00,0.0
2022-12-17 21:00:00,0.001
2022-12-17 22:00:00,0.0
2022-12-17 23:00:00,0.0
2022-12-18 00:00:00,0.0
2022-12-18 01:00:00,0.0
2022-12-18 02:00:00,0.0
2022-12-18 03:00:00,0.0
2022-12-18 04:00:00,0.0
2022-12-18 05:00:00,0.0
2022-12-18 06:00:00,0.653
2022-12-18 07:00:00,0.6409999999999999
2022-12-18 08:00:00,4.43
2022-12-18 09:00:00,21.770000000000003
2022-12-18 10:00:00,40.951
2022-12-18 11:00:00,30.938
2022-12-18 12:00:00,1.45
2022-12-18 13:00:00,0.013
2022-12-18 14:00:00,0.0
2022-12-18 15:00:00,0.733
2022-12-18 16:00:00,0.751
2022-12-18 17:00:00,0.06
2022-12-18 18:00:00,0.012
2022-12-18 19:00:00,0.014
2022-12-18 20:00:00,0.022
2022-12-18 21:00:00,0.003
2022-12-18 22:00:00,0.0
2022-12-18 23:00:00,0.0
2022-12-19 00:00:00,0.001
2022-12-19 01:00:00,0.001
2022-12-19 02:00:00,0.0
2022-12-19 03:00:00,0.0
2022-12-19 04:00:00,0.003
2022-12-19 05:00:00,0.0
2022-12-19 06:00:00,0.867
2022-12-19 07:00:00,0.967
2022-12-19 08:00:00,2.1950000000000003
2022-12-19 09:00:00,9.568
2022-12-19 10:00:00,10.586
2022-12-19 11:00:00,9.921
2022-12-19 12:00:00,4.234
2022-12-19 13:00:00,0.182
2022-12-19 14:00:00,0.0
2022-12-19 15:00:00,0.25
2022-12-19 16:00:00,0.181
2022-12-19 17:00:00,0.178
2022-12-19 18:00:00,0.222
2022-12-19 19:00:00,0.217
2022-12-19 20:00:00,0.211
2022-12-19 21:00:00,0.014
2022-12-19 22:00:00,0.002
2022-12-19 23:00:00,0.0
2022-12-20 00:00:00,0.001
2022-12-20 01:00:00,0.0
2022-12-20 02:00:00,0.0
2022-12-20 03:00:00,0.001
2022-12-20 04:00:00,0.0
2022-12-20 05:00:00,0.0
2022-12-20 06:00:00,0.578
2022-12-20 07:00:00,0.678
2022-12-20 08:00:00,2.293
2022-12-20 09:00:00,5.551
2022-12-20 10:00:00,8.859
2022-12-20 11:00:00,6.084999999999999
2022-12-20 12:00:00,3.714
2022-12-20 13:00:00,0.454
2022-12-20 14:00:00,0.0
2022-12-20 15:00:00,0.001
2022-12-20 16:00:00,0.001
2022-12-20 17:00:00,0.001
2022-12-20 18:00:00,0.0
2022-12-20 19:00:00,0.0
2022-12-20 20:00:00,0.001
2022-12-20 21:00:00,0.0
2022-12-20 22:00:00,0.0
2022-12-20 23:00:00,0.0
2022-12-21 00:00:00,0.001
2022-12-21 01:00:00,0.001
2022-12-21 02:00:00,0.0
2022-12-21 03:00:00,0.002
2022-12-21 04:00:00,0.002
2022-12-21 05:00:00,0.004
2022-12-21 06:00:00,0.592
2022-12-21 07:00:00,0.6439999999999999
2022-12-21 08:00:00,2.333
2022-12-21 09:00:00,9.233
2022-12-21 10:00:00,12.053
2022-12-21 11:00:00,11.344
2022-12-21 12:00:00,3.415
2022-12-21 13:00:00,1.211
2022-12-21 14:00:00,0.005
2022-12-21 15:00:00,0.185
2022-12-21 16:00:00,0.004
2022-12-21 17:00:00,0.002
2022-12-21 18:00:00,0.005
2022-12-21 19:00:00,0.005
2022-12-21 20:00:00,0.008
2022-12-21 21:00:00,0.011
2022-12-21 22:00:00,0.005
2022-12-21 23:00:00,0.0
2022-12-22 00:00:00,0.0
2022-12-22 01:00:00,0.001
2022-12-22 02:00:00,0.0
2022-12-22 03:00:00,0.002
2022-12-22 04:00:00,0.001
2022-12-22 05:00:00,0.004
2022-12-22 06:00:00,0.328
2022-12-22 07:00:00,0.501
2022-12-22 08:00:00,6.247
2022-12-22 09:00:00,12.109
2022-12-22 10:00:00,21.649
2022-12-22 11:00:00,7.741
2022-12-22 12:00:00,2.8000000000000003
2022-12-22 13:00:00,0.367
2022-12-22 14:00:00,0.0
2022-12-22 15:00:00,0.277
2022-12-22 16:00:00,0.017
2022-12-22 17:00:00,0.015
2022-12-22 18:00:00,0.015
2022-12-22 19:00:00,0.016
2022-12-22 20:00:00,0.014
2022-12-22 21:00:00,0.004
2022-12-22 22:00:00,0.002
2022-12-22 23:00:00,0.0
2022-12-23 00:00:00,0.001
2022-12-23 01:00:00,0.001
2022-12-23 02:00:00,0.0
2022-12-23 03:00:00,0.0
2022-12-23 04:00:00,0.001
2022-12-23 05:00:00,0.001
2022-12-23 06:00:00,0.488
2022-12-23 07:00:00,0.6120000000000001
2022-12-23 08:00:00,2.541
2022-12-23 09:00:00,12.605
2022-12-23 10:00:00,31.513
2022-12-23 11:00:00,43.598
2022-12-23 12:00:00,26.612
2022-12-23 13:00:00,2.443
2022-12-23 14:00:00,0.005
2022-12-23 15:00:00,0.481
2022-12-23 16:00:00,0.011
2022-12-23 17:00:00,0.011
2022-12-23 18:00:00,0.015
2022-12-23 19:00:00,0.014
2022-12-23 20:00:00,0.009
2022-12-23 21:00:00,0.006
2022-12-23 22:00:00,0.006
2022-12-23 23:00:00,0.002
2022-12-24 00:00:00,0.006
2022-12-24 01:00:00,0.005
2022-12-24 02:00:00,0.004
2022-12-24 03:00:00,0.006
2022-12-24 04:00:00,0.008
2022-12-24 05:00:00,0.006
2022-12-24 06:00:00,0.614
2022-12-24 07:00:00,4.023
2022-12-24 08:00:00,63.836
2022-12-24 09:00:00,210.154
2022-12-24 10:00:00,315.265
2022-12-24 11:00:00,264.808
2022-12-24 12:00:00,110.918
2022-12-24 13:00:00,5.316
2022-12-24 14:00:00,0.0139999999999999
2022-12-24 15:00:00,0.736
2022-12-24 16:00:00,0.755
2022-12-24 17:00:00,0.746
2022-12-24 18:00:00,0.024
2022-12-24 19:00:00,0.012
2022-12-24 20:00:00,0.013
2022-12-24 21:00:00,0.009
2022-12-24 22:00:00,0.005
2022-12-24 23:00:00,0.005
2022-12-25 00:00:00,0.057
2022-12-25 01:00:00,0.001
2022-12-25 02:00:00,0.0
2022-12-25 03:00:00,0.0
2022-12-25 04:00:00,0.0
2022-12-25 05:00:00,0.005
2022-12-25 06:00:00,0.928
2022-12-25 07:00:00,1.08
2022-12-25 08:00:00,4.398
2022-12-25 09:00:00,27.972
2022-12-25 10:00:00,110.68
2022-12-25 11:00:00,147.061
2022-12-25 12:00:00,86.489
2022-12-25 13:00:00,4.774
2022-12-25 14:00:00,0.0
2022-12-25 15:00:00,0.728
2022-12-25 16:00:00,0.381
2022-12-25 17:00:00,0.006
2022-12-25 18:00:00,0.005
2022-12-25 19:00:00,0.005
2022-12-25 20:00:00,0.004
2022-12-25 21:00:00,0.004
2022-12-25 22:00:00,0.004
2022-12-25 23:00:00,0.005
2022-12-26 00:00:00,0.027
2022-12-26 01:00:00,0.0
2022-12-26 02:00:00,0.0
2022-12-26 03:00:00,0.0
2022-12-26 04:00:00,0.0
2022-12-26 05:00:00,0.002
2022-12-26 06:00:00,0.743
2022-12-26 07:00:00,0.5720000000000001
2022-12-26 08:00:00,0.757
2022-12-26 09:00:00,3.626
2022-12-26 10:00:00,5.196999999999999
2022-12-26 11:00:00,4.268
2022-12-26 12:00:00,1.625
2022-12-26 13:00:00,0.041
2022-12-26 14:00:00,0.0
2022-12-26 15:00:00,0.0
2022-12-26 16:00:00,0.0
2022-12-26 17:00:00,0.0
2022-12-26 18:00:00,0.001
2022-12-26 19:00:00,0.0
2022-12-26 20:00:00,0.0
2022-12-26 21:00:00,0.0
2022-12-26 22:00:00,0.0
2022-12-26 23:00:00,0.0
2022-12-27 00:00:00,0.039
2022-12-27 01:00:00,0.001
2022-12-27 02:00:00,0.0
2022-12-27 03:00:00,0.001
2022-12-27 04:00:00,0.0
2022-12-27 05:00:00,0.0
2022-12-27 06:00:00,0.847
2022-12-27 07:00:00,1.476
2022-12-27 08:00:00,18.168
2022-12-27 09:00:00,66.69200000000001
2022-12-27 10:00:00,90.513
2022-12-27 11:00:00,77.74300000000001
2022-12-27 12:00:00,24.18
2022-12-27 13:00:00,0.8140000000000001
2022-12-27 14:00:00,0.003
2022-12-27 15:00:00,0.723
2022-12-27 16:00:00,0.029
2022-12-27 17:00:00,0.003
2022-12-27 18:00:00,0.003
2022-12-27 19:00:00,0.007
2022-12-27 20:00:00,0.007
2022-12-27 21:00:00,0.007
2022-12-27 22:00:00,0.006
2022-12-27 23:00:00,0.006
2022-12-28 00:00:00,0.033
2022-12-28 01:00:00,0.001
2022-12-28 02:00:00,0.002
2022-12-28 03:00:00,0.003
2022-12-28 04:00:00,0.004
2022-12-28 05:00:00,0.005
2022-12-28 06:00:00,0.786
2022-12-28 07:00:00,7.027
2022-12-28 08:00:00,95.285
2022-12-28 09:00:00,209.984
2022-12-28 10:00:00,249.756
2022-12-28 11:00:00,142.261
2022-12-28 12:00:00,19.44
2022-12-28 13:00:00,0.79
2022-12-28 14:00:00,0.157
2022-12-28 15:00:00,0.826
2022-12-28 16:00:00,0.601
2022-12-28 17:00:00,0.09
2022-12-28 18:00:00,0.01
2022-12-28 19:00:00,0.012
2022-12-28 20:00:00,0.011
2022-12-28 21:00:00,0.001
2022-12-28 22:00:00,0.0
2022-12-28 23:00:00,0.088
2022-12-29 00:00:00,0.156
2022-12-29 01:00:00,0.001
2022-12-29 02:00:00,0.0
2022-12-29 03:00:00,0.001
2022-12-29 04:00:00,0.0
2022-12-29 05:00:00,0.0
2022-12-29 06:00:00,0.725
2022-12-29 07:00:00,1.266
2022-12-29 08:00:00,3.618
2022-12-29 09:00:00,7.25
2022-12-29 10:00:00,6.233
2022-12-29 11:00:00,4.718
2022-12-29 12:00:00,1.675
2022-12-29 13:00:00,0.077
2022-12-29 14:00:00,0.0
2022-12-29 15:00:00,0.001
2022-12-29 16:00:00,0.0
2022-12-29 17:00:00,0.155
2022-12-29 18:00:00,0.049
2022-12-29 19:00:00,0.0
2022-12-29 20:00:00,0.0
2022-12-29 21:00:00,0.0
2022-12-29 22:00:00,0.0
2022-12-29 23:00:00,0.0
2022-12-30 00:00:00,0.053
2022-12-30 01:00:00,0.158
2022-12-30 02:00:00,0.003
2022-12-30 03:00:00,0.0
2022-12-30 04:00:00,0.0
2022-12-30 05:00:00,0.001
2022-12-30 06:00:00,0.673
2022-12-30 07:00:00,0.8059999999999999
2022-12-30 08:00:00,13.73
2022-12-30 09:00:00,26.189
2022-12-30 10:00:00,17.953
2022-12-30 11:00:00,22.695
2022-12-30 12:00:00,8.189
2022-12-30 13:00:00,0.4059999999999999
2022-12-30 14:00:00,0.001
2022-12-30 15:00:00,0.575
2022-12-30 16:00:00,0.003
2022-12-30 17:00:00,0.088
2022-12-30 18:00:00,0.091
2022-12-30 19:00:00,0.0
2022-12-30 20:00:00,0.0
2022-12-30 21:00:00,0.0
2022-12-30 22:00:00,0.001
2022-12-30 23:00:00,0.002
2022-12-31 00:00:00,0.024
2022-12-31 01:00:00,0.153
2022-12-31 02:00:00,0.104
2022-12-31 03:00:00,0.0
2022-12-31 04:00:00,0.0
2022-12-31 05:00:00,0.0
2022-12-31 06:00:00,0.613
2022-12-31 07:00:00,0.549
2022-12-31 08:00:00,0.2239999999999999
2022-12-31 09:00:00,3.356
2022-12-31 10:00:00,5.791
2022-12-31 11:00:00,3.999
2022-12-31 12:00:00,1.212
2022-12-31 13:00:00,0.0289999999999999
2022-12-31 14:00:00,0.0
2022-12-31 15:00:00,0.0
2022-12-31 16:00:00,0.0
2022-12-31 17:00:00,0.138
2022-12-31 18:00:00,0.062
2022-12-31 19:00:00,0.001
2022-12-31 20:00:00,0.0
2022-12-31 21:00:00,0.0
2022-12-31 22:00:00,0.0
2022-12-31 23:00:00,0.0
2023-01-01 00:00:00,0.045
2023-01-01 01:00:00,0.153
2023-01-01 02:00:00,0.173
2023-01-01 03:00:00,0.004
2023-01-01 04:00:00,0.0
2023-01-01 05:00:00,0.0
2023-01-01 06:00:00,0.626
2023-01-01 07:00:00,0.6779999999999999
2023-01-01 08:00:00,3.695
2023-01-01 09:00:00,7.486
2023-01-01 10:00:00,13.145
2023-01-01 11:00:00,11.082
2023-01-01 12:00:00,6.111
2023-01-01 13:00:00,0.05
2023-01-01 14:00:00,0.0
2023-01-01 15:00:00,0.278
2023-01-01 16:00:00,0.043
2023-01-01 17:00:00,0.057
2023-01-01 18:00:00,0.0
2023-01-01 19:00:00,0.0
2023-01-01 20:00:00,0.0
2023-01-01 21:00:00,0.0
2023-01-01 22:00:00,0.001
2023-01-01 23:00:00,0.0
2023-01-02 00:00:00,0.19
2023-01-02 01:00:00,0.058
2023-01-02 02:00:00,0.0
2023-01-02 03:00:00,0.003
2023-01-02 04:00:00,0.002
2023-01-02 05:00:00,0.001
2023-01-02 06:00:00,0.37
2023-01-02 07:00:00,0.701
2023-01-02 08:00:00,6.66
2023-01-02 09:00:00,11.611
2023-01-02 10:00:00,12.372
2023-01-02 11:00:00,5.118
2023-01-02 12:00:00,0.856
2023-01-02 13:00:00,0.023
2023-01-02 14:00:00,0.0
2023-01-02 15:00:00,0.01
2023-01-02 16:00:00,0.131
2023-01-02 17:00:00,0.031
2023-01-02 18:00:00,0.0
2023-01-02 19:00:00,0.001
2023-01-02 20:00:00,0.001
2023-01-02 21:00:00,0.0
2023-01-02 22:00:00,0.0
2023-01-02 23:00:00,0.057
2023-01-03 00:00:00,0.15
2023-01-03 01:00:00,0.001
2023-01-03 02:00:00,0.0
2023-01-03 03:00:00,0.001
2023-01-03 04:00:00,0.0
2023-01-03 05:00:00,0.001
2023-01-03 06:00:00,0.179
2023-01-03 07:00:00,0.918
2023-01-03 08:00:00,5.693
2023-01-03 09:00:00,16.707
2023-01-03 10:00:00,29.579
2023-01-03 11:00:00,27.235
2023-01-03 12:00:00,7.637
2023-01-03 13:00:00,0.492
2023-01-03 14:00:00,0.194
2023-01-03 15:00:00,0.576
2023-01-03 16:00:00,0.013
2023-01-03 17:00:00,0.014
2023-01-03 18:00:00,0.012
2023-01-03 19:00:00,0.013
2023-01-03 20:00:00,0.012
2023-01-03 21:00:00,0.085
2023-01-03 22:00:00,0.107
2023-01-03 23:00:00,0.002
2023-01-04 00:00:00,0.038
2023-01-04 01:00:00,0.008
2023-01-04 02:00:00,0.009
2023-01-04 03:00:00,0.011
2023-01-04 04:00:00,0.012
2023-01-04 05:00:00,0.197
2023-01-04 06:00:00,0.073
2023-01-04 07:00:00,0.954
2023-01-04 08:00:00,15.344
2023-01-04 09:00:00,43.575
2023-01-04 10:00:00,36.288
2023-01-04 11:00:00,18.803
2023-01-04 12:00:00,6.661
2023-01-04 13:00:00,0.5549999999999999
2023-01-04 14:00:00,0.146
2023-01-04 15:00:00,0.013
2023-01-04 16:00:00,0.0
2023-01-04 17:00:00,0.002
2023-01-04 18:00:00,0.0
2023-01-04 19:00:00,0.0
2023-01-04 20:00:00,0.0
2023-01-04 21:00:00,0.0
2023-01-04 22:00:00,0.001
2023-01-04 23:00:00,0.0
2023-01-05 00:00:00,0.03
2023-01-05 01:00:00,0.0
2023-01-05 02:00:00,0.056
2023-01-05 03:00:00,0.04
2023-01-05 04:00:00,0.001
2023-01-05 05:00:00,0.0
2023-01-05 06:00:00,0.484
2023-01-05 07:00:00,1.937
2023-01-05 08:00:00,56.164
2023-01-05 09:00:00,153.84
2023-01-05 10:00:00,238.693
2023-01-05 11:00:00,197.66000000000005
2023-01-05 12:00:00,84.907
2023-01-05 13:00:00,9.985
2023-01-05 14:00:00,0.258
2023-01-05 15:00:00,0.0
2023-01-05 16:00:00,0.0
2023-01-05 17:00:00,0.0
2023-01-05 18:00:00,0.0
2023-01-05 19:00:00,0.0
2023-01-05 20:00:00,0.0
2023-01-05 21:00:00,0.0
2023-01-05 22:00:00,0.0
2023-01-05 23:00:00,0.033
2023-01-06 00:00:00,0.054
2023-01-06 01:00:00,0.001
2023-01-06 02:00:00,0.0
2023-01-06 03:00:00,0.0
2023-01-06 04:00:00,0.0
2023-01-06 05:00:00,0.0
2023-01-06 06:00:00,0.691
2023-01-06 07:00:00,2.381
2023-01-06 08:00:00,29.299
2023-01-06 09:00:00,65.732
2023-01-06 10:00:00,109.888
2023-01-06 11:00:00,115.299
2023-01-06 12:00:00,41.252
2023-01-06 13:00:00,2.1799999999999997
2023-01-06 14:00:00,0.052
2023-01-06 15:00:00,0.039
2023-01-06 16:00:00,0.02
2023-01-06 17:00:00,0.0
2023-01-06 18:00:00,0.0
2023-01-06 19:00:00,0.0
2023-01-06 20:00:00,0.0
2023-01-06 21:00:00,0.0
2023-01-06 22:00:00,0.0
2023-01-06 23:00:00,0.0
2023-01-07 00:00:00,0.046
2023-01-07 01:00:00,0.0
2023-01-07 02:00:00,0.057
2023-01-07 03:00:00,0.036
2023-01-07 04:00:00,0.001
2023-01-07 05:00:00,0.004
2023-01-07 06:00:00,0.443
2023-01-07 07:00:00,1.165
2023-01-07 08:00:00,6.676
2023-01-07 09:00:00,23.598
2023-01-07 10:00:00,35.193
2023-01-07 11:00:00,36.77
2023-01-07 12:00:00,19.748
2023-01-07 13:00:00,1.87
2023-01-07 14:00:00,0.034
2023-01-07 15:00:00,0.0
2023-01-07 16:00:00,0.002
2023-01-07 17:00:00,0.0
2023-01-07 18:00:00,0.0
2023-01-07 19:00:00,0.001
2023-01-07 20:00:00,0.0
2023-01-07 21:00:00,0.0
2023-01-07 22:00:00,0.0
2023-01-07 23:00:00,0.0
2023-01-08 00:00:00,0.109
2023-01-08 01:00:00,0.014
2023-01-08 02:00:00,0.0
2023-01-08 03:00:00,0.002
2023-01-08 04:00:00,0.003
2023-01-08 05:00:00,0.001
2023-01-08 06:00:00,0.426
2023-01-08 07:00:00,0.461
2023-01-08 08:00:00,1.51
2023-01-08 09:00:00,4.199
2023-01-08 10:00:00,5.078
2023-01-08 11:00:00,4.798
2023-01-08 12:00:00,1.147
2023-01-08 13:00:00,0.296
2023-01-08 14:00:00,0.0
2023-01-08 15:00:00,0.002
2023-01-08 16:00:00,0.0
2023-01-08 17:00:00,0.0
2023-01-08 18:00:00,0.0
2023-01-08 19:00:00,0.0
2023-01-08 20:00:00,0.0
2023-01-08 21:00:00,0.0
2023-01-08 22:00:00,0.035
2023-01-08 23:00:00,0.078
2023-01-09 00:00:00,0.07
2023-01-09 01:00:00,0.0
2023-01-09 02:00:00,0.0
2023-01-09 03:00:00,0.0
2023-01-09 04:00:00,0.095
2023-01-09 05:00:00,0.09
2023-01-09 06:00:00,0.479
2023-01-09 07:00:00,0.5980000000000001
2023-01-09 08:00:00,3.882
2023-01-09 09:00:00,8.03
2023-01-09 10:00:00,6.66
2023-01-09 11:00:00,3.191
2023-01-09 12:00:00,1.314
2023-01-09 13:00:00,0.064
2023-01-09 14:00:00,0.0
2023-01-09 15:00:00,0.0
2023-01-09 16:00:00,0.0
2023-01-09 17:00:00,0.0
2023-01-09 18:00:00,0.001
2023-01-09 19:00:00,0.0
2023-01-09 20:00:00,0.001
2023-01-09 21:00:00,0.131
2023-01-09 22:00:00,0.021
2023-01-09 23:00:00,0.0
2023-01-10 00:00:00,0.04
2023-01-10 01:00:00,0.001
2023-01-10 02:00:00,0.0
2023-01-10 03:00:00,0.002
2023-01-10 04:00:00,0.102
2023-01-10 05:00:00,0.108
2023-01-10 06:00:00,0.419
2023-01-10 07:00:00,0.7429999999999999
2023-01-10 08:00:00,1.82
2023-01-10 09:00:00,3.491
2023-01-10 10:00:00,5.739
2023-01-10 11:00:00,8.155000000000001
2023-01-10 12:00:00,6.967
2023-01-10 13:00:00,1.933
2023-01-10 14:00:00,0.296
2023-01-10 15:00:00,0.173
2023-01-10 16:00:00,0.0
2023-01-10 17:00:00,0.0
2023-01-10 18:00:00,0.002
2023-01-10 19:00:00,0.001
2023-01-10 20:00:00,0.0
2023-01-10 21:00:00,0.0
2023-01-10 22:00:00,0.049
2023-01-10 23:00:00,0.162
2023-01-11 00:00:00,0.058
2023-01-11 01:00:00,0.0
2023-01-11 02:00:00,0.0
2023-01-11 03:00:00,0.005
2023-01-11 04:00:00,0.241
2023-01-11 05:00:00,0.259
2023-01-11 06:00:00,0.624
2023-01-11 07:00:00,2.444
2023-01-11 08:00:00,16.411
2023-01-11 09:00:00,63.61
2023-01-11 10:00:00,79.141
2023-01-11 11:00:00,44.015
2023-01-11 12:00:00,11.241
2023-01-11 13:00:00,1.56
2023-01-11 14:00:00,0.486
2023-01-11 15:00:00,0.355
2023-01-11 16:00:00,0.362
2023-01-11 17:00:00,0.379
2023-01-11 18:00:00,0.28
2023-01-11 19:00:00,0.328
2023-01-11 20:00:00,0.171
2023-01-11 21:00:00,0.085
2023-01-11 22:00:00,0.055
2023-01-11 23:00:00,0.0
2023-01-12 00:00:00,0.105
2023-01-12 01:00:00,0.001
2023-01-12 02:00:00,0.089
2023-01-12 03:00:00,0.137
2023-01-12 04:00:00,0.385
2023-01-12 05:00:00,0.268
2023-01-12 06:00:00,0.5740000000000001
2023-01-12 07:00:00,0.957
2023-01-12 08:00:00,1.7400000000000002
2023-01-12 09:00:00,9.639
2023-01-12 10:00:00,15.974
2023-01-12 11:00:00,7.399
2023-01-12 12:00:00,6.428
2023-01-12 13:00:00,1.099
2023-01-12 14:00:00,0.303
2023-01-12 15:00:00,0.176
2023-01-12 16:00:00,0.125
2023-01-12 17:00:00,0.0
2023-01-12 18:00:00,0.001
2023-01-12 19:00:00,0.037
2023-01-12 20:00:00,0.156
2023-01-12 21:00:00,0.077
2023-01-12 22:00:00,0.001
2023-01-12 23:00:00,0.001
2023-01-13 00:00:00,0.018
2023-01-13 01:00:00,0.0
2023-01-13 02:00:00,0.0
2023-01-13 03:00:00,0.026
2023-01-13 04:00:00,0.375
2023-01-13 05:00:00,0.256
2023-01-13 06:00:00,0.7110000000000001
2023-01-13 07:00:00,1.516
2023-01-13 08:00:00,2.831
2023-01-13 09:00:00,3.58
2023-01-13 10:00:00,5.727
2023-01-13 11:00:00,13.136
2023-01-13 12:00:00,7.22
2023-01-13 13:00:00,1.203
2023-01-13 14:00:00,0.449
2023-01-13 15:00:00,0.372
2023-01-13 16:00:00,0.184
2023-01-13 17:00:00,0.001
2023-01-13 18:00:00,0.001
2023-01-13 19:00:00,0.0
2023-01-13 20:00:00,0.0
2023-01-13 21:00:00,0.106
2023-01-13 22:00:00,0.072
2023-01-13 23:00:00,0.0
2023-01-14 00:00:00,0.022
2023-01-14 01:00:00,0.001
2023-01-14 02:00:00,0.0
2023-01-14 03:00:00,0.009
2023-01-14 04:00:00,0.307
2023-01-14 05:00:00,0.38
2023-01-14 06:00:00,0.628
2023-01-14 07:00:00,0.95
2023-01-14 08:00:00,4.524
2023-01-14 09:00:00,10.537
2023-01-14 10:00:00,11.472
2023-01-14 11:00:00,16.043
2023-01-14 12:00:00,8.806000000000001
2023-01-14 13:00:00,1.483
2023-01-14 14:00:00,0.176
2023-01-14 15:00:00,0.192
2023-01-14 16:00:00,0.363
2023-01-14 17:00:00,0.308
2023-01-14 18:00:00,0.09
2023-01-14 19:00:00,0.069
2023-01-14 20:00:00,0.097
2023-01-14 21:00:00,0.121
2023-01-14 22:00:00,0.05
2023-01-14 23:00:00,0.006
2023-01-15 00:00:00,0.173
2023-01-15 01:00:00,0.068
2023-01-15 02:00:00,0.0
2023-01-15 03:00:00,0.012
2023-01-15 04:00:00,0.279
2023-01-15 05:00:00,0.288
2023-01-15 06:00:00,0.577
2023-01-15 07:00:00,0.79
2023-01-15 08:00:00,1.454
2023-01-15 09:00:00,2.43
2023-01-15 10:00:00,4.395
2023-01-15 11:00:00,6.2509999999999994
2023-01-15 12:00:00,3.0410000000000004
2023-01-15 13:00:00,0.775
2023-01-15 14:00:00,0.175
2023-01-15 15:00:00,0.123
2023-01-15 16:00:00,0.226
2023-01-15 17:00:00,0.062
2023-01-15 18:00:00,0.0
2023-01-15 19:00:00,0.0
2023-01-15 20:00:00,0.0
2023-01-15 21:00:00,0.0
2023-01-15 22:00:00,0.0
2023-01-15 23:00:00,0.023
2023-01-16 00:00:00,0.179
2023-01-16 01:00:00,0.0
2023-01-16 02:00:00,0.0
2023-01-16 03:00:00,0.008
2023-01-16 04:00:00,0.319
2023-01-16 05:00:00,0.289
2023-01-16 06:00:00,0.502
2023-01-16 07:00:00,1.459
2023-01-16 08:00:00,20.243
2023-01-16 09:00:00,68.08
2023-01-16 10:00:00,154.27100000000002
2023-01-16 11:00:00,297.653
2023-01-16 12:00:00,179.54500000000002
2023-01-16 13:00:00,19.759
2023-01-16 14:00:00,0.373
2023-01-16 15:00:00,0.386
2023-01-16 16:00:00,0.489
2023-01-16 17:00:00,0.392
2023-01-16 18:00:00,0.334
2023-01-16 19:00:00,0.35
2023-01-16 20:00:00,0.344
2023-01-16 21:00:00,0.335
2023-01-16 22:00:00,0.047
2023-01-16 23:00:00,0.0
2023-01-17 00:00:00,0.027
2023-01-17 01:00:00,0.0
2023-01-17 02:00:00,0.0
2023-01-17 03:00:00,0.0139999999999999
2023-01-17 04:00:00,0.436
2023-01-17 05:00:00,0.461
2023-01-17 06:00:00,0.639
2023-01-17 07:00:00,1.091
2023-01-17 08:00:00,1.935
2023-01-17 09:00:00,5.569000000000001
2023-01-17 10:00:00,7.704000000000001
2023-01-17 11:00:00,4.431
2023-01-17 12:00:00,1.429
2023-01-17 13:00:00,0.274
2023-01-17 14:00:00,0.085
2023-01-17 15:00:00,0.066
2023-01-17 16:00:00,0.294
2023-01-17 17:00:00,0.221
2023-01-17 18:00:00,0.219
2023-01-17 19:00:00,0.204
2023-01-17 20:00:00,0.134
2023-01-17 21:00:00,0.168
2023-01-17 22:00:00,0.019
2023-01-17 23:00:00,0.0
2023-01-18 00:00:00,0.049
2023-01-18 01:00:00,0.0
2023-01-18 02:00:00,0.0
2023-01-18 03:00:00,0.011
2023-01-18 04:00:00,0.323
2023-01-18 05:00:00,0.453
2023-01-18 06:00:00,0.737
2023-01-18 07:00:00,4.019
2023-01-18 08:00:00,24.105
2023-01-18 09:00:00,15.445
2023-01-18 10:00:00,20.402
2023-01-18 11:00:00,18.341
2023-01-18 12:00:00,8.369
2023-01-18 13:00:00,1.486
2023-01-18 14:00:00,0.064
2023-01-18 15:00:00,0.146
2023-01-18 16:00:00,0.264
2023-01-18 17:00:00,0.224
2023-01-18 18:00:00,0.381
2023-01-18 19:00:00,0.248
2023-01-18 20:00:00,0.196
2023-01-18 21:00:00,0.067
2023-01-18 22:00:00,0.003
2023-01-18 23:00:00,0.0
2023-01-19 00:00:00,0.024
2023-01-19 01:00:00,0.051
2023-01-19 02:00:00,0.166
2023-01-19 03:00:00,0.043
2023-01-19 04:00:00,0.331
2023-01-19 05:00:00,0.294
2023-01-19 06:00:00,0.495
2023-01-19 07:00:00,4.1850000000000005
2023-01-19 08:00:00,63.071
2023-01-19 09:00:00,314.083
2023-01-19 10:00:00,381.379
2023-01-19 11:00:00,193.694
2023-01-19 12:00:00,55.142
2023-01-19 13:00:00,8.379999999999999
2023-01-19 14:00:00,0.474
2023-01-19 15:00:00,0.531
2023-01-19 16:00:00,0.446
2023-01-19 17:00:00,0.382
2023-01-19 18:00:00,0.306
2023-01-19 19:00:00,0.224
2023-01-19 20:00:00,0.125
2023-01-19 21:00:00,0.101
2023-01-19 22:00:00,0.123
2023-01-19 23:00:00,0.1
2023-01-20 00:00:00,0.047
2023-01-20 01:00:00,0.0
2023-01-20 02:00:00,0.0
2023-01-20 03:00:00,0.009
2023-01-20 04:00:00,0.339
2023-01-20 05:00:00,0.47
2023-01-20 06:00:00,1.223
2023-01-20 07:00:00,4.268000000000001
2023-01-20 08:00:00,43.550999999999995
2023-01-20 09:00:00,129.376
2023-01-20 10:00:00,271.883
2023-01-20 11:00:00,299.556
2023-01-20 12:00:00,127.758
2023-01-20 13:00:00,17.243
2023-01-20 14:00:00,0.8320000000000001
2023-01-20 15:00:00,0.314
2023-01-20 16:00:00,0.514
2023-01-20 17:00:00,0.343
2023-01-20 18:00:00,0.182
2023-01-20 19:00:00,0.229
2023-01-20 20:00:00,0.143
2023-01-20 21:00:00,0.137
2023-01-20 22:00:00,0.038
2023-01-20 23:00:00,0.0
2023-01-21 00:00:00,0.237
2023-01-21 01:00:00,0.0
2023-01-21 02:00:00,0.0
2023-01-21 03:00:00,0.007
2023-01-21 04:00:00,0.332
2023-01-21 05:00:00,0.125
2023-01-21 06:00:00,0.563
2023-01-21 07:00:00,5.177
2023-01-21 08:00:00,43.346
2023-01-21 09:00:00,164.064
2023-01-21 10:00:00,472.113
2023-01-21 11:00:00,554.303
2023-01-21 12:00:00,331.26
2023-01-21 13:00:00,68.56
2023-01-21 14:00:00,1.042
2023-01-21 15:00:00,0.241
2023-01-21 16:00:00,0.216
2023-01-21 17:00:00,0.22
2023-01-21 18:00:00,0.205
2023-01-21 19:00:00,0.201
2023-01-21 20:00:00,0.133
2023-01-21 21:00:00,0.117
2023-01-21 22:00:00,0.042
2023-01-21 23:00:00,0.001
2023-01-22 00:00:00,0.045
2023-01-22 01:00:00,0.197
2023-01-22 02:00:00,0.031
2023-01-22 03:00:00,0.01
2023-01-22 04:00:00,0.338
2023-01-22 05:00:00,0.414
2023-01-22 06:00:00,0.295
2023-01-22 07:00:00,1.529
2023-01-22 08:00:00,10.963
2023-01-22 09:00:00,30.562
2023-01-22 10:00:00,29.732
2023-01-22 11:00:00,23.166
2023-01-22 12:00:00,11.523
2023-01-22 13:00:00,2.348
2023-01-22 14:00:00,0.241
2023-01-22 15:00:00,0.216
2023-01-22 16:00:00,0.18
2023-01-22 17:00:00,0.198
2023-01-22 18:00:00,0.164
2023-01-22 19:00:00,0.0
2023-01-22 20:00:00,0.0
2023-01-22 21:00:00,0.0
2023-01-22 22:00:00,0.0
2023-01-22 23:00:00,0.1
2023-01-23 00:00:00,0.129
2023-01-23 01:00:00,0.0
2023-01-23 02:00:00,0.0
2023-01-23 03:00:00,0.009
2023-01-23 04:00:00,0.256
2023-01-23 05:00:00,0.153
2023-01-23 06:00:00,0.589
2023-01-23 07:00:00,0.772
2023-01-23 08:00:00,3.1479999999999997
2023-01-23 09:00:00,9.298
2023-01-23 10:00:00,16.175
2023-01-23 11:00:00,16.622999999999998
2023-01-23 12:00:00,11.514
2023-01-23 13:00:00,2.79
2023-01-23 14:00:00,0.104
2023-01-23 15:00:00,0.118
2023-01-23 16:00:00,0.202
2023-01-23 17:00:00,0.138
2023-01-23 18:00:00,0.0
2023-01-23 19:00:00,0.001
2023-01-23 20:00:00,0.0
2023-01-23 21:00:00,0.0
2023-01-23 22:00:00,0.485
2023-01-23 23:00:00,0.142
2023-01-24 00:00:00,0.194
2023-01-24 01:00:00,0.172
2023-01-24 02:00:00,0.734
2023-01-24 03:00:00,0.789
2023-01-24 04:00:00,0.378
2023-01-24 05:00:00,0.392
2023-01-24 06:00:00,0.304
2023-01-24 07:00:00,0.87
2023-01-24 08:00:00,2.089
2023-01-24 09:00:00,6.567
2023-01-24 10:00:00,10.617
2023-01-24 11:00:00,7.361000000000001
2023-01-24 12:00:00,2.093
2023-01-24 13:00:00,0.484
2023-01-24 14:00:00,0.268
2023-01-24 15:00:00,0.507
2023-01-24 16:00:00,0.454
2023-01-24 17:00:00,0.4
2023-01-24 18:00:00,0.044
2023-01-24 19:00:00,0.0
2023-01-24 20:00:00,0.048
2023-01-24 21:00:00,0.17
2023-01-24 22:00:00,0.305
2023-01-24 23:00:00,0.371
2023-01-25 00:00:00,0.499
2023-01-25 01:00:00,0.773
2023-01-25 02:00:00,0.282
2023-01-25 03:00:00,0.177
2023-01-25 04:00:00,0.404
2023-01-25 05:00:00,0.551
2023-01-25 06:00:00,0.612
2023-01-25 07:00:00,1.462
2023-01-25 08:00:00,9.431
2023-01-25 09:00:00,24.095
2023-01-25 10:00:00,30.525
2023-01-25 11:00:00,25.4
2023-01-25 12:00:00,12.23
2023-01-25 13:00:00,2.583
2023-01-25 14:00:00,0.385
2023-01-25 15:00:00,0.387
2023-01-25 16:00:00,0.381
2023-01-25 17:00:00,0.312
2023-01-25 18:00:00,0.345
2023-01-25 19:00:00,0.276
2023-01-25 20:00:00,0.196
2023-01-25 21:00:00,0.062
2023-01-25 22:00:00,1.238
2023-01-25 23:00:00,0.982
2023-01-26 00:00:00,0.0
2023-01-26 01:00:00,0.001
2023-01-26 02:00:00,0.059
2023-01-26 03:00:00,0.183
2023-01-26 04:00:00,0.396
2023-01-26 05:00:00,0.395
2023-01-26 06:00:00,0.379
2023-01-26 07:00:00,0.647
2023-01-26 08:00:00,5.906000000000001
2023-01-26 09:00:00,13.825
2023-01-26 10:00:00,20.067
2023-01-26 11:00:00,42.876
2023-01-26 12:00:00,38.188
2023-01-26 13:00:00,8.653
2023-01-26 14:00:00,0.492
2023-01-26 15:00:00,0.256
2023-01-26 16:00:00,0.346
2023-01-26 17:00:00,0.533
2023-01-26 18:00:00,0.329
2023-01-26 19:00:00,0.181
2023-01-26 20:00:00,0.164
2023-01-26 21:00:00,0.203
2023-01-26 22:00:00,1.231
2023-01-26 23:00:00,0.783
2023-01-27 00:00:00,0.0
2023-01-27 01:00:00,0.0
2023-01-27 02:00:00,0.0
2023-01-27 03:00:00,0.0139999999999999
2023-01-27 04:00:00,0.418
2023-01-27 05:00:00,0.56
2023-01-27 06:00:00,1.315
2023-01-27 07:00:00,58.551
2023-01-27 08:00:00,358.52200000000005
2023-01-27 09:00:00,714.056
2023-01-27 10:00:00,908.561
2023-01-27 11:00:00,861.6750000000001
2023-01-27 12:00:00,581.2620000000001
2023-01-27 13:00:00,211.995
2023-01-27 14:00:00,12.553
2023-01-27 15:00:00,1.134
2023-01-27 16:00:00,0.966
2023-01-27 17:00:00,0.611
2023-01-27 18:00:00,0.8320000000000001
2023-01-27 19:00:00,0.588
2023-01-27 20:00:00,0.529
2023-01-27 21:00:00,0.739
2023-01-27 22:00:00,0.744
2023-01-27 23:00:00,1.317
2023-01-28 00:00:00,0.0
2023-01-28 01:00:00,0.043
2023-01-28 02:00:00,0.025
2023-01-28 03:00:00,0.018
2023-01-28 04:00:00,0.256
2023-01-28 05:00:00,0.355
2023-01-28 06:00:00,0.525
2023-01-28 07:00:00,10.550999999999998
2023-01-28 08:00:00,122.056
2023-01-28 09:00:00,293.93
2023-01-28 10:00:00,282.38
2023-01-28 11:00:00,109.668
2023-01-28 12:00:00,50.193
2023-01-28 13:00:00,6.1739999999999995
2023-01-28 14:00:00,0.422
2023-01-28 15:00:00,0.466
2023-01-28 16:00:00,0.642
2023-01-28 17:00:00,0.385
2023-01-28 18:00:00,0.277
2023-01-28 19:00:00,0.212
2023-01-28 20:00:00,0.189
2023-01-28 21:00:00,0.129
2023-01-28 22:00:00,1.288
2023-01-28 23:00:00,1.112
2023-01-29 00:00:00,0.235
2023-01-29 01:00:00,0.002
2023-01-29 02:00:00,0.002
2023-01-29 03:00:00,0.081
2023-01-29 04:00:00,0.446
2023-01-29 05:00:00,0.253
2023-01-29 06:00:00,0.663
2023-01-29 07:00:00,5.863
2023-01-29 08:00:00,26.581
2023-01-29 09:00:00,39.988
2023-01-29 10:00:00,24.088
2023-01-29 11:00:00,16.097
2023-01-29 12:00:00,13.631
2023-01-29 13:00:00,4.715
2023-01-29 14:00:00,0.646
2023-01-29 15:00:00,0.408
2023-01-29 16:00:00,0.399
2023-01-29 17:00:00,0.498
2023-01-29 18:00:00,0.37
2023-01-29 19:00:00,0.389
2023-01-29 20:00:00,0.339
2023-01-29 21:00:00,0.224
2023-01-29 22:00:00,0.325
2023-01-29 23:00:00,0.146
2023-01-30 00:00:00,0.105
2023-01-30 01:00:00,0.221
2023-01-30 02:00:00,0.117
2023-01-30 03:00:00,0.061
2023-01-30 04:00:00,0.438
2023-01-30 05:00:00,0.405
2023-01-30 06:00:00,0.883
2023-01-30 07:00:00,7.157
2023-01-30 08:00:00,91.923
2023-01-30 09:00:00,216.108
2023-01-30 10:00:00,276.05
2023-01-30 11:00:00,184.181
2023-01-30 12:00:00,86.432
2023-01-30 13:00:00,63.93600000000001
2023-01-30 14:00:00,8.233
2023-01-30 15:00:00,0.6389999999999999
2023-01-30 16:00:00,0.601
2023-01-30 17:00:00,0.381
2023-01-30 18:00:00,0.335
2023-01-30 19:00:00,0.264
2023-01-30 20:00:00,0.153
2023-01-30 21:00:00,0.13
2023-01-30 22:00:00,0.171
2023-01-30 23:00:00,0.15
2023-01-31 00:00:00,0.152
2023-01-31 01:00:00,0.188
2023-01-31 02:00:00,0.06
2023-01-31 03:00:00,0.173
2023-01-31 04:00:00,0.375
2023-01-31 05:00:00,0.497
2023-01-31 06:00:00,0.6
2023-01-31 07:00:00,38.236
2023-01-31 08:00:00,297.02
2023-01-31 09:00:00,487.369
2023-01-31 10:00:00,613.719
2023-01-31 11:00:00,579.197
2023-01-31 12:00:00,479.253
2023-01-31 13:00:00,91.146
2023-01-31 14:00:00,6.155
2023-01-31 15:00:00,0.766
2023-01-31 16:00:00,0.836
2023-01-31 17:00:00,1.188
2023-01-31 18:00:00,0.915
2023-01-31 19:00:00,0.621
2023-01-31 20:00:00,0.396
2023-01-31 21:00:00,0.651
2023-01-31 22:00:00,0.361
2023-01-31 23:00:00,0.707
2023-02-01 00:00:00,0.19
2023-02-01 01:00:00,0.201
2023-02-01 02:00:00,0.061
2023-02-01 03:00:00,0.175
2023-02-01 04:00:00,0.377
2023-02-01 05:00:00,0.566
2023-02-01 06:00:00,0.5609999999999999
2023-02-01 07:00:00,3.3659999999999997
2023-02-01 08:00:00,13.941
2023-02-01 09:00:00,31.47
2023-02-01 10:00:00,34.19
2023-02-01 11:00:00,26.738
2023-02-01 12:00:00,15.653
2023-02-01 13:00:00,4.9559999999999995
2023-02-01 14:00:00,0.8280000000000001
2023-02-01 15:00:00,0.417
2023-02-01 16:00:00,0.539
2023-02-01 17:00:00,0.499
2023-02-01 18:00:00,0.373
2023-02-01 19:00:00,0.315
2023-02-01 20:00:00,0.268
2023-02-01 21:00:00,0.251
2023-02-01 22:00:00,0.321
2023-02-01 23:00:00,0.241
2023-02-02 00:00:00,1.114
2023-02-02 01:00:00,0.933
2023-02-02 02:00:00,0.0
2023-02-02 03:00:00,0.096
2023-02-02 04:00:00,0.515
2023-02-02 05:00:00,0.42
2023-02-02 06:00:00,0.774
2023-02-02 07:00:00,4.77
2023-02-02 08:00:00,28.152
2023-02-02 09:00:00,193.94
2023-02-02 10:00:00,303.163
2023-02-02 11:00:00,189.308
2023-02-02 12:00:00,131.451
2023-02-02 13:00:00,57.437999999999995
2023-02-02 14:00:00,12.876
2023-02-02 15:00:00,0.486
2023-02-02 16:00:00,0.917
2023-02-02 17:00:00,0.498
2023-02-02 18:00:00,0.415
2023-02-02 19:00:00,0.381
2023-02-02 20:00:00,0.357
2023-02-02 21:00:00,0.276
2023-02-02 22:00:00,0.337
2023-02-02 23:00:00,0.548
2023-02-03 00:00:00,0.655
2023-02-03 01:00:00,0.564
2023-02-03 02:00:00,0.184
2023-02-03 03:00:00,0.386
2023-02-03 04:00:00,0.365
2023-02-03 05:00:00,0.494
2023-02-03 06:00:00,1.018
2023-02-03 07:00:00,17.613
2023-02-03 08:00:00,74.66
2023-02-03 09:00:00,198.391
2023-02-03 10:00:00,431.387
2023-02-03 11:00:00,491.801
2023-02-03 12:00:00,346.83700000000005
2023-02-03 13:00:00,119.575
2023-02-03 14:00:00,3.2119999999999997
2023-02-03 15:00:00,0.954
2023-02-03 16:00:00,0.6960000000000001
2023-02-03 17:00:00,0.434
2023-02-03 18:00:00,0.545
2023-02-03 19:00:00,0.488
2023-02-03 20:00:00,0.342
2023-02-03 21:00:00,0.29
2023-02-03 22:00:00,0.839
2023-02-03 23:00:00,1.147
2023-02-04 00:00:00,0.764
2023-02-04 01:00:00,0.058
2023-02-04 02:00:00,0.024
2023-02-04 03:00:00,0.012
2023-02-04 04:00:00,0.308
2023-02-04 05:00:00,0.281
2023-02-04 06:00:00,1.03
2023-02-04 07:00:00,4.4719999999999995
2023-02-04 08:00:00,29.256
2023-02-04 09:00:00,53.603
2023-02-04 10:00:00,88.797
2023-02-04 11:00:00,117.223
2023-02-04 12:00:00,69.021
2023-02-04 13:00:00,25.279
2023-02-04 14:00:00,2.399
2023-02-04 15:00:00,0.34
2023-02-04 16:00:00,0.144
2023-02-04 17:00:00,0.23
2023-02-04 18:00:00,0.222
2023-02-04 19:00:00,0.212
2023-02-04 20:00:00,0.152
2023-02-04 21:00:00,0.078
2023-02-04 22:00:00,0.596
2023-02-04 23:00:00,1.067
2023-02-05 00:00:00,0.857
2023-02-05 01:00:00,0.0
2023-02-05 02:00:00,0.0
2023-02-05 03:00:00,0.005
2023-02-05 04:00:00,0.198
2023-02-05 05:00:00,0.145
2023-02-05 06:00:00,4.232
2023-02-05 07:00:00,74.88499999999999
2023-02-05 08:00:00,304.199
2023-02-05 09:00:00,504.092
2023-02-05 10:00:00,362.864
2023-02-05 11:00:00,111.239
2023-02-05 12:00:00,55.129000000000005
2023-02-05 13:00:00,35.155
2023-02-05 14:00:00,7.332000000000001
2023-02-05 15:00:00,0.468
2023-02-05 16:00:00,0.608
2023-02-05 17:00:00,0.42
2023-02-05 18:00:00,0.374
2023-02-05 19:00:00,0.46
2023-02-05 20:00:00,0.343
2023-02-05 21:00:00,0.318
2023-02-05 22:00:00,0.829
2023-02-05 23:00:00,0.798
2023-02-06 00:00:00,0.515
2023-02-06 01:00:00,0.457
2023-02-06 02:00:00,0.04
2023-02-06 03:00:00,0.009
2023-02-06 04:00:00,0.42
2023-02-06 05:00:00,0.451
2023-02-06 06:00:00,1.549
2023-02-06 07:00:00,41.73
2023-02-06 08:00:00,297.117
2023-02-06 09:00:00,696.147
2023-02-06 10:00:00,898.194
2023-02-06 11:00:00,975.941
2023-02-06 12:00:00,745.352
2023-02-06 13:00:00,328.69300000000004
2023-02-06 14:00:00,44.974
2023-02-06 15:00:00,0.6890000000000001
2023-02-06 16:00:00,0.911
2023-02-06 17:00:00,0.893
2023-02-06 18:00:00,0.513
2023-02-06 19:00:00,0.682
2023-02-06 20:00:00,0.535
2023-02-06 21:00:00,0.289
2023-02-06 22:00:00,1.023
2023-02-06 23:00:00,0.639
2023-02-07 00:00:00,0.815
2023-02-07 01:00:00,0.46
2023-02-07 02:00:00,0.007
2023-02-07 03:00:00,0.011
2023-02-07 04:00:00,0.353
2023-02-07 05:00:00,0.482
2023-02-07 06:00:00,3.094
2023-02-07 07:00:00,54.48
2023-02-07 08:00:00,151.40699999999998
2023-02-07 09:00:00,101.767
2023-02-07 10:00:00,151.196
2023-02-07 11:00:00,138.915
2023-02-07 12:00:00,68.912
2023-02-07 13:00:00,39.923
2023-02-07 14:00:00,16.142
2023-02-07 15:00:00,0.697
2023-02-07 16:00:00,0.525
2023-02-07 17:00:00,0.287
2023-02-07 18:00:00,0.234
2023-02-07 19:00:00,0.514
2023-02-07 20:00:00,0.137
2023-02-07 21:00:00,0.08
2023-02-07 22:00:00,0.28
2023-02-07 23:00:00,0.486
2023-02-08 00:00:00,0.363
2023-02-08 01:00:00,0.321
2023-02-08 02:00:00,0.592
2023-02-08 03:00:00,0.893
2023-02-08 04:00:00,0.329
2023-02-08 05:00:00,0.404
2023-02-08 06:00:00,0.95
2023-02-08 07:00:00,9.87
2023-02-08 08:00:00,36.221
2023-02-08 09:00:00,29.565
2023-02-08 10:00:00,19.741999999999997
2023-02-08 11:00:00,19.058999999999997
2023-02-08 12:00:00,14.776
2023-02-08 13:00:00,5.688
2023-02-08 14:00:00,0.802
2023-02-08 15:00:00,0.285
2023-02-08 16:00:00,0.452
2023-02-08 17:00:00,0.463
2023-02-08 18:00:00,0.195
2023-02-08 19:00:00,0.025
2023-02-08 20:00:00,0.113
2023-02-08 21:00:00,0.065
2023-02-08 22:00:00,0.192
2023-02-08 23:00:00,0.144
2023-02-09 00:00:00,0.217
2023-02-09 01:00:00,0.914
2023-02-09 02:00:00,0.788
2023-02-09 03:00:00,0.019
2023-02-09 04:00:00,0.485
2023-02-09 05:00:00,0.369
2023-02-09 06:00:00,2.353
2023-02-09 07:00:00,40.162
2023-02-09 08:00:00,147.42399999999998
2023-02-09 09:00:00,176.254
2023-02-09 10:00:00,217.22
2023-02-09 11:00:00,258.87399999999997
2023-02-09 12:00:00,157.187
2023-02-09 13:00:00,45.452000000000005
2023-02-09 14:00:00,6.082000000000001
2023-02-09 15:00:00,0.422
2023-02-09 16:00:00,0.568
2023-02-09 17:00:00,0.62
2023-02-09 18:00:00,0.162
2023-02-09 19:00:00,0.183
2023-02-09 20:00:00,0.195
2023-02-09 21:00:00,0.09
2023-02-09 22:00:00,0.371
2023-02-09 23:00:00,0.438
2023-02-10 00:00:00,0.855
2023-02-10 01:00:00,0.485
2023-02-10 02:00:00,0.422
2023-02-10 03:00:00,0.005
2023-02-10 04:00:00,0.26
2023-02-10 05:00:00,0.428
2023-02-10 06:00:00,12.965
2023-02-10 07:00:00,150.841
2023-02-10 08:00:00,365.922
2023-02-10 09:00:00,718.828
2023-02-10 10:00:00,1184.78
2023-02-10 11:00:00,1194.71
2023-02-10 12:00:00,929.841
2023-02-10 13:00:00,440.102
2023-02-10 14:00:00,101.578
2023-02-10 15:00:00,1.407
2023-02-10 16:00:00,1.331
2023-02-10 17:00:00,1.068
2023-02-10 18:00:00,1.158
2023-02-10 19:00:00,1.655
2023-02-10 20:00:00,1.216
2023-02-10 21:00:00,0.421
2023-02-10 22:00:00,0.733
2023-02-10 23:00:00,0.5519999999999999
2023-02-11 00:00:00,0.629
2023-02-11 01:00:00,0.5730000000000001
2023-02-11 02:00:00,0.306
2023-02-11 03:00:00,0.102
2023-02-11 04:00:00,0.237
2023-02-11 05:00:00,0.197
2023-02-11 06:00:00,1.128
2023-02-11 07:00:00,14.278
2023-02-11 08:00:00,110.299
2023-02-11 09:00:00,281.61199999999997
2023-02-11 10:00:00,261.16700000000003
2023-02-11 11:00:00,179.488
2023-02-11 12:00:00,149.919
2023-02-11 13:00:00,273.31399999999996
2023-02-11 14:00:00,67.38499999999999
2023-02-11 15:00:00,1.112
2023-02-11 16:00:00,0.877
2023-02-11 17:00:00,0.5
2023-02-11 18:00:00,0.304
2023-02-11 19:00:00,0.222
2023-02-11 20:00:00,0.233
2023-02-11 21:00:00,0.201
2023-02-11 22:00:00,0.814
2023-02-11 23:00:00,0.85
2023-02-12 00:00:00,0.343
2023-02-12 01:00:00,0.0
2023-02-12 02:00:00,0.002
2023-02-12 03:00:00,0.012
2023-02-12 04:00:00,0.418
2023-02-12 05:00:00,0.52
2023-02-12 06:00:00,11.683
2023-02-12 07:00:00,47.227
2023-02-12 08:00:00,131.528
2023-02-12 09:00:00,188.26800000000003
2023-02-12 10:00:00,204.023
2023-02-12 11:00:00,175.745
2023-02-12 12:00:00,129.058
2023-02-12 13:00:00,43.039
2023-02-12 14:00:00,6.259
2023-02-12 15:00:00,0.537
2023-02-12 16:00:00,0.361
2023-02-12 17:00:00,0.282
2023-02-12 18:00:00,0.168
2023-02-12 19:00:00,0.247
2023-02-12 20:00:00,0.169
2023-02-12 21:00:00,0.088
2023-02-12 22:00:00,0.363
2023-02-12 23:00:00,0.372
2023-02-13 00:00:00,0.422
2023-02-13 01:00:00,0.515
2023-02-13 02:00:00,0.493
2023-02-13 03:00:00,0.295
2023-02-13 04:00:00,0.274
2023-02-13 05:00:00,0.364
2023-02-13 06:00:00,13.061
2023-02-13 07:00:00,69.72200000000001
2023-02-13 08:00:00,285.308
2023-02-13 09:00:00,1034.35
2023-02-13 10:00:00,1218.215
2023-02-13 11:00:00,921.953
2023-02-13 12:00:00,291.55
2023-02-13 13:00:00,107.473
2023-02-13 14:00:00,34.86
2023-02-13 15:00:00,1.462
2023-02-13 16:00:00,1.534
2023-02-13 17:00:00,1.157
2023-02-13 18:00:00,0.786
2023-02-13 19:00:00,0.668
2023-02-13 20:00:00,0.326
2023-02-13 21:00:00,0.313
2023-02-13 22:00:00,0.716
2023-02-13 23:00:00,0.983
2023-02-14 00:00:00,0.864
2023-02-14 01:00:00,0.524
2023-02-14 02:00:00,0.151
2023-02-14 03:00:00,0.277
2023-02-14 04:00:00,0.514
2023-02-14 05:00:00,0.393
2023-02-14 06:00:00,27.109
2023-02-14 07:00:00,298.164
2023-02-14 08:00:00,708.716
2023-02-14 09:00:00,1075.006
2023-02-14 10:00:00,1260.848
2023-02-14 11:00:00,1233.861
2023-02-14 12:00:00,956.713
2023-02-14 13:00:00,537.8389999999999
2023-02-14 14:00:00,136.964
2023-02-14 15:00:00,3.164
2023-02-14 16:00:00,1.376
2023-02-14 17:00:00,1.244
2023-02-14 18:00:00,1.023
2023-02-14 19:00:00,0.898
2023-02-14 20:00:00,0.482
2023-02-14 21:00:00,0.369
2023-02-14 22:00:00,1.605
2023-02-14 23:00:00,0.991
2023-02-15 00:00:00,0.903
2023-02-15 01:00:00,0.216
2023-02-15 02:00:00,0.123
2023-02-15 03:00:00,0.214
2023-02-15 04:00:00,0.641
2023-02-15 05:00:00,0.938
2023-02-15 06:00:00,3.635
2023-02-15 07:00:00,15.46
2023-02-15 08:00:00,32.784
2023-02-15 09:00:00,43.343
2023-02-15 10:00:00,39.145
2023-02-15 11:00:00,32.466
2023-02-15 12:00:00,23.673
2023-02-15 13:00:00,12.757
2023-02-15 14:00:00,4.349
2023-02-15 15:00:00,0.326
2023-02-15 16:00:00,0.446
2023-02-15 17:00:00,0.317
2023-02-15 18:00:00,0.767
2023-02-15 19:00:00,0.41
2023-02-15 20:00:00,0.264
2023-02-15 21:00:00,0.174
2023-02-15 22:00:00,1.241
2023-02-15 23:00:00,0.585
2023-02-16 00:00:00,0.307
2023-02-16 01:00:00,0.35
2023-02-16 02:00:00,0.473
2023-02-16 03:00:00,0.338
2023-02-16 04:00:00,0.333
2023-02-16 05:00:00,0.443
2023-02-16 06:00:00,1.147
2023-02-16 07:00:00,5.63
2023-02-16 08:00:00,14.054
2023-02-16 09:00:00,21.265
2023-02-16 10:00:00,22.057
2023-02-16 11:00:00,17.5
2023-02-16 12:00:00,15.051
2023-02-16 13:00:00,6.157
2023-02-16 14:00:00,0.852
2023-02-16 15:00:00,1.231
2023-02-16 16:00:00,0.414
2023-02-16 17:00:00,0.187
2023-02-16 18:00:00,0.195
2023-02-16 19:00:00,0.198
2023-02-16 20:00:00,0.175
2023-02-16 21:00:00,0.126
2023-02-16 22:00:00,1.03
2023-02-16 23:00:00,0.337
2023-02-17 00:00:00,0.292
2023-02-17 01:00:00,0.257
2023-02-17 02:00:00,0.307
2023-02-17 03:00:00,0.209
2023-02-17 04:00:00,0.337
2023-02-17 05:00:00,0.522
2023-02-17 06:00:00,1.906
2023-02-17 07:00:00,19.424
2023-02-17 08:00:00,45.004999999999995
2023-02-17 09:00:00,86.28399999999999
2023-02-17 10:00:00,112.825
2023-02-17 11:00:00,132.032
2023-02-17 12:00:00,63.859
2023-02-17 13:00:00,21.618
2023-02-17 14:00:00,4.128
2023-02-17 15:00:00,1.152
2023-02-17 16:00:00,0.3909999999999999
2023-02-17 17:00:00,0.208
2023-02-17 18:00:00,0.52
2023-02-17 19:00:00,0.229
2023-02-17 20:00:00,0.224
2023-02-17 21:00:00,0.081
2023-02-17 22:00:00,0.111
2023-02-17 23:00:00,0.095
2023-02-18 00:00:00,0.0
2023-02-18 01:00:00,0.0
2023-02-18 02:00:00,0.007
2023-02-18 03:00:00,0.077
2023-02-18 04:00:00,0.316
2023-02-18 05:00:00,0.34
2023-02-18 06:00:00,11.537
2023-02-18 07:00:00,47.902
2023-02-18 08:00:00,44.486
2023-02-18 09:00:00,60.015
2023-02-18 10:00:00,75.27
2023-02-18 11:00:00,67.328
2023-02-18 12:00:00,43.193
2023-02-18 13:00:00,18.996
2023-02-18 14:00:00,6.818
2023-02-18 15:00:00,1.27
2023-02-18 16:00:00,0.435
2023-02-18 17:00:00,0.117
2023-02-18 18:00:00,0.091
2023-02-18 19:00:00,0.092
2023-02-18 20:00:00,0.078
2023-02-18 21:00:00,0.082
2023-02-18 22:00:00,0.117
2023-02-18 23:00:00,0.0
2023-02-19 00:00:00,0.0
2023-02-19 01:00:00,0.013
2023-02-19 02:00:00,0.116
2023-02-19 03:00:00,0.09
2023-02-19 04:00:00,0.296
2023-02-19 05:00:00,0.257
2023-02-19 06:00:00,2.378
2023-02-19 07:00:00,21.724
2023-02-19 08:00:00,82.078
2023-02-19 09:00:00,107.734
2023-02-19 10:00:00,115.396
2023-02-19 11:00:00,126.532
2023-02-19 12:00:00,71.249
2023-02-19 13:00:00,34.878
2023-02-19 14:00:00,9.667
2023-02-19 15:00:00,1.517
2023-02-19 16:00:00,0.417
2023-02-19 17:00:00,0.457
2023-02-19 18:00:00,0.416
2023-02-19 19:00:00,0.37
2023-02-19 20:00:00,0.097
2023-02-19 21:00:00,0.109
2023-02-19 22:00:00,0.065
2023-02-19 23:00:00,0.0
2023-02-20 00:00:00,0.107
2023-02-20 01:00:00,0.038
2023-02-20 02:00:00,0.006
2023-02-20 03:00:00,0.063
2023-02-20 04:00:00,0.138
2023-02-20 05:00:00,0.19
2023-02-20 06:00:00,2.313
2023-02-20 07:00:00,14.433
2023-02-20 08:00:00,38.245
2023-02-20 09:00:00,31.098
2023-02-20 10:00:00,20.322
2023-02-20 11:00:00,10.402
2023-02-20 12:00:00,5.871
2023-02-20 13:00:00,2.593
2023-02-20 14:00:00,0.528
2023-02-20 15:00:00,0.124
2023-02-20 16:00:00,0.456
2023-02-20 17:00:00,0.121
2023-02-20 18:00:00,0.003
2023-02-20 19:00:00,0.049
2023-02-20 20:00:00,0.136
2023-02-20 21:00:00,0.0
2023-02-20 22:00:00,0.607
2023-02-20 23:00:00,0.864
2023-02-21 00:00:00,0.871
2023-02-21 01:00:00,0.0
2023-02-21 02:00:00,0.01
2023-02-21 03:00:00,0.191
2023-02-21 04:00:00,0.148
2023-02-21 05:00:00,0.142
2023-02-21 06:00:00,2.004
2023-02-21 07:00:00,13.269
2023-02-21 08:00:00,37.755
2023-02-21 09:00:00,113.214
2023-02-21 10:00:00,280.728
2023-02-21 11:00:00,71.37100000000001
2023-02-21 12:00:00,100.561
2023-02-21 13:00:00,50.897000000000006
2023-02-21 14:00:00,5.713
2023-02-21 15:00:00,0.5680000000000001
2023-02-21 16:00:00,0.422
2023-02-21 17:00:00,0.212
2023-02-21 18:00:00,0.185
2023-02-21 19:00:00,0.22
2023-02-21 20:00:00,0.116
2023-02-21 21:00:00,0.128
2023-02-21 22:00:00,0.503
2023-02-21 23:00:00,0.555
2023-02-22 00:00:00,0.584
2023-02-22 01:00:00,0.725
2023-02-22 02:00:00,0.014
2023-02-22 03:00:00,0.091
2023-02-22 04:00:00,0.138
2023-02-22 05:00:00,0.197
2023-02-22 06:00:00,1.784
2023-02-22 07:00:00,17.799
2023-02-22 08:00:00,149.409
2023-02-22 09:00:00,286.545
2023-02-22 10:00:00,258.241
2023-02-22 11:00:00,229.634
2023-02-22 12:00:00,171.823
2023-02-22 13:00:00,125.62
2023-02-22 14:00:00,40.859
2023-02-22 15:00:00,1.521
2023-02-22 16:00:00,0.682
2023-02-22 17:00:00,0.298
2023-02-22 18:00:00,0.261
2023-02-22 19:00:00,0.427
2023-02-22 20:00:00,0.146
2023-02-22 21:00:00,0.074
2023-02-22 22:00:00,0.613
2023-02-22 23:00:00,0.509
2023-02-23 00:00:00,0.855
2023-02-23 01:00:00,0.565
2023-02-23 02:00:00,0.012
2023-02-23 03:00:00,0.088
2023-02-23 04:00:00,0.149
2023-02-23 05:00:00,0.264
2023-02-23 06:00:00,5.743
2023-02-23 07:00:00,19.734
2023-02-23 08:00:00,21.798
2023-02-23 09:00:00,20.487
2023-02-23 10:00:00,35.738
2023-02-23 11:00:00,36.987
2023-02-23 12:00:00,33.21
2023-02-23 13:00:00,27.187
2023-02-23 14:00:00,5.6259999999999994
2023-02-23 15:00:00,0.316
2023-02-23 16:00:00,0.287
2023-02-23 17:00:00,0.184
2023-02-23 18:00:00,0.267
2023-02-23 19:00:00,0.0
2023-02-23 20:00:00,0.0
2023-02-23 21:00:00,0.0
2023-02-23 22:00:00,0.42
2023-02-23 23:00:00,0.555
2023-02-24 00:00:00,1.19
2023-02-24 01:00:00,0.27
2023-02-24 02:00:00,0.008
2023-02-24 03:00:00,0.083
2023-02-24 04:00:00,0.116
2023-02-24 05:00:00,0.078
2023-02-24 06:00:00,2.279
2023-02-24 07:00:00,11.534
2023-02-24 08:00:00,37.302
2023-02-24 09:00:00,74.908
2023-02-24 10:00:00,111.158
2023-02-24 11:00:00,106.923
2023-02-24 12:00:00,92.647
2023-02-24 13:00:00,56.687
2023-02-24 14:00:00,15.45
2023-02-24 15:00:00,1.148
2023-02-24 16:00:00,0.379
2023-02-24 17:00:00,0.295
2023-02-24 18:00:00,0.184
2023-02-24 19:00:00,0.203
2023-02-24 20:00:00,0.257
2023-02-24 21:00:00,0.133
2023-02-24 22:00:00,0.49
2023-02-24 23:00:00,0.709
2023-02-25 00:00:00,0.871
2023-02-25 01:00:00,0.456
2023-02-25 02:00:00,0.008
2023-02-25 03:00:00,0.124
2023-02-25 04:00:00,0.625
2023-02-25 05:00:00,0.668
2023-02-25 06:00:00,2.915
2023-02-25 07:00:00,12.083
2023-02-25 08:00:00,52.861
2023-02-25 09:00:00,102.827
2023-02-25 10:00:00,175.477
2023-02-25 11:00:00,211.985
2023-02-25 12:00:00,177.661
2023-02-25 13:00:00,78.564
2023-02-25 14:00:00,19.145
2023-02-25 15:00:00,3.1020000000000003
2023-02-25 16:00:00,0.499
2023-02-25 17:00:00,0.398
2023-02-25 18:00:00,0.058
2023-02-25 19:00:00,0.003
2023-02-25 20:00:00,0.003
2023-02-25 21:00:00,0.018
2023-02-25 22:00:00,0.453
2023-02-25 23:00:00,0.652
2023-02-26 00:00:00,0.626
2023-02-26 01:00:00,0.577
2023-02-26 02:00:00,0.035
2023-02-26 03:00:00,0.067
2023-02-26 04:00:00,0.304
2023-02-26 05:00:00,0.598
2023-02-26 06:00:00,23.12
2023-02-26 07:00:00,164.244
2023-02-26 08:00:00,437.311
2023-02-26 09:00:00,859.156
2023-02-26 10:00:00,1084.595
2023-02-26 11:00:00,1022.491
2023-02-26 12:00:00,890.198
2023-02-26 13:00:00,668.9960000000001
2023-02-26 14:00:00,259.452
2023-02-26 15:00:00,19.785
2023-02-26 16:00:00,0.974
2023-02-26 17:00:00,1.153
2023-02-26 18:00:00,0.815
2023-02-26 19:00:00,0.745
2023-02-26 20:00:00,0.6239999999999999
2023-02-26 21:00:00,0.459
2023-02-26 22:00:00,0.934
2023-02-26 23:00:00,1.061
2023-02-27 00:00:00,1.008
2023-02-27 01:00:00,0.207
2023-02-27 02:00:00,0.42
2023-02-27 03:00:00,0.389
2023-02-27 04:00:00,0.75
2023-02-27 05:00:00,3.437
2023-02-27 06:00:00,111.437
2023-02-27 07:00:00,503.361
2023-02-27 08:00:00,957.037
2023-02-27 09:00:00,1263.701
2023-02-27 10:00:00,1393.0459999999998
2023-02-27 11:00:00,1332.29
2023-02-27 12:00:00,921.876
2023-02-27 13:00:00,244.499
2023-02-27 14:00:00,50.468
2023-02-27 15:00:00,5.299
2023-02-27 16:00:00,0.914
2023-02-27 17:00:00,1.191
2023-02-27 18:00:00,0.737
2023-02-27 19:00:00,0.745
2023-02-27 20:00:00,0.781
2023-02-27 21:00:00,0.451
2023-02-27 22:00:00,0.8879999999999999
2023-02-27 23:00:00,1.017
2023-02-28 00:00:00,0.8019999999999999
2023-02-28 01:00:00,0.843
2023-02-28 02:00:00,0.514
2023-02-28 03:00:00,0.209
2023-02-28 04:00:00,0.7709999999999999
2023-02-28 05:00:00,4.352
2023-02-28 06:00:00,133.518
2023-02-28 07:00:00,499.14
2023-02-28 08:00:00,826.4780000000001
2023-02-28 09:00:00,726.164
2023-02-28 10:00:00,671.088
2023-02-28 11:00:00,712.0590000000001
2023-02-28 12:00:00,625.954
2023-02-28 13:00:00,362.342
2023-02-28 14:00:00,125.639
2023-02-28 15:00:00,14.574
2023-02-28 16:00:00,1.391
2023-02-28 17:00:00,1.577
2023-02-28 18:00:00,1.414
2023-02-28 19:00:00,1.725
2023-02-28 20:00:00,1.0659999999999998
2023-02-28 21:00:00,0.401
2023-02-28 22:00:00,0.6479999999999999
2023-02-28 23:00:00,0.2249999999999999
2023-03-01 00:00:00,0.134
2023-03-01 01:00:00,0.11
2023-03-01 02:00:00,0.588
2023-03-01 03:00:00,0.302
2023-03-01 04:00:00,0.579
2023-03-01 05:00:00,4.727
2023-03-01 06:00:00,144.387
2023-03-01 07:00:00,577.319
2023-03-01 08:00:00,1059.716
2023-03-01 09:00:00,1398.325
2023-03-01 10:00:00,1557.634
2023-03-01 11:00:00,1572.01
2023-03-01 12:00:00,1360.545
2023-03-01 13:00:00,904.543
2023-03-01 14:00:00,345.153
2023-03-01 15:00:00,38.067
2023-03-01 16:00:00,1.386
2023-03-01 17:00:00,1.3250000000000002
2023-03-01 18:00:00,1.11
2023-03-01 19:00:00,0.804
2023-03-01 20:00:00,1.38
2023-03-01 21:00:00,1.347
2023-03-01 22:00:00,0.878
2023-03-01 23:00:00,0.399
2023-03-02 00:00:00,0.521
2023-03-02 01:00:00,0.1099999999999999
2023-03-02 02:00:00,0.2329999999999999
2023-03-02 03:00:00,0.263
2023-03-02 04:00:00,0.999
2023-03-02 05:00:00,5.317
2023-03-02 06:00:00,173.06099999999998
2023-03-02 07:00:00,628.677
2023-03-02 08:00:00,1142.511
2023-03-02 09:00:00,1490.001
2023-03-02 10:00:00,1626.143
2023-03-02 11:00:00,1556.949
2023-03-02 12:00:00,1247.533
2023-03-02 13:00:00,903.057
2023-03-02 14:00:00,288.31
2023-03-02 15:00:00,25.634
2023-03-02 16:00:00,1.37
2023-03-02 17:00:00,1.737
2023-03-02 18:00:00,1.747
2023-03-02 19:00:00,0.77
2023-03-02 20:00:00,0.875
2023-03-02 21:00:00,0.707
2023-03-02 22:00:00,0.896
2023-03-02 23:00:00,0.8140000000000001
2023-03-03 00:00:00,0.599
2023-03-03 01:00:00,0.13
2023-03-03 02:00:00,0.121
2023-03-03 03:00:00,0.283
2023-03-03 04:00:00,0.881
2023-03-03 05:00:00,3.22
2023-03-03 06:00:00,109.471
2023-03-03 07:00:00,541.365
2023-03-03 08:00:00,863.663
2023-03-03 09:00:00,1312.221
2023-03-03 10:00:00,1510.522
2023-03-03 11:00:00,1358.212
2023-03-03 12:00:00,1024.7
2023-03-03 13:00:00,300.846
2023-03-03 14:00:00,72.444
2023-03-03 15:00:00,4.982
2023-03-03 16:00:00,1.642
2023-03-03 17:00:00,2.082
2023-03-03 18:00:00,1.438
2023-03-03 19:00:00,1.519
2023-03-03 20:00:00,0.745
2023-03-03 21:00:00,1.263
2023-03-03 22:00:00,0.843
2023-03-03 23:00:00,0.2249999999999999
2023-03-04 00:00:00,0.1699999999999999
2023-03-04 01:00:00,0.313
2023-03-04 02:00:00,0.262
2023-03-04 03:00:00,0.185
2023-03-04 04:00:00,0.573
2023-03-04 05:00:00,2.175
2023-03-04 06:00:00,18.37
2023-03-04 07:00:00,19.662
2023-03-04 08:00:00,19.375
2023-03-04 09:00:00,26.315
2023-03-04 10:00:00,53.372
2023-03-04 11:00:00,162.018
2023-03-04 12:00:00,278.138
2023-03-04 13:00:00,141.477
2023-03-04 14:00:00,35.581
2023-03-04 15:00:00,3.3869999999999996
2023-03-04 16:00:00,0.982
2023-03-04 17:00:00,0.891
2023-03-04 18:00:00,0.653
2023-03-04 19:00:00,0.256
2023-03-04 20:00:00,0.614
2023-03-04 21:00:00,0.122
2023-03-04 22:00:00,0.119
2023-03-04 23:00:00,0.196
2023-03-05 00:00:00,0.309
2023-03-05 01:00:00,0.097
2023-03-05 02:00:00,0.218
2023-03-05 03:00:00,0.097
2023-03-05 04:00:00,0.327
2023-03-05 05:00:00,1.028
2023-03-05 06:00:00,21.582
2023-03-05 07:00:00,80.82000000000001
2023-03-05 08:00:00,304.06899999999996
2023-03-05 09:00:00,758.249
2023-03-05 10:00:00,845.202
2023-03-05 11:00:00,869.8620000000001
2023-03-05 12:00:00,743.798
2023-03-05 13:00:00,498.285
2023-03-05 14:00:00,187.365
2023-03-05 15:00:00,17.082
2023-03-05 16:00:00,2.298
2023-03-05 17:00:00,1.892
2023-03-05 18:00:00,1.6840000000000002
2023-03-05 19:00:00,1.096
2023-03-05 20:00:00,0.853
2023-03-05 21:00:00,0.433
2023-03-05 22:00:00,0.696
2023-03-05 23:00:00,0.478
2023-03-06 00:00:00,0.178
2023-03-06 01:00:00,0.147
2023-03-06 02:00:00,0.322
2023-03-06 03:00:00,0.502
2023-03-06 04:00:00,0.716
2023-03-06 05:00:00,2.7649999999999997
2023-03-06 06:00:00,72.634
2023-03-06 07:00:00,380.164
2023-03-06 08:00:00,891.4290000000001
2023-03-06 09:00:00,982.019
2023-03-06 10:00:00,996.469
2023-03-06 11:00:00,984.247
2023-03-06 12:00:00,759.425
2023-03-06 13:00:00,200.305
2023-03-06 14:00:00,59.478
2023-03-06 15:00:00,14.428
2023-03-06 16:00:00,2.155
2023-03-06 17:00:00,1.216
2023-03-06 18:00:00,1.808
2023-03-06 19:00:00,2.136
2023-03-06 20:00:00,0.988
2023-03-06 21:00:00,0.48
2023-03-06 22:00:00,0.778
2023-03-06 23:00:00,0.067
2023-03-07 00:00:00,0.128
2023-03-07 01:00:00,0.416
2023-03-07 02:00:00,0.086
2023-03-07 03:00:00,0.193
2023-03-07 04:00:00,1.511
2023-03-07 05:00:00,1.502
2023-03-07 06:00:00,39.657
2023-03-07 07:00:00,203.249
2023-03-07 08:00:00,477.681
2023-03-07 09:00:00,654.23
2023-03-07 10:00:00,634.823
2023-03-07 11:00:00,534.854
2023-03-07 12:00:00,372.178
2023-03-07 13:00:00,179.25400000000002
2023-03-07 14:00:00,56.944
2023-03-07 15:00:00,6.696
2023-03-07 16:00:00,2.049
2023-03-07 17:00:00,1.529
2023-03-07 18:00:00,1.313
2023-03-07 19:00:00,1.308
2023-03-07 20:00:00,0.365
2023-03-07 21:00:00,0.29
2023-03-07 22:00:00,0.545
2023-03-07 23:00:00,0.023
2023-03-08 00:00:00,0.058
2023-03-08 01:00:00,0.421
2023-03-08 02:00:00,0.03
2023-03-08 03:00:00,0.242
2023-03-08 04:00:00,1.4500000000000002
2023-03-08 05:00:00,1.343
2023-03-08 06:00:00,11.025
2023-03-08 07:00:00,57.236
2023-03-08 08:00:00,159.938
2023-03-08 09:00:00,260.563
2023-03-08 10:00:00,572.668
2023-03-08 11:00:00,350.11899999999997
2023-03-08 12:00:00,296.041
2023-03-08 13:00:00,293.333
2023-03-08 14:00:00,152.16
2023-03-08 15:00:00,14.276
2023-03-08 16:00:00,1.308
2023-03-08 17:00:00,1.496
2023-03-08 18:00:00,1.266
2023-03-08 19:00:00,0.81
2023-03-08 20:00:00,0.327
2023-03-08 21:00:00,0.144
2023-03-08 22:00:00,0.048
2023-03-08 23:00:00,0.121
2023-03-09 00:00:00,0.067
2023-03-09 01:00:00,0.0
2023-03-09 02:00:00,0.005
2023-03-09 03:00:00,0.085
2023-03-09 04:00:00,0.968
2023-03-09 05:00:00,1.4860000000000002
2023-03-09 06:00:00,32.063
2023-03-09 07:00:00,164.564
2023-03-09 08:00:00,544.164
2023-03-09 09:00:00,1077.486
2023-03-09 10:00:00,1421.034
2023-03-09 11:00:00,1495.643
2023-03-09 12:00:00,1393.803
2023-03-09 13:00:00,1063.353
2023-03-09 14:00:00,509.484
2023-03-09 15:00:00,88.712
2023-03-09 16:00:00,2.7110000000000003
2023-03-09 17:00:00,2.386
2023-03-09 18:00:00,1.915
2023-03-09 19:00:00,1.577
2023-03-09 20:00:00,0.597
2023-03-09 21:00:00,0.445
2023-03-09 22:00:00,0.566
2023-03-09 23:00:00,0.331
2023-03-10 00:00:00,0.2209999999999999
2023-03-10 01:00:00,0.525
2023-03-10 02:00:00,0.2239999999999999
2023-03-10 03:00:00,0.22
2023-03-10 04:00:00,2.163
2023-03-10 05:00:00,23.271
2023-03-10 06:00:00,267.04200000000003
2023-03-10 07:00:00,792.729
2023-03-10 08:00:00,1298.0
2023-03-10 09:00:00,1588.219
2023-03-10 10:00:00,1690.1350000000002
2023-03-10 11:00:00,1677.6419999999998
2023-03-10 12:00:00,1414.095
2023-03-10 13:00:00,1075.96
2023-03-10 14:00:00,566.033
2023-03-10 15:00:00,99.676
2023-03-10 16:00:00,2.666
2023-03-10 17:00:00,2.3329999999999997
2023-03-10 18:00:00,2.184
2023-03-10 19:00:00,1.626
2023-03-10 20:00:00,0.637
2023-03-10 21:00:00,0.447
2023-03-10 22:00:00,0.6689999999999999
2023-03-10 23:00:00,0.333
2023-03-11 00:00:00,0.214
2023-03-11 01:00:00,0.401
2023-03-11 02:00:00,0.388
2023-03-11 03:00:00,0.332
2023-03-11 04:00:00,1.677
2023-03-11 05:00:00,3.562
2023-03-11 06:00:00,20.584
2023-03-11 07:00:00,91.286
2023-03-11 08:00:00,128.841
2023-03-11 09:00:00,128.489
2023-03-11 10:00:00,195.554
2023-03-11 11:00:00,132.517
2023-03-11 12:00:00,131.569
2023-03-11 13:00:00,116.909
2023-03-11 14:00:00,63.33
2023-03-11 15:00:00,11.386
2023-03-11 16:00:00,1.947
2023-03-11 17:00:00,1.111
2023-03-11 18:00:00,1.055
2023-03-11 19:00:00,0.342
2023-03-11 20:00:00,0.224
2023-03-11 21:00:00,0.119
2023-03-11 22:00:00,0.061
2023-03-11 23:00:00,0.0
2023-03-12 00:00:00,0.044
2023-03-12 01:00:00,0.0
2023-03-12 02:00:00,0.008
2023-03-12 03:00:00,0.118
2023-03-12 04:00:00,1.201
2023-03-12 05:00:00,6.916
2023-03-12 06:00:00,73.882
2023-03-12 07:00:00,438.897
2023-03-12 08:00:00,990.949
2023-03-12 09:00:00,1149.921
2023-03-12 10:00:00,1350.454
2023-03-12 11:00:00,1526.222
2023-03-12 12:00:00,1345.839
2023-03-12 13:00:00,941.717
2023-03-12 14:00:00,340.45000000000005
2023-03-12 15:00:00,77.43299999999999
2023-03-12 16:00:00,3.691
2023-03-12 17:00:00,1.662
2023-03-12 18:00:00,2.14
2023-03-12 19:00:00,1.055
2023-03-12 20:00:00,0.54
2023-03-12 21:00:00,0.889
2023-03-12 22:00:00,0.519
2023-03-12 23:00:00,0.24
2023-03-13 00:00:00,0.626
2023-03-13 01:00:00,0.272
2023-03-13 02:00:00,0.25
2023-03-13 03:00:00,0.567
2023-03-13 04:00:00,1.947
2023-03-13 05:00:00,38.394
2023-03-13 06:00:00,149.999
2023-03-13 07:00:00,558.707
2023-03-13 08:00:00,1022.928
2023-03-13 09:00:00,744.899
2023-03-13 10:00:00,632.624
2023-03-13 11:00:00,595.933
2023-03-13 12:00:00,348.97799999999995
2023-03-13 13:00:00,126.356
2023-03-13 14:00:00,27.551
2023-03-13 15:00:00,3.5109999999999997
2023-03-13 16:00:00,1.814
2023-03-13 17:00:00,1.779
2023-03-13 18:00:00,2.22
2023-03-13 19:00:00,1.254
2023-03-13 20:00:00,0.221
2023-03-13 21:00:00,0.421
2023-03-13 22:00:00,0.316
2023-03-13 23:00:00,0.069
2023-03-14 00:00:00,0.325
2023-03-14 01:00:00,0.359
2023-03-14 02:00:00,0.097
2023-03-14 03:00:00,0.286
2023-03-14 04:00:00,2.3920000000000003
2023-03-14 05:00:00,45.754999999999995
2023-03-14 06:00:00,277.811
2023-03-14 07:00:00,821.224
2023-03-14 08:00:00,1327.408
2023-03-14 09:00:00,1600.4589999999998
2023-03-14 10:00:00,1366.879
2023-03-14 11:00:00,955.038
2023-03-14 12:00:00,819.6750000000001
2023-03-14 13:00:00,542.663
2023-03-14 14:00:00,68.272
2023-03-14 15:00:00,25.272
2023-03-14 16:00:00,2.909
2023-03-14 17:00:00,2.751
2023-03-14 18:00:00,2.268
2023-03-14 19:00:00,1.877
2023-03-14 20:00:00,0.548
2023-03-14 21:00:00,0.484
2023-03-14 22:00:00,0.589
2023-03-14 23:00:00,0.428
2023-03-15 00:00:00,0.106
2023-03-15 01:00:00,0.102
2023-03-15 02:00:00,0.143
2023-03-15 03:00:00,0.713
2023-03-15 04:00:00,1.624
2023-03-15 05:00:00,14.744
2023-03-15 06:00:00,294.903
2023-03-15 07:00:00,849.8389999999999
2023-03-15 08:00:00,1261.189
2023-03-15 09:00:00,1528.629
2023-03-15 10:00:00,1726.787
2023-03-15 11:00:00,1687.506
2023-03-15 12:00:00,1303.315
2023-03-15 13:00:00,789.2719999999999
2023-03-15 14:00:00,473.089
2023-03-15 15:00:00,125.709
2023-03-15 16:00:00,5.51
2023-03-15 17:00:00,1.853
2023-03-15 18:00:00,1.83
2023-03-15 19:00:00,1.572
2023-03-15 20:00:00,1.009
2023-03-15 21:00:00,1.048
2023-03-15 22:00:00,0.446
2023-03-15 23:00:00,0.299
2023-03-16 00:00:00,0.2199999999999999
2023-03-16 01:00:00,0.577
2023-03-16 02:00:00,0.394
2023-03-16 03:00:00,0.274
2023-03-16 04:00:00,2.104
2023-03-16 05:00:00,51.907
2023-03-16 06:00:00,383.359
2023-03-16 07:00:00,899.666
2023-03-16 08:00:00,1308.962
2023-03-16 09:00:00,1494.425
2023-03-16 10:00:00,1505.61
2023-03-16 11:00:00,1343.697
2023-03-16 12:00:00,962.318
2023-03-16 13:00:00,327.016
2023-03-16 14:00:00,198.351
2023-03-16 15:00:00,104.005
2023-03-16 16:00:00,8.125
2023-03-16 17:00:00,2.303
2023-03-16 18:00:00,2.045
2023-03-16 19:00:00,1.624
2023-03-16 20:00:00,0.8109999999999999
2023-03-16 21:00:00,0.722
2023-03-16 22:00:00,0.786
2023-03-16 23:00:00,0.248
2023-03-17 00:00:00,0.762
2023-03-17 01:00:00,0.5720000000000001
2023-03-17 02:00:00,0.514
2023-03-17 03:00:00,0.6799999999999999
2023-03-17 04:00:00,2.18
2023-03-17 05:00:00,23.421
2023-03-17 06:00:00,104.659
2023-03-17 07:00:00,238.193
2023-03-17 08:00:00,366.743
2023-03-17 09:00:00,472.535
2023-03-17 10:00:00,534.775
2023-03-17 11:00:00,435.965
2023-03-17 12:00:00,255.076
2023-03-17 13:00:00,159.00400000000002
2023-03-17 14:00:00,97.587
2023-03-17 15:00:00,30.239
2023-03-17 16:00:00,3.282
2023-03-17 17:00:00,2.45
2023-03-17 18:00:00,3.419
2023-03-17 19:00:00,3.037
2023-03-17 20:00:00,0.888
2023-03-17 21:00:00,0.335
2023-03-17 22:00:00,0.309
2023-03-17 23:00:00,0.109
2023-03-18 00:00:00,0.03
2023-03-18 01:00:00,0.087
2023-03-18 02:00:00,0.202
2023-03-18 03:00:00,0.121
2023-03-18 04:00:00,1.917
2023-03-18 05:00:00,24.765
2023-03-18 06:00:00,98.458
2023-03-18 07:00:00,214.022
2023-03-18 08:00:00,410.775
2023-03-18 09:00:00,579.126
2023-03-18 10:00:00,691.554
2023-03-18 11:00:00,426.496
2023-03-18 12:00:00,341.252
2023-03-18 13:00:00,213.838
2023-03-18 14:00:00,100.592
2023-03-18 15:00:00,16.351
2023-03-18 16:00:00,2.678
2023-03-18 17:00:00,1.528
2023-03-18 18:00:00,2.2809999999999997
2023-03-18 19:00:00,2.076
2023-03-18 20:00:00,0.496
2023-03-18 21:00:00,0.432
2023-03-18 22:00:00,0.419
2023-03-18 23:00:00,0.094
2023-03-19 00:00:00,0.125
2023-03-19 01:00:00,0.093
2023-03-19 02:00:00,0.162
2023-03-19 03:00:00,0.2
2023-03-19 04:00:00,1.2
2023-03-19 05:00:00,15.153
2023-03-19 06:00:00,63.666
2023-03-19 07:00:00,208.723
2023-03-19 08:00:00,230.222
2023-03-19 09:00:00,471.592
2023-03-19 10:00:00,564.345
2023-03-19 11:00:00,508.18499999999995
2023-03-19 12:00:00,420.227
2023-03-19 13:00:00,310.061
2023-03-19 14:00:00,99.218
2023-03-19 15:00:00,23.576
2023-03-19 16:00:00,3.434
2023-03-19 17:00:00,1.749
2023-03-19 18:00:00,2.115
2023-03-19 19:00:00,1.802
2023-03-19 20:00:00,0.838
2023-03-19 21:00:00,0.392
2023-03-19 22:00:00,0.337
2023-03-19 23:00:00,0.061
2023-03-20 00:00:00,0.041
2023-03-20 01:00:00,0.019
2023-03-20 02:00:00,0.112
2023-03-20 03:00:00,0.236
2023-03-20 04:00:00,1.2029999999999998
2023-03-20 05:00:00,14.188
2023-03-20 06:00:00,88.25999999999999
2023-03-20 07:00:00,227.05
2023-03-20 08:00:00,567.732
2023-03-20 09:00:00,950.11
2023-03-20 10:00:00,744.389
2023-03-20 11:00:00,704.792
2023-03-20 12:00:00,374.072
2023-03-20 13:00:00,108.166
2023-03-20 14:00:00,18.622
2023-03-20 15:00:00,2.51
2023-03-20 16:00:00,3.0549999999999997
2023-03-20 17:00:00,2.175
2023-03-20 18:00:00,2.2889999999999997
2023-03-20 19:00:00,1.801
2023-03-20 20:00:00,0.52
2023-03-20 21:00:00,0.326
2023-03-20 22:00:00,0.297
2023-03-20 23:00:00,0.123
2023-03-21 00:00:00,0.151
2023-03-21 01:00:00,0.02
2023-03-21 02:00:00,0.019
2023-03-21 03:00:00,0.312
2023-03-21 04:00:00,1.12
2023-03-21 05:00:00,10.338
2023-03-21 06:00:00,64.041
2023-03-21 07:00:00,239.613
2023-03-21 08:00:00,506.839
2023-03-21 09:00:00,1002.246
2023-03-21 10:00:00,1457.101
2023-03-21 11:00:00,1539.519
2023-03-21 12:00:00,1411.353
2023-03-21 13:00:00,1047.942
2023-03-21 14:00:00,594.208
2023-03-21 15:00:00,117.652
2023-03-21 16:00:00,8.417
2023-03-21 17:00:00,2.37
2023-03-21 18:00:00,2.285
2023-03-21 19:00:00,2.099
2023-03-21 20:00:00,0.661
2023-03-21 21:00:00,0.935
2023-03-21 22:00:00,0.515
2023-03-21 23:00:00,0.381
2023-03-22 00:00:00,0.632
2023-03-22 01:00:00,0.573
2023-03-22 02:00:00,0.461
2023-03-22 03:00:00,0.29
2023-03-22 04:00:00,1.939
2023-03-22 05:00:00,12.055
2023-03-22 06:00:00,32.819
2023-03-22 07:00:00,68.86
2023-03-22 08:00:00,91.308
2023-03-22 09:00:00,98.269
2023-03-22 10:00:00,107.628
2023-03-22 11:00:00,113.645
2023-03-22 12:00:00,92.034
2023-03-22 13:00:00,78.649
2023-03-22 14:00:00,33.568
2023-03-22 15:00:00,9.418
2023-03-22 16:00:00,2.168
2023-03-22 17:00:00,2.19
2023-03-22 18:00:00,1.995
2023-03-22 19:00:00,1.726
2023-03-22 20:00:00,1.145
2023-03-22 21:00:00,1.071
2023-03-22 22:00:00,0.598
2023-03-22 23:00:00,0.492
2023-03-23 00:00:00,0.478
2023-03-23 01:00:00,0.567
2023-03-23 02:00:00,0.624
2023-03-23 03:00:00,0.601
2023-03-23 04:00:00,2.354
2023-03-23 05:00:00,48.253
2023-03-23 06:00:00,153.15
2023-03-23 07:00:00,406.11
2023-03-23 08:00:00,441.201
2023-03-23 09:00:00,899.666
2023-03-23 10:00:00,559.7719999999999
2023-03-23 11:00:00,280.079
2023-03-23 12:00:00,154.826
2023-03-23 13:00:00,142.31900000000002
2023-03-23 14:00:00,111.371
2023-03-23 15:00:00,37.203
2023-03-23 16:00:00,3.244
2023-03-23 17:00:00,1.896
2023-03-23 18:00:00,1.75
2023-03-23 19:00:00,1.536
2023-03-23 20:00:00,1.096
2023-03-23 21:00:00,0.505
2023-03-23 22:00:00,0.518
2023-03-23 23:00:00,0.375
2023-03-24 00:00:00,0.04
2023-03-24 01:00:00,0.495
2023-03-24 02:00:00,0.145
2023-03-24 03:00:00,0.033
2023-03-24 04:00:00,3.0730000000000004
2023-03-24 05:00:00,68.779
2023-03-24 06:00:00,346.92
2023-03-24 07:00:00,929.139
2023-03-24 08:00:00,1471.17
2023-03-24 09:00:00,1769.708
2023-03-24 10:00:00,1292.283
2023-03-24 11:00:00,627.494
2023-03-24 12:00:00,161.411
2023-03-24 13:00:00,95.052
2023-03-24 14:00:00,54.12
2023-03-24 15:00:00,14.627
2023-03-24 16:00:00,3.651
2023-03-24 17:00:00,1.721
2023-03-24 18:00:00,1.783
2023-03-24 19:00:00,1.896
2023-03-24 20:00:00,1.029
2023-03-24 21:00:00,1.069
2023-03-24 22:00:00,0.479
2023-03-24 23:00:00,0.208
2023-03-25 00:00:00,0.201
2023-03-25 01:00:00,0.5660000000000001
2023-03-25 02:00:00,0.95
2023-03-25 03:00:00,0.923
2023-03-25 04:00:00,1.7970000000000002
2023-03-25 05:00:00,40.346999999999994
2023-03-25 06:00:00,115.564
2023-03-25 07:00:00,405.146
2023-03-25 08:00:00,805.731
2023-03-25 09:00:00,857.104
2023-03-25 10:00:00,798.7439999999999
2023-03-25 11:00:00,427.859
2023-03-25 12:00:00,615.286
2023-03-25 13:00:00,931.706
2023-03-25 14:00:00,542.766
2023-03-25 15:00:00,91.88
2023-03-25 16:00:00,6.2170000000000005
2023-03-25 17:00:00,1.942
2023-03-25 18:00:00,2.714
2023-03-25 19:00:00,1.787
2023-03-25 20:00:00,0.665
2023-03-25 21:00:00,0.593
2023-03-25 22:00:00,0.575
2023-03-25 23:00:00,1.107
2023-03-26 00:00:00,0.595
2023-03-26 01:00:00,0.347
2023-03-26 02:00:00,0.256
2023-03-26 03:00:00,1.216
2023-03-26 04:00:00,2.232
2023-03-26 05:00:00,9.082
2023-03-26 06:00:00,25.557
2023-03-26 07:00:00,52.635
2023-03-26 08:00:00,104.883
2023-03-26 09:00:00,158.503
2023-03-26 10:00:00,231.563
2023-03-26 11:00:00,214.972
2023-03-26 12:00:00,149.077
2023-03-26 13:00:00,116.743
2023-03-26 14:00:00,69.257
2023-03-26 15:00:00,17.767
2023-03-26 16:00:00,2.47
2023-03-26 17:00:00,1.606
2023-03-26 18:00:00,1.549
2023-03-26 19:00:00,1.2200000000000002
2023-03-26 20:00:00,0.797
2023-03-26 21:00:00,0.595
2023-03-26 22:00:00,0.314
2023-03-26 23:00:00,0.123
2023-03-27 00:00:00,0.236
2023-03-27 01:00:00,0.252
2023-03-27 02:00:00,0.165
2023-03-27 03:00:00,1.496
2023-03-27 04:00:00,2.035
2023-03-27 05:00:00,36.538
2023-03-27 06:00:00,120.271
2023-03-27 07:00:00,210.443
2023-03-27 08:00:00,429.863
2023-03-27 09:00:00,644.9110000000001
2023-03-27 10:00:00,740.7909999999999
2023-03-27 11:00:00,661.494
2023-03-27 12:00:00,409.792
2023-03-27 13:00:00,248.136
2023-03-27 14:00:00,198.918
2023-03-27 15:00:00,62.892
2023-03-27 16:00:00,8.296
2023-03-27 17:00:00,4.140000000000001
2023-03-27 18:00:00,2.525
2023-03-27 19:00:00,1.642
2023-03-27 20:00:00,0.476
2023-03-27 21:00:00,0.194
2023-03-27 22:00:00,0.103
2023-03-27 23:00:00,0.501
2023-03-28 00:00:00,0.158
2023-03-28 01:00:00,0.085
2023-03-28 02:00:00,0.215
2023-03-28 03:00:00,1.87
2023-03-28 04:00:00,3.5469999999999997
2023-03-28 05:00:00,45.279999999999994
2023-03-28 06:00:00,271.211
2023-03-28 07:00:00,638.078
2023-03-28 08:00:00,1063.277
2023-03-28 09:00:00,1163.329
2023-03-28 10:00:00,1243.062
2023-03-28 11:00:00,1315.491
2023-03-28 12:00:00,912.413
2023-03-28 13:00:00,588.216
2023-03-28 14:00:00,419.042
2023-03-28 15:00:00,133.268
2023-03-28 16:00:00,12.342
2023-03-28 17:00:00,2.108
2023-03-28 18:00:00,2.011
2023-03-28 19:00:00,1.311
2023-03-28 20:00:00,0.623
2023-03-28 21:00:00,1.483
2023-03-28 22:00:00,0.378
2023-03-28 23:00:00,0.6809999999999999
2023-03-29 00:00:00,1.007
2023-03-29 01:00:00,0.709
2023-03-29 02:00:00,0.4609999999999999
2023-03-29 03:00:00,1.703
2023-03-29 04:00:00,6.927
2023-03-29 05:00:00,69.605
2023-03-29 06:00:00,324.568
2023-03-29 07:00:00,701.565
2023-03-29 08:00:00,980.733
2023-03-29 09:00:00,1048.296
2023-03-29 10:00:00,1221.529
2023-03-29 11:00:00,1470.196
2023-03-29 12:00:00,1518.929
2023-03-29 13:00:00,1272.381
2023-03-29 14:00:00,602.238
2023-03-29 15:00:00,100.143
2023-03-29 16:00:00,5.745
2023-03-29 17:00:00,2.137
2023-03-29 18:00:00,2.386
2023-03-29 19:00:00,1.146
2023-03-29 20:00:00,0.714
2023-03-29 21:00:00,1.035
2023-03-29 22:00:00,0.929
2023-03-29 23:00:00,0.628
2023-03-30 00:00:00,0.342
2023-03-30 01:00:00,0.324
2023-03-30 02:00:00,0.381
2023-03-30 03:00:00,1.877
2023-03-30 04:00:00,3.2830000000000004
2023-03-30 05:00:00,10.504
2023-03-30 06:00:00,27.834
2023-03-30 07:00:00,97.02
2023-03-30 08:00:00,217.481
2023-03-30 09:00:00,275.002
2023-03-30 10:00:00,277.723
2023-03-30 11:00:00,240.827
2023-03-30 12:00:00,195.905
2023-03-30 13:00:00,140.338
2023-03-30 14:00:00,66.49600000000001
2023-03-30 15:00:00,22.248
2023-03-30 16:00:00,3.215
2023-03-30 17:00:00,1.558
2023-03-30 18:00:00,1.319
2023-03-30 19:00:00,1.1
2023-03-30 20:00:00,0.756
2023-03-30 21:00:00,0.323
2023-03-30 22:00:00,0.045
2023-03-30 23:00:00,0.318
2023-03-31 00:00:00,0.257
2023-03-31 01:00:00,0.009
2023-03-31 02:00:00,0.013
2023-03-31 03:00:00,1.637
2023-03-31 04:00:00,4.648
2023-03-31 05:00:00,49.504000000000005
2023-03-31 06:00:00,109.772
2023-03-31 07:00:00,220.018
2023-03-31 08:00:00,391.617
2023-03-31 09:00:00,486.112
2023-03-31 10:00:00,533.6179999999999
2023-03-31 11:00:00,394.043
2023-03-31 12:00:00,185.692
2023-03-31 13:00:00,131.441
2023-03-31 14:00:00,82.188
2023-03-31 15:00:00,34.152
2023-03-31 16:00:00,5.229
2023-03-31 17:00:00,2.737
2023-03-31 18:00:00,1.704
2023-03-31 19:00:00,1.928
2023-03-31 20:00:00,0.932
2023-03-31 21:00:00,0.789
2023-03-31 22:00:00,0.722
2023-03-31 23:00:00,0.733
2023-04-01 00:00:00,0.55
2023-04-01 01:00:00,0.433
2023-04-01 02:00:00,0.829
2023-04-01 03:00:00,1.623
2023-04-01 04:00:00,5.6370000000000005
2023-04-01 05:00:00,68.179
2023-04-01 06:00:00,340.79200000000003
2023-04-01 07:00:00,1062.824
2023-04-01 08:00:00,1638.257
2023-04-01 09:00:00,1871.649
2023-04-01 10:00:00,1966.244
2023-04-01 11:00:00,1931.618
2023-04-01 12:00:00,1776.734
2023-04-01 13:00:00,1456.126
2023-04-01 14:00:00,880.861
2023-04-01 15:00:00,311.546
2023-04-01 16:00:00,35.446
2023-04-01 17:00:00,1.621
2023-04-01 18:00:00,1.648
2023-04-01 19:00:00,1.811
2023-04-01 20:00:00,0.352
2023-04-01 21:00:00,0.454
2023-04-01 22:00:00,0.7939999999999999
2023-04-01 23:00:00,0.487
2023-04-02 00:00:00,0.7979999999999999
2023-04-02 01:00:00,1.27
2023-04-02 02:00:00,0.252
2023-04-02 03:00:00,1.795
2023-04-02 04:00:00,22.464
2023-04-02 05:00:00,218.71
2023-04-02 06:00:00,703.049
2023-04-02 07:00:00,1266.189
2023-04-02 08:00:00,1706.336
2023-04-02 09:00:00,1934.684
2023-04-02 10:00:00,1948.648
2023-04-02 11:00:00,1928.285
2023-04-02 12:00:00,1732.146
2023-04-02 13:00:00,1332.21
2023-04-02 14:00:00,775.332
2023-04-02 15:00:00,287.65700000000004
2023-04-02 16:00:00,35.387
2023-04-02 17:00:00,2.444
2023-04-02 18:00:00,2.306
2023-04-02 19:00:00,1.985
2023-04-02 20:00:00,0.5489999999999999
2023-04-02 21:00:00,0.604
2023-04-02 22:00:00,0.5569999999999999
2023-04-02 23:00:00,0.468
2023-04-03 00:00:00,0.6719999999999999
2023-04-03 01:00:00,0.428
2023-04-03 02:00:00,0.646
2023-04-03 03:00:00,1.006
2023-04-03 04:00:00,25.226
2023-04-03 05:00:00,224.183
2023-04-03 06:00:00,673.192
2023-04-03 07:00:00,1229.392
2023-04-03 08:00:00,1722.799
2023-04-03 09:00:00,2003.549
2023-04-03 10:00:00,2076.014
2023-04-03 11:00:00,2048.041
2023-04-03 12:00:00,1887.172
2023-04-03 13:00:00,1551.636
2023-04-03 14:00:00,928.413
2023-04-03 15:00:00,333.168
2023-04-03 16:00:00,45.907
2023-04-03 17:00:00,3.519
2023-04-03 18:00:00,2.566
2023-04-03 19:00:00,1.587
2023-04-03 20:00:00,0.54
2023-04-03 21:00:00,0.428
2023-04-03 22:00:00,0.368
2023-04-03 23:00:00,0.318
2023-04-04 00:00:00,0.2229999999999999
2023-04-04 01:00:00,0.179
2023-04-04 02:00:00,0.7070000000000001
2023-04-04 03:00:00,1.998
2023-04-04 04:00:00,26.363
2023-04-04 05:00:00,249.531
2023-04-04 06:00:00,768.171
2023-04-04 07:00:00,1356.71
2023-04-04 08:00:00,1793.182
2023-04-04 09:00:00,1989.201
2023-04-04 10:00:00,2076.857
2023-04-04 11:00:00,2016.645
2023-04-04 12:00:00,1816.911
2023-04-04 13:00:00,1357.241
2023-04-04 14:00:00,840.134
2023-04-04 15:00:00,290.501
2023-04-04 16:00:00,56.273
2023-04-04 17:00:00,4.188
2023-04-04 18:00:00,2.787
2023-04-04 19:00:00,1.787
2023-04-04 20:00:00,0.6859999999999999
2023-04-04 21:00:00,0.3
2023-04-04 22:00:00,0.474
2023-04-04 23:00:00,0.142
2023-04-05 00:00:00,0.2
2023-04-05 01:00:00,0.475
2023-04-05 02:00:00,0.761
2023-04-05 03:00:00,1.84
2023-04-05 04:00:00,2.223
2023-04-05 05:00:00,8.855
2023-04-05 06:00:00,19.7
2023-04-05 07:00:00,27.732
2023-04-05 08:00:00,76.322
2023-04-05 09:00:00,188.37
2023-04-05 10:00:00,207.622
2023-04-05 11:00:00,525.454
2023-04-05 12:00:00,635.213
2023-04-05 13:00:00,715.97
2023-04-05 14:00:00,444.874
2023-04-05 15:00:00,223.833
2023-04-05 16:00:00,43.784
2023-04-05 17:00:00,3.616
2023-04-05 18:00:00,2.762
2023-04-05 19:00:00,1.935
2023-04-05 20:00:00,0.7829999999999999
2023-04-05 21:00:00,0.275
2023-04-05 22:00:00,0.238
2023-04-05 23:00:00,0.4
2023-04-06 00:00:00,0.415
2023-04-06 01:00:00,0.179
2023-04-06 02:00:00,0.737
2023-04-06 03:00:00,1.15
2023-04-06 04:00:00,3.5410000000000004
2023-04-06 05:00:00,21.481
2023-04-06 06:00:00,37.443
2023-04-06 07:00:00,84.427
2023-04-06 08:00:00,146.808
2023-04-06 09:00:00,200.92
2023-04-06 10:00:00,181.726
2023-04-06 11:00:00,169.131
2023-04-06 12:00:00,140.684
2023-04-06 13:00:00,108.507
2023-04-06 14:00:00,57.592
2023-04-06 15:00:00,21.635
2023-04-06 16:00:00,3.1710000000000003
2023-04-06 17:00:00,1.637
2023-04-06 18:00:00,1.043
2023-04-06 19:00:00,0.976
2023-04-06 20:00:00,0.4679999999999999
2023-04-06 21:00:00,0.558
2023-04-06 22:00:00,0.172
2023-04-06 23:00:00,0.099
2023-04-07 00:00:00,0.376
2023-04-07 01:00:00,0.167
2023-04-07 02:00:00,0.006
2023-04-07 03:00:00,1.4289999999999998
2023-04-07 04:00:00,36.237
2023-04-07 05:00:00,238.069
2023-04-07 06:00:00,705.0319999999999
2023-04-07 07:00:00,1255.026
2023-04-07 08:00:00,1653.762
2023-04-07 09:00:00,1901.446
2023-04-07 10:00:00,1987.876
2023-04-07 11:00:00,1973.607
2023-04-07 12:00:00,1802.82
2023-04-07 13:00:00,1486.091
2023-04-07 14:00:00,924.232
2023-04-07 15:00:00,359.381
2023-04-07 16:00:00,57.954
2023-04-07 17:00:00,3.677
2023-04-07 18:00:00,2.691
2023-04-07 19:00:00,1.417
2023-04-07 20:00:00,0.554
2023-04-07 21:00:00,0.643
2023-04-07 22:00:00,0.787
2023-04-07 23:00:00,0.533
2023-04-08 00:00:00,0.2809999999999999
2023-04-08 01:00:00,0.242
2023-04-08 02:00:00,0.273
2023-04-08 03:00:00,2.774
2023-04-08 04:00:00,44.111999999999995
2023-04-08 05:00:00,290.913
2023-04-08 06:00:00,815.6769999999999
2023-04-08 07:00:00,1367.6550000000002
2023-04-08 08:00:00,1765.269
2023-04-08 09:00:00,1956.199
2023-04-08 10:00:00,2035.354
2023-04-08 11:00:00,2014.355
2023-04-08 12:00:00,1842.271
2023-04-08 13:00:00,1507.707
2023-04-08 14:00:00,946.179
2023-04-08 15:00:00,369.835
2023-04-08 16:00:00,60.637
2023-04-08 17:00:00,4.007
2023-04-08 18:00:00,2.222
2023-04-08 19:00:00,2.378
2023-04-08 20:00:00,1.602
2023-04-08 21:00:00,1.061
2023-04-08 22:00:00,0.559
2023-04-08 23:00:00,0.336
2023-04-09 00:00:00,0.141
2023-04-09 01:00:00,0.096
2023-04-09 02:00:00,0.277
2023-04-09 03:00:00,3.215
2023-04-09 04:00:00,51.521
2023-04-09 05:00:00,307.278
2023-04-09 06:00:00,826.552
2023-04-09 07:00:00,1361.274
2023-04-09 08:00:00,1683.03
2023-04-09 09:00:00,1500.819
2023-04-09 10:00:00,1709.7310000000002
2023-04-09 11:00:00,1638.188
2023-04-09 12:00:00,1386.687
2023-04-09 13:00:00,1362.1
2023-04-09 14:00:00,919.683
2023-04-09 15:00:00,383.467
2023-04-09 16:00:00,69.438
2023-04-09 17:00:00,2.542
2023-04-09 18:00:00,2.072
2023-04-09 19:00:00,1.248
2023-04-09 20:00:00,0.582
2023-04-09 21:00:00,0.47
2023-04-09 22:00:00,0.443
2023-04-09 23:00:00,0.258
2023-04-10 00:00:00,0.328
2023-04-10 01:00:00,0.423
2023-04-10 02:00:00,1.057
2023-04-10 03:00:00,2.619
2023-04-10 04:00:00,53.323
2023-04-10 05:00:00,297.478
2023-04-10 06:00:00,860.354
2023-04-10 07:00:00,1423.185
2023-04-10 08:00:00,1811.368
2023-04-10 09:00:00,2006.456
2023-04-10 10:00:00,2041.003
2023-04-10 11:00:00,1976.105
2023-04-10 12:00:00,1823.134
2023-04-10 13:00:00,1511.069
2023-04-10 14:00:00,989.845
2023-04-10 15:00:00,397.521
2023-04-10 16:00:00,73.539
2023-04-10 17:00:00,2.81
2023-04-10 18:00:00,1.742
2023-04-10 19:00:00,1.383
2023-04-10 20:00:00,0.547
2023-04-10 21:00:00,0.33
2023-04-10 22:00:00,0.257
2023-04-10 23:00:00,0.196
2023-04-11 00:00:00,0.157
2023-04-11 01:00:00,0.8170000000000001
2023-04-11 02:00:00,0.906
2023-04-11 03:00:00,2.994
2023-04-11 04:00:00,52.325
2023-04-11 05:00:00,324.54
2023-04-11 06:00:00,874.9639999999999
2023-04-11 07:00:00,1390.976
2023-04-11 08:00:00,1819.807
2023-04-11 09:00:00,1997.739
2023-04-11 10:00:00,2070.62
2023-04-11 11:00:00,1966.203
2023-04-11 12:00:00,1646.268
2023-04-11 13:00:00,1233.507
2023-04-11 14:00:00,631.287
2023-04-11 15:00:00,258.427
2023-04-11 16:00:00,73.698
2023-04-11 17:00:00,3.4610000000000003
2023-04-11 18:00:00,2.511
2023-04-11 19:00:00,1.0870000000000002
2023-04-11 20:00:00,0.381
2023-04-11 21:00:00,0.296
2023-04-11 22:00:00,0.291
2023-04-11 23:00:00,0.5660000000000001
2023-04-12 00:00:00,0.395
2023-04-12 01:00:00,0.267
2023-04-12 02:00:00,0.876
2023-04-12 03:00:00,3.141
2023-04-12 04:00:00,49.275
2023-04-12 05:00:00,275.288
2023-04-12 06:00:00,804.1700000000001
2023-04-12 07:00:00,1347.25
2023-04-12 08:00:00,1761.897
2023-04-12 09:00:00,1960.571
2023-04-12 10:00:00,2002.052
2023-04-12 11:00:00,1890.7
2023-04-12 12:00:00,1452.743
2023-04-12 13:00:00,855.7850000000001
2023-04-12 14:00:00,442.286
2023-04-12 15:00:00,237.328
2023-04-12 16:00:00,49.469
2023-04-12 17:00:00,2.6630000000000003
2023-04-12 18:00:00,2.245
2023-04-12 19:00:00,1.479
2023-04-12 20:00:00,1.044
2023-04-12 21:00:00,0.4
2023-04-12 22:00:00,0.394
2023-04-12 23:00:00,0.338
2023-04-13 00:00:00,0.348
2023-04-13 01:00:00,0.281
2023-04-13 02:00:00,0.471
2023-04-13 03:00:00,1.855
2023-04-13 04:00:00,18.16
2023-04-13 05:00:00,80.49600000000001
2023-04-13 06:00:00,120.998
2023-04-13 07:00:00,306.16700000000003
2023-04-13 08:00:00,531.722
2023-04-13 09:00:00,846.252
2023-04-13 10:00:00,887.8330000000001
2023-04-13 11:00:00,1098.142
2023-04-13 12:00:00,863.865
2023-04-13 13:00:00,573.251
2023-04-13 14:00:00,360.525
2023-04-13 15:00:00,119.824
2023-04-13 16:00:00,21.287
2023-04-13 17:00:00,3.77
2023-04-13 18:00:00,2.092
2023-04-13 19:00:00,1.371
2023-04-13 20:00:00,0.696
2023-04-13 21:00:00,0.556
2023-04-13 22:00:00,0.25
2023-04-13 23:00:00,0.148
2023-04-14 00:00:00,0.45
2023-04-14 01:00:00,0.156
2023-04-14 02:00:00,0.91
2023-04-14 03:00:00,2.156
2023-04-14 04:00:00,21.911
2023-04-14 05:00:00,128.56
2023-04-14 06:00:00,298.826
2023-04-14 07:00:00,620.894
2023-04-14 08:00:00,524.229
2023-04-14 09:00:00,904.375
2023-04-14 10:00:00,1525.664
2023-04-14 11:00:00,1707.464
2023-04-14 12:00:00,1521.567
2023-04-14 13:00:00,1254.459
2023-04-14 14:00:00,639.741
2023-04-14 15:00:00,252.345
2023-04-14 16:00:00,50.697
2023-04-14 17:00:00,6.647
2023-04-14 18:00:00,2.917
2023-04-14 19:00:00,1.57
2023-04-14 20:00:00,0.6439999999999999
2023-04-14 21:00:00,0.406
2023-04-14 22:00:00,0.184
2023-04-14 23:00:00,0.186
2023-04-15 00:00:00,0.154
2023-04-15 01:00:00,0.432
2023-04-15 02:00:00,0.96
2023-04-15 03:00:00,3.2380000000000004
2023-04-15 04:00:00,47.709
2023-04-15 05:00:00,242.698
2023-04-15 06:00:00,814.5809999999999
2023-04-15 07:00:00,1371.6260000000002
2023-04-15 08:00:00,1840.179
2023-04-15 09:00:00,2039.115
2023-04-15 10:00:00,1939.67
2023-04-15 11:00:00,1787.146
2023-04-15 12:00:00,1670.039
2023-04-15 13:00:00,1517.626
2023-04-15 14:00:00,1010.762
2023-04-15 15:00:00,437.309
2023-04-15 16:00:00,91.901
2023-04-15 17:00:00,7.485
2023-04-15 18:00:00,2.809
2023-04-15 19:00:00,0.934
2023-04-15 20:00:00,0.6
2023-04-15 21:00:00,0.8230000000000001
2023-04-15 22:00:00,0.402
2023-04-15 23:00:00,0.302
2023-04-16 00:00:00,0.293
2023-04-16 01:00:00,0.7060000000000001
2023-04-16 02:00:00,0.901
2023-04-16 03:00:00,5.202
2023-04-16 04:00:00,55.307
2023-04-16 05:00:00,205.336
2023-04-16 06:00:00,524.76
2023-04-16 07:00:00,1019.494
2023-04-16 08:00:00,1457.863
2023-04-16 09:00:00,1282.141
2023-04-16 10:00:00,1158.419
2023-04-16 11:00:00,1210.002
2023-04-16 12:00:00,1005.707
2023-04-16 13:00:00,598.9490000000001
2023-04-16 14:00:00,274.016
2023-04-16 15:00:00,151.02100000000002
2023-04-16 16:00:00,32.981
2023-04-16 17:00:00,3.992
2023-04-16 18:00:00,2.1260000000000003
2023-04-16 19:00:00,1.163
2023-04-16 20:00:00,0.777
2023-04-16 21:00:00,0.362
2023-04-16 22:00:00,0.7010000000000001
2023-04-16 23:00:00,1.109
2023-04-17 00:00:00,0.41
2023-04-17 01:00:00,0.242
2023-04-17 02:00:00,0.823
2023-04-17 03:00:00,5.506
2023-04-17 04:00:00,62.099999999999994
2023-04-17 05:00:00,321.109
2023-04-17 06:00:00,707.924
2023-04-17 07:00:00,1055.087
2023-04-17 08:00:00,1444.04
2023-04-17 09:00:00,1577.0020000000002
2023-04-17 10:00:00,1513.283
2023-04-17 11:00:00,1690.169
2023-04-17 12:00:00,1540.878
2023-04-17 13:00:00,1083.074
2023-04-17 14:00:00,918.862
2023-04-17 15:00:00,455.687
2023-04-17 16:00:00,105.973
2023-04-17 17:00:00,9.006
2023-04-17 18:00:00,2.557
2023-04-17 19:00:00,2.415
2023-04-17 20:00:00,1.332
2023-04-17 21:00:00,0.947
2023-04-17 22:00:00,0.98
2023-04-17 23:00:00,0.6809999999999999
2023-04-18 00:00:00,0.903
2023-04-18 01:00:00,0.296
2023-04-18 02:00:00,0.932
2023-04-18 03:00:00,7.145
2023-04-18 04:00:00,84.76400000000001
2023-04-18 05:00:00,409.919
2023-04-18 06:00:00,1011.972
2023-04-18 07:00:00,1597.741
2023-04-18 08:00:00,1965.292
2023-04-18 09:00:00,2032.735
2023-04-18 10:00:00,2228.432
2023-04-18 11:00:00,2198.827
2023-04-18 12:00:00,2063.236
2023-04-18 13:00:00,1671.215
2023-04-18 14:00:00,1103.58
2023-04-18 15:00:00,504.138
2023-04-18 16:00:00,129.429
2023-04-18 17:00:00,9.098
2023-04-18 18:00:00,2.9139999999999997
2023-04-18 19:00:00,1.948
2023-04-18 20:00:00,1.664
2023-04-18 21:00:00,1.282
2023-04-18 22:00:00,1.072
2023-04-18 23:00:00,0.678
2023-04-19 00:00:00,0.492
2023-04-19 01:00:00,0.553
2023-04-19 02:00:00,0.506
2023-04-19 03:00:00,10.314
2023-04-19 04:00:00,93.557
2023-04-19 05:00:00,433.209
2023-04-19 06:00:00,1041.618
2023-04-19 07:00:00,1607.734
2023-04-19 08:00:00,1985.417
2023-04-19 09:00:00,2191.325
2023-04-19 10:00:00,2240.098
2023-04-19 11:00:00,2181.119
2023-04-19 12:00:00,2031.447
2023-04-19 13:00:00,1712.273
2023-04-19 14:00:00,1129.941
2023-04-19 15:00:00,512.964
2023-04-19 16:00:00,125.452
2023-04-19 17:00:00,10.605
2023-04-19 18:00:00,2.869
2023-04-19 19:00:00,1.854
2023-04-19 20:00:00,1.357
2023-04-19 21:00:00,0.605
2023-04-19 22:00:00,0.717
2023-04-19 23:00:00,1.103
2023-04-20 00:00:00,0.948
2023-04-20 01:00:00,1.155
2023-04-20 02:00:00,1.039
2023-04-20 03:00:00,10.618
2023-04-20 04:00:00,98.796
2023-04-20 05:00:00,441.071
2023-04-20 06:00:00,1031.259
2023-04-20 07:00:00,1568.662
2023-04-20 08:00:00,1965.221
2023-04-20 09:00:00,2153.058
2023-04-20 10:00:00,2179.064
2023-04-20 11:00:00,2141.075
2023-04-20 12:00:00,2008.394
2023-04-20 13:00:00,1669.836
2023-04-20 14:00:00,1007.599
2023-04-20 15:00:00,361.403
2023-04-20 16:00:00,112.495
2023-04-20 17:00:00,8.12
2023-04-20 18:00:00,2.236
2023-04-20 19:00:00,2.41
2023-04-20 20:00:00,0.957
2023-04-20 21:00:00,1.458
2023-04-20 22:00:00,0.763
2023-04-20 23:00:00,0.601
2023-04-21 00:00:00,0.507
2023-04-21 01:00:00,0.367
2023-04-21 02:00:00,1.086
2023-04-21 03:00:00,14.166
2023-04-21 04:00:00,133.167
2023-04-21 05:00:00,448.485
2023-04-21 06:00:00,1022.816
2023-04-21 07:00:00,1619.455
2023-04-21 08:00:00,1983.434
2023-04-21 09:00:00,2168.8869999999997
2023-04-21 10:00:00,2212.362
2023-04-21 11:00:00,2132.535
2023-04-21 12:00:00,2000.652
2023-04-21 13:00:00,1693.045
2023-04-21 14:00:00,1143.55
2023-04-21 15:00:00,528.6700000000001
2023-04-21 16:00:00,144.702
2023-04-21 17:00:00,17.129
2023-04-21 18:00:00,4.686
2023-04-21 19:00:00,2.976
2023-04-21 20:00:00,1.745
2023-04-21 21:00:00,1.604
2023-04-21 22:00:00,1.049
2023-04-21 23:00:00,0.923
2023-04-22 00:00:00,0.4599999999999999
2023-04-22 01:00:00,0.601
2023-04-22 02:00:00,1.333
2023-04-22 03:00:00,13.809
2023-04-22 04:00:00,113.649
2023-04-22 05:00:00,466.028
2023-04-22 06:00:00,1030.897
2023-04-22 07:00:00,1585.4139999999998
2023-04-22 08:00:00,1961.396
2023-04-22 09:00:00,2143.645
2023-04-22 10:00:00,2187.438
2023-04-22 11:00:00,2152.875
2023-04-22 12:00:00,1971.574
2023-04-22 13:00:00,1669.5549999999998
2023-04-22 14:00:00,1147.169
2023-04-22 15:00:00,532.051
2023-04-22 16:00:00,140.261
2023-04-22 17:00:00,15.533
2023-04-22 18:00:00,3.408
2023-04-22 19:00:00,2.136
2023-04-22 20:00:00,1.386
2023-04-22 21:00:00,1.828
2023-04-22 22:00:00,1.692
2023-04-22 23:00:00,1.392
2023-04-23 00:00:00,0.74
2023-04-23 01:00:00,0.584
2023-04-23 02:00:00,0.793
2023-04-23 03:00:00,14.322
2023-04-23 04:00:00,119.753
2023-04-23 05:00:00,480.953
2023-04-23 06:00:00,1047.931
2023-04-23 07:00:00,1592.061
2023-04-23 08:00:00,1980.872
2023-04-23 09:00:00,2139.773
2023-04-23 10:00:00,2211.557
2023-04-23 11:00:00,2143.912
2023-04-23 12:00:00,1946.008
2023-04-23 13:00:00,1611.4160000000002
2023-04-23 14:00:00,1070.073
2023-04-23 15:00:00,498.705
2023-04-23 16:00:00,130.663
2023-04-23 17:00:00,14.157
2023-04-23 18:00:00,2.26
2023-04-23 19:00:00,1.481
2023-04-23 20:00:00,0.843
2023-04-23 21:00:00,0.996
2023-04-23 22:00:00,0.554
2023-04-23 23:00:00,0.902
2023-04-24 00:00:00,0.681
2023-04-24 01:00:00,0.44
2023-04-24 02:00:00,0.7689999999999999
2023-04-24 03:00:00,1.887
2023-04-24 04:00:00,57.662
2023-04-24 05:00:00,340.186
2023-04-24 06:00:00,579.158
2023-04-24 07:00:00,943.592
2023-04-24 08:00:00,1218.28
2023-04-24 09:00:00,1408.8970000000002
2023-04-24 10:00:00,1889.051
2023-04-24 11:00:00,1833.108
2023-04-24 12:00:00,1708.751
2023-04-24 13:00:00,1468.241
2023-04-24 14:00:00,897.22
2023-04-24 15:00:00,293.764
2023-04-24 16:00:00,51.834
2023-04-24 17:00:00,5.774
2023-04-24 18:00:00,2.723
2023-04-24 19:00:00,1.953
2023-04-24 20:00:00,1.349
2023-04-24 21:00:00,1.111
2023-04-24 22:00:00,0.541
2023-04-24 23:00:00,0.559
2023-04-25 00:00:00,0.6619999999999999
2023-04-25 01:00:00,0.415
2023-04-25 02:00:00,0.587
2023-04-25 03:00:00,7.283
2023-04-25 04:00:00,104.511
2023-04-25 05:00:00,429.751
2023-04-25 06:00:00,1001.883
2023-04-25 07:00:00,1453.5600000000002
2023-04-25 08:00:00,1640.895
2023-04-25 09:00:00,1654.995
2023-04-25 10:00:00,1843.037
2023-04-25 11:00:00,1515.794
2023-04-25 12:00:00,1091.787
2023-04-25 13:00:00,722.5369999999999
2023-04-25 14:00:00,596.731
2023-04-25 15:00:00,249.216
2023-04-25 16:00:00,55.492
2023-04-25 17:00:00,6.2219999999999995
2023-04-25 18:00:00,2.042
2023-04-25 19:00:00,1.861
2023-04-25 20:00:00,1.864
2023-04-25 21:00:00,0.657
2023-04-25 22:00:00,0.403
2023-04-25 23:00:00,0.503
2023-04-26 00:00:00,0.3399999999999999
2023-04-26 01:00:00,0.335
2023-04-26 02:00:00,0.647
2023-04-26 03:00:00,18.271
2023-04-26 04:00:00,60.828
2023-04-26 05:00:00,121.597
2023-04-26 06:00:00,235.782
2023-04-26 07:00:00,332.088
2023-04-26 08:00:00,320.868
2023-04-26 09:00:00,220.225
2023-04-26 10:00:00,193.804
2023-04-26 11:00:00,219.098
2023-04-26 12:00:00,164.741
2023-04-26 13:00:00,130.066
2023-04-26 14:00:00,79.694
2023-04-26 15:00:00,40.349
2023-04-26 16:00:00,23.903
2023-04-26 17:00:00,8.51
2023-04-26 18:00:00,2.442
2023-04-26 19:00:00,1.896
2023-04-26 20:00:00,0.975
2023-04-26 21:00:00,1.158
2023-04-26 22:00:00,0.077
2023-04-26 23:00:00,0.078
2023-04-27 00:00:00,0.106
2023-04-27 01:00:00,0.204
2023-04-27 02:00:00,0.243
2023-04-27 03:00:00,15.407
2023-04-27 04:00:00,126.897
2023-04-27 05:00:00,468.967
2023-04-27 06:00:00,1055.592
2023-04-27 07:00:00,1547.838
2023-04-27 08:00:00,1726.868
2023-04-27 09:00:00,1740.934
2023-04-27 10:00:00,1727.5120000000002
2023-04-27 11:00:00,1783.021
2023-04-27 12:00:00,1682.821
2023-04-27 13:00:00,1446.693
2023-04-27 14:00:00,1034.807
2023-04-27 15:00:00,485.056
2023-04-27 16:00:00,155.7
2023-04-27 17:00:00,26.869
2023-04-27 18:00:00,2.9459999999999997
2023-04-27 19:00:00,2.2
2023-04-27 20:00:00,2.77
2023-04-27 21:00:00,1.002
2023-04-27 22:00:00,0.935
2023-04-27 23:00:00,1.086
2023-04-28 00:00:00,0.537
2023-04-28 01:00:00,0.59
2023-04-28 02:00:00,0.297
2023-04-28 03:00:00,22.523000000000003
2023-04-28 04:00:00,149.915
2023-04-28 05:00:00,393.721
2023-04-28 06:00:00,665.9390000000001
2023-04-28 07:00:00,1081.236
2023-04-28 08:00:00,1484.766
2023-04-28 09:00:00,1556.2859999999998
2023-04-28 10:00:00,1621.108
2023-04-28 11:00:00,1514.1909999999998
2023-04-28 12:00:00,1373.484
2023-04-28 13:00:00,1248.694
2023-04-28 14:00:00,861.26
2023-04-28 15:00:00,447.363
2023-04-28 16:00:00,125.67
2023-04-28 17:00:00,23.538
2023-04-28 18:00:00,3.679
2023-04-28 19:00:00,1.356
2023-04-28 20:00:00,1.121
2023-04-28 21:00:00,1.476
2023-04-28 22:00:00,0.613
2023-04-28 23:00:00,0.242
2023-04-29 00:00:00,0.08
2023-04-29 01:00:00,0.126
2023-04-29 02:00:00,0.3409999999999999
2023-04-29 03:00:00,27.003
2023-04-29 04:00:00,155.535
2023-04-29 05:00:00,521.419
2023-04-29 06:00:00,1075.578
2023-04-29 07:00:00,1577.229
2023-04-29 08:00:00,1801.75
2023-04-29 09:00:00,1745.16
2023-04-29 10:00:00,1859.647
2023-04-29 11:00:00,1935.99
2023-04-29 12:00:00,1789.456
2023-04-29 13:00:00,980.498
2023-04-29 14:00:00,385.753
2023-04-29 15:00:00,169.839
2023-04-29 16:00:00,39.634
2023-04-29 17:00:00,3.109
2023-04-29 18:00:00,2.976
2023-04-29 19:00:00,2.2750000000000004
2023-04-29 20:00:00,1.2679999999999998
2023-04-29 21:00:00,0.909
2023-04-29 22:00:00,0.35
2023-04-29 23:00:00,0.705
2023-04-30 00:00:00,0.355
2023-04-30 01:00:00,0.21
2023-04-30 02:00:00,0.3969999999999999
2023-04-30 03:00:00,26.093
2023-04-30 04:00:00,151.804
2023-04-30 05:00:00,207.496
2023-04-30 06:00:00,257.986
2023-04-30 07:00:00,334.92699999999996
2023-04-30 08:00:00,478.823
2023-04-30 09:00:00,625.721
2023-04-30 10:00:00,746.075
2023-04-30 11:00:00,693.844
2023-04-30 12:00:00,524.013
2023-04-30 13:00:00,411.554
2023-04-30 14:00:00,283.968
2023-04-30 15:00:00,397.352
2023-04-30 16:00:00,153.956
2023-04-30 17:00:00,26.6
2023-04-30 18:00:00,3.2329999999999997
2023-04-30 19:00:00,2.0469999999999997
2023-04-30 20:00:00,1.638
2023-04-30 21:00:00,1.895
2023-04-30 22:00:00,1.129
2023-04-30 23:00:00,1.339
2023-05-01 00:00:00,0.095
2023-05-01 01:00:00,0.075
2023-05-01 02:00:00,0.5820000000000001
2023-05-01 03:00:00,30.113
2023-05-01 04:00:00,171.292
2023-05-01 05:00:00,590.438
2023-05-01 06:00:00,1142.319
2023-05-01 07:00:00,1633.27
2023-05-01 08:00:00,1824.904
2023-05-01 09:00:00,1681.583
2023-05-01 10:00:00,1403.864
2023-05-01 11:00:00,1594.064
2023-05-01 12:00:00,1436.519
2023-05-01 13:00:00,951.409
2023-05-01 14:00:00,398.655
2023-05-01 15:00:00,140.50799999999998
2023-05-01 16:00:00,50.75
2023-05-01 17:00:00,6.451
2023-05-01 18:00:00,2.963
2023-05-01 19:00:00,1.702
2023-05-01 20:00:00,1.3170000000000002
2023-05-01 21:00:00,1.5750000000000002
2023-05-01 22:00:00,1.292
2023-05-01 23:00:00,1.042
2023-05-02 00:00:00,0.907
2023-05-02 01:00:00,0.731
2023-05-02 02:00:00,0.757
2023-05-02 03:00:00,32.754000000000005
2023-05-02 04:00:00,140.096
2023-05-02 05:00:00,363.27
2023-05-02 06:00:00,582.232
2023-05-02 07:00:00,348.286
2023-05-02 08:00:00,223.907
2023-05-02 09:00:00,150.671
2023-05-02 10:00:00,261.219
2023-05-02 11:00:00,502.356
2023-05-02 12:00:00,444.81000000000006
2023-05-02 13:00:00,303.185
2023-05-02 14:00:00,511.29
2023-05-02 15:00:00,602.8100000000001
2023-05-02 16:00:00,186.249
2023-05-02 17:00:00,28.966
2023-05-02 18:00:00,3.0069999999999997
2023-05-02 19:00:00,1.041
2023-05-02 20:00:00,0.938
2023-05-02 21:00:00,0.964
2023-05-02 22:00:00,0.846
2023-05-02 23:00:00,0.967
2023-05-03 00:00:00,0.927
2023-05-03 01:00:00,0.802
2023-05-03 02:00:00,1.336
2023-05-03 03:00:00,41.536
2023-05-03 04:00:00,175.772
2023-05-03 05:00:00,572.172
2023-05-03 06:00:00,1046.693
2023-05-03 07:00:00,1422.815
2023-05-03 08:00:00,1693.405
2023-05-03 09:00:00,2072.554
2023-05-03 10:00:00,2087.139
2023-05-03 11:00:00,2085.248
2023-05-03 12:00:00,2114.06
2023-05-03 13:00:00,1867.607
2023-05-03 14:00:00,1378.023
2023-05-03 15:00:00,684.1590000000001
2023-05-03 16:00:00,206.023
2023-05-03 17:00:00,34.588
2023-05-03 18:00:00,2.7009999999999996
2023-05-03 19:00:00,1.315
2023-05-03 20:00:00,1.197
2023-05-03 21:00:00,1.598
2023-05-03 22:00:00,1.36
2023-05-03 23:00:00,0.876
2023-05-04 00:00:00,1.2599999999999998
2023-05-04 01:00:00,1.303
2023-05-04 02:00:00,1.678
2023-05-04 03:00:00,38.742
2023-05-04 04:00:00,183.829
2023-05-04 05:00:00,614.834
2023-05-04 06:00:00,1291.172
2023-05-04 07:00:00,1847.764
2023-05-04 08:00:00,1767.521
2023-05-04 09:00:00,1663.846
2023-05-04 10:00:00,1529.009
2023-05-04 11:00:00,1442.909
2023-05-04 12:00:00,1481.559
2023-05-04 13:00:00,1502.461
2023-05-04 14:00:00,719.762
2023-05-04 15:00:00,565.235
2023-05-04 16:00:00,186.756
2023-05-04 17:00:00,40.004
2023-05-04 18:00:00,3.159
2023-05-04 19:00:00,1.6190000000000002
2023-05-04 20:00:00,2.088
2023-05-04 21:00:00,2.6950000000000003
2023-05-04 22:00:00,1.545
2023-05-04 23:00:00,0.833
2023-05-05 00:00:00,0.544
2023-05-05 01:00:00,0.018
2023-05-05 02:00:00,2.071
2023-05-05 03:00:00,45.494
2023-05-05 04:00:00,189.914
2023-05-05 05:00:00,608.773
2023-05-05 06:00:00,1225.677
2023-05-05 07:00:00,1468.222
2023-05-05 08:00:00,1753.85
2023-05-05 09:00:00,1854.267
2023-05-05 10:00:00,2024.93
2023-05-05 11:00:00,2167.479
2023-05-05 12:00:00,2126.145
2023-05-05 13:00:00,1877.058
2023-05-05 14:00:00,1345.766
2023-05-05 15:00:00,688.4010000000001
2023-05-05 16:00:00,200.205
2023-05-05 17:00:00,33.198
2023-05-05 18:00:00,3.668
2023-05-05 19:00:00,1.786
2023-05-05 20:00:00,1.7000000000000002
2023-05-05 21:00:00,1.721
2023-05-05 22:00:00,1.491
2023-05-05 23:00:00,0.755
2023-05-06 00:00:00,0.535
2023-05-06 01:00:00,0.166
2023-05-06 02:00:00,2.313
2023-05-06 03:00:00,43.367
2023-05-06 04:00:00,194.805
2023-05-06 05:00:00,622.697
2023-05-06 06:00:00,1232.32
2023-05-06 07:00:00,1695.5320000000002
2023-05-06 08:00:00,1916.091
2023-05-06 09:00:00,1916.934
2023-05-06 10:00:00,1961.608
2023-05-06 11:00:00,2087.1510000000003
2023-05-06 12:00:00,1935.838
2023-05-06 13:00:00,1544.802
2023-05-06 14:00:00,1187.652
2023-05-06 15:00:00,640.1890000000001
2023-05-06 16:00:00,206.347
2023-05-06 17:00:00,39.755
2023-05-06 18:00:00,4.234999999999999
2023-05-06 19:00:00,1.928
2023-05-06 20:00:00,1.484
2023-05-06 21:00:00,0.6519999999999999
2023-05-06 22:00:00,0.635
2023-05-06 23:00:00,0.7370000000000001
2023-05-07 00:00:00,0.799
2023-05-07 01:00:00,0.8230000000000001
2023-05-07 02:00:00,3.205
2023-05-07 03:00:00,50.665
2023-05-07 04:00:00,199.436
2023-05-07 05:00:00,641.928
2023-05-07 06:00:00,1282.358
2023-05-07 07:00:00,1852.148
2023-05-07 08:00:00,2196.518
2023-05-07 09:00:00,2357.048
2023-05-07 10:00:00,2399.672
2023-05-07 11:00:00,2386.759
2023-05-07 12:00:00,2257.118
2023-05-07 13:00:00,1900.424
2023-05-07 14:00:00,1373.3469999999998
2023-05-07 15:00:00,700.4849999999999
2023-05-07 16:00:00,222.574
2023-05-07 17:00:00,44.771
2023-05-07 18:00:00,2.872
2023-05-07 19:00:00,1.355
2023-05-07 20:00:00,0.869
2023-05-07 21:00:00,0.745
2023-05-07 22:00:00,0.765
2023-05-07 23:00:00,0.512
2023-05-08 00:00:00,0.949
2023-05-08 01:00:00,1.223
2023-05-08 02:00:00,2.351
2023-05-08 03:00:00,42.955
2023-05-08 04:00:00,182.803
2023-05-08 05:00:00,646.606
2023-05-08 06:00:00,1332.6180000000002
2023-05-08 07:00:00,1894.906
2023-05-08 08:00:00,2279.048
2023-05-08 09:00:00,2451.375
2023-05-08 10:00:00,2500.258
2023-05-08 11:00:00,2465.607
2023-05-08 12:00:00,2295.5910000000003
2023-05-08 13:00:00,1957.59
2023-05-08 14:00:00,1388.929
2023-05-08 15:00:00,723.214
2023-05-08 16:00:00,236.262
2023-05-08 17:00:00,48.813
2023-05-08 18:00:00,4.321
2023-05-08 19:00:00,1.587
2023-05-08 20:00:00,0.867
2023-05-08 21:00:00,1.203
2023-05-08 22:00:00,1.189
2023-05-08 23:00:00,0.635
2023-05-09 00:00:00,0.617
2023-05-09 01:00:00,1.3279999999999998
2023-05-09 02:00:00,3.548
2023-05-09 03:00:00,50.254999999999995
2023-05-09 04:00:00,211.767
2023-05-09 05:00:00,676.472
2023-05-09 06:00:00,1346.018
2023-05-09 07:00:00,1921.67
2023-05-09 08:00:00,2271.331
2023-05-09 09:00:00,2405.527
2023-05-09 10:00:00,2444.778
2023-05-09 11:00:00,2372.963
2023-05-09 12:00:00,2272.499
2023-05-09 13:00:00,1904.782
2023-05-09 14:00:00,1390.057
2023-05-09 15:00:00,729.933
2023-05-09 16:00:00,250.355
2023-05-09 17:00:00,54.187000000000005
2023-05-09 18:00:00,3.973
2023-05-09 19:00:00,2.701
2023-05-09 20:00:00,1.214
2023-05-09 21:00:00,0.733
2023-05-09 22:00:00,0.658
2023-05-09 23:00:00,0.687
2023-05-10 00:00:00,0.539
2023-05-10 01:00:00,0.748
2023-05-10 02:00:00,6.763
2023-05-10 03:00:00,62.945
2023-05-10 04:00:00,229.966
2023-05-10 05:00:00,670.3409999999999
2023-05-10 06:00:00,1325.46
2023-05-10 07:00:00,1897.658
2023-05-10 08:00:00,2262.792
2023-05-10 09:00:00,2383.074
2023-05-10 10:00:00,2404.573
2023-05-10 11:00:00,2351.103
2023-05-10 12:00:00,2165.544
2023-05-10 13:00:00,1888.86
2023-05-10 14:00:00,1342.512
2023-05-10 15:00:00,716.596
2023-05-10 16:00:00,251.593
2023-05-10 17:00:00,59.817
2023-05-10 18:00:00,5.595000000000001
2023-05-10 19:00:00,1.532
2023-05-10 20:00:00,1.109
2023-05-10 21:00:00,0.8839999999999999
2023-05-10 22:00:00,0.648
2023-05-10 23:00:00,0.558
2023-05-11 00:00:00,0.487
2023-05-11 01:00:00,0.366
2023-05-11 02:00:00,7.299
2023-05-11 03:00:00,63.915
2023-05-11 04:00:00,228.081
2023-05-11 05:00:00,659.115
2023-05-11 06:00:00,1317.197
2023-05-11 07:00:00,1883.486
2023-05-11 08:00:00,2226.853
2023-05-11 09:00:00,2404.033
2023-05-11 10:00:00,2463.082
2023-05-11 11:00:00,2425.51
2023-05-11 12:00:00,2257.787
2023-05-11 13:00:00,1867.083
2023-05-11 14:00:00,1307.311
2023-05-11 15:00:00,694.886
2023-05-11 16:00:00,262.164
2023-05-11 17:00:00,71.009
2023-05-11 18:00:00,4.8740000000000006
2023-05-11 19:00:00,1.881
2023-05-11 20:00:00,0.52
2023-05-11 21:00:00,0.7190000000000001
2023-05-11 22:00:00,0.533
2023-05-11 23:00:00,0.756
2023-05-12 00:00:00,0.591
2023-05-12 01:00:00,0.37
2023-05-12 02:00:00,7.858
2023-05-12 03:00:00,68.093
2023-05-12 04:00:00,228.754
2023-05-12 05:00:00,677.2570000000001
2023-05-12 06:00:00,1315.887
2023-05-12 07:00:00,1902.882
2023-05-12 08:00:00,2271.988
2023-05-12 09:00:00,2447.626
2023-05-12 10:00:00,2464.32
2023-05-12 11:00:00,2416.348
2023-05-12 12:00:00,2227.275
2023-05-12 13:00:00,1886.288
2023-05-12 14:00:00,1342.843
2023-05-12 15:00:00,719.285
2023-05-12 16:00:00,250.689
2023-05-12 17:00:00,59.07300000000001
2023-05-12 18:00:00,5.681
2023-05-12 19:00:00,1.091
2023-05-12 20:00:00,0.8260000000000001
2023-05-12 21:00:00,1.303
2023-05-12 22:00:00,0.696
2023-05-12 23:00:00,0.516
2023-05-13 00:00:00,0.514
2023-05-13 01:00:00,0.391
2023-05-13 02:00:00,6.649
2023-05-13 03:00:00,64.886
2023-05-13 04:00:00,242.803
2023-05-13 05:00:00,682.702
2023-05-13 06:00:00,1299.243
2023-05-13 07:00:00,1850.463
2023-05-13 08:00:00,2202.808
2023-05-13 09:00:00,2359.703
2023-05-13 10:00:00,2412.394
2023-05-13 11:00:00,2331.701
2023-05-13 12:00:00,2173.27
2023-05-13 13:00:00,1843.784
2023-05-13 14:00:00,1326.757
2023-05-13 15:00:00,718.489
2023-05-13 16:00:00,250.683
2023-05-13 17:00:00,59.222
2023-05-13 18:00:00,10.04
2023-05-13 19:00:00,0.957
2023-05-13 20:00:00,0.889
2023-05-13 21:00:00,1.005
2023-05-13 22:00:00,0.524
2023-05-13 23:00:00,0.599
2023-05-14 00:00:00,0.562
2023-05-14 01:00:00,0.59
2023-05-14 02:00:00,7.561
2023-05-14 03:00:00,68.547
2023-05-14 04:00:00,242.747
2023-05-14 05:00:00,683.3929999999999
2023-05-14 06:00:00,1302.4920000000002
2023-05-14 07:00:00,1844.412
2023-05-14 08:00:00,2161.851
2023-05-14 09:00:00,2332.715
2023-05-14 10:00:00,2360.7920000000004
2023-05-14 11:00:00,2293.4849999999997
2023-05-14 12:00:00,2134.763
2023-05-14 13:00:00,1813.965
2023-05-14 14:00:00,1324.495
2023-05-14 15:00:00,716.278
2023-05-14 16:00:00,250.012
2023-05-14 17:00:00,57.654
2023-05-14 18:00:00,9.173
2023-05-14 19:00:00,3.752
2023-05-14 20:00:00,0.589
2023-05-14 21:00:00,0.488
2023-05-14 22:00:00,0.73
2023-05-14 23:00:00,0.296
2023-05-15 00:00:00,0.6719999999999999
2023-05-15 01:00:00,0.536
2023-05-15 02:00:00,8.182
2023-05-15 03:00:00,70.152
2023-05-15 04:00:00,251.874
2023-05-15 05:00:00,698.411
2023-05-15 06:00:00,1318.678
2023-05-15 07:00:00,1886.035
2023-05-15 08:00:00,2232.7709999999997
2023-05-15 09:00:00,2357.429
2023-05-15 10:00:00,2186.984
2023-05-15 11:00:00,2009.002
2023-05-15 12:00:00,1854.146
2023-05-15 13:00:00,1550.122
2023-05-15 14:00:00,984.754
2023-05-15 15:00:00,563.124
2023-05-15 16:00:00,286.89
2023-05-15 17:00:00,74.164
2023-05-15 18:00:00,9.852
2023-05-15 19:00:00,4.062
2023-05-15 20:00:00,0.995
2023-05-15 21:00:00,0.688
2023-05-15 22:00:00,0.886
2023-05-15 23:00:00,0.905
2023-05-16 00:00:00,0.606
2023-05-16 01:00:00,0.633
2023-05-16 02:00:00,0.4589999999999999
2023-05-16 03:00:00,4.389
2023-05-16 04:00:00,60.251000000000005
2023-05-16 05:00:00,84.48599999999999
2023-05-16 06:00:00,42.34
2023-05-16 07:00:00,153.471
2023-05-16 08:00:00,203.216
2023-05-16 09:00:00,182.534
2023-05-16 10:00:00,361.6
2023-05-16 11:00:00,541.673
2023-05-16 12:00:00,520.17
2023-05-16 13:00:00,844.74
2023-05-16 14:00:00,728.586
2023-05-16 15:00:00,413.846
2023-05-16 16:00:00,200.913
2023-05-16 17:00:00,59.554
2023-05-16 18:00:00,8.825
2023-05-16 19:00:00,1.955
2023-05-16 20:00:00,1.377
2023-05-16 21:00:00,1.309
2023-05-16 22:00:00,0.919
2023-05-16 23:00:00,1.072
2023-05-17 00:00:00,0.849
2023-05-17 01:00:00,1.3199999999999998
2023-05-17 02:00:00,6.002000000000001
2023-05-17 03:00:00,69.342
2023-05-17 04:00:00,253.33
2023-05-17 05:00:00,612.0319999999999
2023-05-17 06:00:00,743.428
2023-05-17 07:00:00,908.987
2023-05-17 08:00:00,631.2239999999999
2023-05-17 09:00:00,737.922
2023-05-17 10:00:00,1098.77
2023-05-17 11:00:00,890.147
2023-05-17 12:00:00,805.269
2023-05-17 13:00:00,999.192
2023-05-17 14:00:00,1000.537
2023-05-17 15:00:00,703.027
2023-05-17 16:00:00,301.525
2023-05-17 17:00:00,77.081
2023-05-17 18:00:00,11.23
2023-05-17 19:00:00,3.911
2023-05-17 20:00:00,1.259
2023-05-17 21:00:00,1.56
2023-05-17 22:00:00,0.977
2023-05-17 23:00:00,0.737
2023-05-18 00:00:00,1.254
2023-05-18 01:00:00,1.521
2023-05-18 02:00:00,10.782
2023-05-18 03:00:00,68.709
2023-05-18 04:00:00,258.794
2023-05-18 05:00:00,740.873
2023-05-18 06:00:00,1398.6660000000002
2023-05-18 07:00:00,1921.889
2023-05-18 08:00:00,2286.611
2023-05-18 09:00:00,2450.647
2023-05-18 10:00:00,2500.082
2023-05-18 11:00:00,2441.51
2023-05-18 12:00:00,2295.544
2023-05-18 13:00:00,1993.751
2023-05-18 14:00:00,1491.8760000000002
2023-05-18 15:00:00,818.17
2023-05-18 16:00:00,299.885
2023-05-18 17:00:00,72.344
2023-05-18 18:00:00,14.2
2023-05-18 19:00:00,1.901
2023-05-18 20:00:00,1.088
2023-05-18 21:00:00,1.064
2023-05-18 22:00:00,1.063
2023-05-18 23:00:00,1.332
2023-05-19 00:00:00,1.157
2023-05-19 01:00:00,1.01
2023-05-19 02:00:00,12.39
2023-05-19 03:00:00,74.484
2023-05-19 04:00:00,256.499
2023-05-19 05:00:00,740.3140000000001
2023-05-19 06:00:00,1396.462
2023-05-19 07:00:00,1959.098
2023-05-19 08:00:00,2314.72
2023-05-19 09:00:00,2473.345
2023-05-19 10:00:00,2514.598
2023-05-19 11:00:00,2447.764
2023-05-19 12:00:00,2308.461
2023-05-19 13:00:00,1964.635
2023-05-19 14:00:00,1438.233
2023-05-19 15:00:00,797.332
2023-05-19 16:00:00,296.966
2023-05-19 17:00:00,85.328
2023-05-19 18:00:00,15.155
2023-05-19 19:00:00,4.914
2023-05-19 20:00:00,1.774
2023-05-19 21:00:00,2.526
2023-05-19 22:00:00,0.887
2023-05-19 23:00:00,0.367
2023-05-20 00:00:00,0.98
2023-05-20 01:00:00,0.415
2023-05-20 02:00:00,12.389
2023-05-20 03:00:00,77.22200000000001
2023-05-20 04:00:00,266.169
2023-05-20 05:00:00,723.7810000000001
2023-05-20 06:00:00,1341.711
2023-05-20 07:00:00,1877.286
2023-05-20 08:00:00,2226.941
2023-05-20 09:00:00,2360.728
2023-05-20 10:00:00,2378.837
2023-05-20 11:00:00,2300.164
2023-05-20 12:00:00,2152.844
2023-05-20 13:00:00,1853.59
2023-05-20 14:00:00,1338.07
2023-05-20 15:00:00,768.399
2023-05-20 16:00:00,291.944
2023-05-20 17:00:00,79.908
2023-05-20 18:00:00,14.98
2023-05-20 19:00:00,5.24
2023-05-20 20:00:00,1.669
2023-05-20 21:00:00,1.149
2023-05-20 22:00:00,1.389
2023-05-20 23:00:00,1.74
2023-05-21 00:00:00,0.647
2023-05-21 01:00:00,0.984
2023-05-21 02:00:00,10.765
2023-05-21 03:00:00,74.47500000000001
2023-05-21 04:00:00,267.412
2023-05-21 05:00:00,723.373
2023-05-21 06:00:00,1315.994
2023-05-21 07:00:00,1825.128
2023-05-21 08:00:00,2154.715
2023-05-21 09:00:00,2325.282
2023-05-21 10:00:00,2398.3630000000003
2023-05-21 11:00:00,2333.888
2023-05-21 12:00:00,2157.667
2023-05-21 13:00:00,1835.214
2023-05-21 14:00:00,1341.982
2023-05-21 15:00:00,724.2
2023-05-21 16:00:00,287.778
2023-05-21 17:00:00,82.547
2023-05-21 18:00:00,14.284
2023-05-21 19:00:00,1.176
2023-05-21 20:00:00,0.984
2023-05-21 21:00:00,0.913
2023-05-21 22:00:00,1.115
2023-05-21 23:00:00,0.539
2023-05-22 00:00:00,0.715
2023-05-22 01:00:00,0.806
2023-05-22 02:00:00,21.27
2023-05-22 03:00:00,124.418
2023-05-22 04:00:00,293.695
2023-05-22 05:00:00,735.495
2023-05-22 06:00:00,1237.423
2023-05-22 07:00:00,1785.891
2023-05-22 08:00:00,2063.673
2023-05-22 09:00:00,2207.78
2023-05-22 10:00:00,2259.028
2023-05-22 11:00:00,2181.685
2023-05-22 12:00:00,2068.52
2023-05-22 13:00:00,1708.643
2023-05-22 14:00:00,1268.357
2023-05-22 15:00:00,720.5279999999999
2023-05-22 16:00:00,244.902
2023-05-22 17:00:00,79.255
2023-05-22 18:00:00,13.153
2023-05-22 19:00:00,2.779
2023-05-22 20:00:00,0.637
2023-05-22 21:00:00,0.7070000000000001
2023-05-22 22:00:00,0.744
2023-05-22 23:00:00,0.7050000000000001
2023-05-23 00:00:00,0.507
2023-05-23 01:00:00,1.128
2023-05-23 02:00:00,24.568
2023-05-23 03:00:00,95.285
2023-05-23 04:00:00,262.127
2023-05-23 05:00:00,723.566
2023-05-23 06:00:00,1334.261
2023-05-23 07:00:00,1881.767
2023-05-23 08:00:00,2263.183
2023-05-23 09:00:00,2401.859
2023-05-23 10:00:00,2438.656
2023-05-23 11:00:00,2415.386
2023-05-23 12:00:00,2257.759
2023-05-23 13:00:00,1851.164
2023-05-23 14:00:00,1383.919
2023-05-23 15:00:00,779.265
2023-05-23 16:00:00,276.967
2023-05-23 17:00:00,84.828
2023-05-23 18:00:00,15.84
2023-05-23 19:00:00,1.597
2023-05-23 20:00:00,0.7060000000000001
2023-05-23 21:00:00,0.628
2023-05-23 22:00:00,0.893
2023-05-23 23:00:00,1.114
2023-05-24 00:00:00,0.869
2023-05-24 01:00:00,0.617
2023-05-24 02:00:00,18.384
2023-05-24 03:00:00,94.227
2023-05-24 04:00:00,273.68100000000004
2023-05-24 05:00:00,704.695
2023-05-24 06:00:00,1312.632
2023-05-24 07:00:00,1852.946
2023-05-24 08:00:00,2208.744
2023-05-24 09:00:00,2321.747
2023-05-24 10:00:00,2355.234
2023-05-24 11:00:00,2322.723
2023-05-24 12:00:00,2141.263
2023-05-24 13:00:00,1780.271
2023-05-24 14:00:00,1306.775
2023-05-24 15:00:00,766.783
2023-05-24 16:00:00,304.047
2023-05-24 17:00:00,89.263
2023-05-24 18:00:00,16.285999999999998
2023-05-24 19:00:00,2.552
2023-05-24 20:00:00,1.932
2023-05-24 21:00:00,1.124
2023-05-24 22:00:00,0.638
2023-05-24 23:00:00,0.8059999999999999
2023-05-25 00:00:00,1.163
2023-05-25 01:00:00,1.369
2023-05-25 02:00:00,17.509999999999998
2023-05-25 03:00:00,96.668
2023-05-25 04:00:00,291.252
2023-05-25 05:00:00,347.724
2023-05-25 06:00:00,547.9499999999999
2023-05-25 07:00:00,800.9749999999999
2023-05-25 08:00:00,885.857
2023-05-25 09:00:00,638.376
2023-05-25 10:00:00,1224.566
2023-05-25 11:00:00,1952.647
2023-05-25 12:00:00,2035.633
2023-05-25 13:00:00,1673.395
2023-05-25 14:00:00,1288.563
2023-05-25 15:00:00,783.971
2023-05-25 16:00:00,317.129
2023-05-25 17:00:00,98.829
2023-05-25 18:00:00,10.947
2023-05-25 19:00:00,1.841
2023-05-25 20:00:00,1.261
2023-05-25 21:00:00,1.1700000000000002
2023-05-25 22:00:00,1.329
2023-05-25 23:00:00,1.465
2023-05-26 00:00:00,0.96
2023-05-26 01:00:00,1.306
2023-05-26 02:00:00,18.792
2023-05-26 03:00:00,99.905
2023-05-26 04:00:00,290.472
2023-05-26 05:00:00,703.201
2023-05-26 06:00:00,1206.974
2023-05-26 07:00:00,1684.975
2023-05-26 08:00:00,2129.431
2023-05-26 09:00:00,2242.16
2023-05-26 10:00:00,2304.742
2023-05-26 11:00:00,2262.816
2023-05-26 12:00:00,2279.287
2023-05-26 13:00:00,1919.189
2023-05-26 14:00:00,1351.626
2023-05-26 15:00:00,775.266
2023-05-26 16:00:00,339.141
2023-05-26 17:00:00,113.741
2023-05-26 18:00:00,21.268
2023-05-26 19:00:00,3.896
2023-05-26 20:00:00,1.183
2023-05-26 21:00:00,1.534
2023-05-26 22:00:00,1.39
2023-05-26 23:00:00,0.918
2023-05-27 00:00:00,0.794
2023-05-27 01:00:00,1.427
2023-05-27 02:00:00,22.637
2023-05-27 03:00:00,107.267
2023-05-27 04:00:00,308.817
2023-05-27 05:00:00,753.743
2023-05-27 06:00:00,1351.677
2023-05-27 07:00:00,1871.838
2023-05-27 08:00:00,1933.291
2023-05-27 09:00:00,2209.305
2023-05-27 10:00:00,2309.355
2023-05-27 11:00:00,2263.882
2023-05-27 12:00:00,2142.723
2023-05-27 13:00:00,1806.779
2023-05-27 14:00:00,1312.739
2023-05-27 15:00:00,743.878
2023-05-27 16:00:00,324.448
2023-05-27 17:00:00,98.693
2023-05-27 18:00:00,20.270999999999997
2023-05-27 19:00:00,3.644
2023-05-27 20:00:00,1.683
2023-05-27 21:00:00,1.811
2023-05-27 22:00:00,0.699
2023-05-27 23:00:00,0.725
2023-05-28 00:00:00,0.632
2023-05-28 01:00:00,0.763
2023-05-28 02:00:00,20.54
2023-05-28 03:00:00,95.819
2023-05-28 04:00:00,296.127
2023-05-28 05:00:00,753.8009999999999
2023-05-28 06:00:00,1326.7
2023-05-28 07:00:00,1842.705
2023-05-28 08:00:00,2139.7329999999997
2023-05-28 09:00:00,2295.611
2023-05-28 10:00:00,2054.508
2023-05-28 11:00:00,1414.402
2023-05-28 12:00:00,2018.88
2023-05-28 13:00:00,1761.585
2023-05-28 14:00:00,1073.155
2023-05-28 15:00:00,562.724
2023-05-28 16:00:00,262.233
2023-05-28 17:00:00,125.038
2023-05-28 18:00:00,21.485999999999997
2023-05-28 19:00:00,3.57
2023-05-28 20:00:00,0.8240000000000001
2023-05-28 21:00:00,1.234
2023-05-28 22:00:00,1.02
2023-05-28 23:00:00,0.596
2023-05-29 00:00:00,0.95
2023-05-29 01:00:00,0.998
2023-05-29 02:00:00,31.902
2023-05-29 03:00:00,149.335
2023-05-29 04:00:00,318.903
2023-05-29 05:00:00,607.064
2023-05-29 06:00:00,1274.78
2023-05-29 07:00:00,1927.052
2023-05-29 08:00:00,2126.998
2023-05-29 09:00:00,2230.052
2023-05-29 10:00:00,1949.722
2023-05-29 11:00:00,1712.9589999999998
2023-05-29 12:00:00,1482.096
2023-05-29 13:00:00,1639.592
2023-05-29 14:00:00,1420.69
2023-05-29 15:00:00,834.907
2023-05-29 16:00:00,354.952
2023-05-29 17:00:00,117.569
2023-05-29 18:00:00,19.6
2023-05-29 19:00:00,2.131
2023-05-29 20:00:00,3.599
2023-05-29 21:00:00,1.082
2023-05-29 22:00:00,0.938
2023-05-29 23:00:00,1.008
2023-05-30 00:00:00,0.885
2023-05-30 01:00:00,0.771
2023-05-30 02:00:00,5.668
2023-05-30 03:00:00,78.75
2023-05-30 04:00:00,282.34499999999997
2023-05-30 05:00:00,734.23
2023-05-30 06:00:00,1329.596
2023-05-30 07:00:00,1786.468
2023-05-30 08:00:00,2104.8990000000003
2023-05-30 09:00:00,2317.963
2023-05-30 10:00:00,2405.9880000000003
2023-05-30 11:00:00,2375.521
2023-05-30 12:00:00,2278.09
2023-05-30 13:00:00,2030.7
2023-05-30 14:00:00,1517.573
2023-05-30 15:00:00,859.596
2023-05-30 16:00:00,333.88599999999997
2023-05-30 17:00:00,95.971
2023-05-30 18:00:00,22.221
2023-05-30 19:00:00,4.598000000000001
2023-05-30 20:00:00,0.792
2023-05-30 21:00:00,1.0950000000000002
2023-05-30 22:00:00,0.763
2023-05-30 23:00:00,0.733
2023-05-31 00:00:00,0.8360000000000001
2023-05-31 01:00:00,0.893
2023-05-31 02:00:00,18.498
2023-05-31 03:00:00,99.413
2023-05-31 04:00:00,286.42
2023-05-31 05:00:00,706.88
2023-05-31 06:00:00,1299.215
2023-05-31 07:00:00,1850.34
2023-05-31 08:00:00,2048.969
2023-05-31 09:00:00,1944.578
2023-05-31 10:00:00,2240.578
2023-05-31 11:00:00,2190.817
2023-05-31 12:00:00,2010.217
2023-05-31 13:00:00,1675.889
2023-05-31 14:00:00,1225.983
2023-05-31 15:00:00,701.851
2023-05-31 16:00:00,327.97
2023-05-31 17:00:00,119.716
2023-05-31 18:00:00,22.130000000000003
2023-05-31 19:00:00,2.734
2023-05-31 20:00:00,2.895
